run_id,eval_id,experiment_alias,stage,seed,fold,checkpoint_sha256,epoch,split,dataset,group_id,frame_id,aggregation_level,metric,value,unit,input_hw,evaluation_hw,spacing,mode,layer_threshold,vessel_threshold,valid_mask_definition,postprocess_version,metric_version,n_frames_total,n_frames_evaluated,n_groups_valid,source_file,source_row_or_key,status,missing_reason
current-f0-stage2_segment_roi_outside_fold0,current-f0-stage2_segment_roi_outside_fold0-history-val,E3b,segment,42,0,b85ea0c87d7d49a446b1d3ff5a513a21433654b1d9098b91f83cca4edd220495,52,val,PKU37,,,group_macro_training_scale,d2s_disabled_vessel_soft_dice,0.6100537187036138,ratio,512x512,512x512,1 px (physical spacing unverified),raw,0.5,0.5,spatial valid AND annotation-valid where available,none,sabids-evaluator-v0-20260828,141.0,141.0,3.0,runs/current/stage2_segment_roi_outside_fold0/history.csv,epoch=52;column=val_d2s_disabled_vessel_soft_dice,metadata_verified,
current-f0-stage2_segment_roi_outside_fold0,current-f0-stage2_segment_roi_outside_fold0-history-val,E3b,segment,42,0,b85ea0c87d7d49a446b1d3ff5a513a21433654b1d9098b91f83cca4edd220495,52,val,PKU37,,,group_macro_training_scale,d2s_vessel_probability_mean_abs_change,0.0170326681212499,ratio,512x512,512x512,1 px (physical spacing unverified),raw,0.5,0.5,spatial valid AND annotation-valid where available,none,sabids-evaluator-v0-20260828,141.0,141.0,3.0,runs/current/stage2_segment_roi_outside_fold0/history.csv,epoch=52;column=val_d2s_vessel_probability_mean_abs_change,metadata_verified,
current-f0-stage2_segment_roi_outside_fold0,current-f0-stage2_segment_roi_outside_fold0-history-val,E3b,segment,42,0,b85ea0c87d7d49a446b1d3ff5a513a21433654b1d9098b91f83cca4edd220495,52,val,PKU37,,,group_macro_training_scale,empty_baseline_vessel_dice,7.225767158984167e-11,ratio,512x512,512x512,1 px (physical spacing unverified),raw,0.5,0.5,spatial valid AND annotation-valid where available,none,sabids-evaluator-v0-20260828,141.0,141.0,3.0,runs/current/stage2_segment_roi_outside_fold0/history.csv,epoch=52;column=val_empty_baseline_vessel_dice,metadata_verified,
current-f0-stage2_segment_roi_outside_fold0,current-f0-stage2_segment_roi_outside_fold0-history-val,E3b,segment,42,0,b85ea0c87d7d49a446b1d3ff5a513a21433654b1d9098b91f83cca4edd220495,52,val,PKU37,,,group_macro_training_scale,gt_vessel_outside_pred_layer_fraction,0.0149207877545646,ratio,512x512,512x512,1 px (physical spacing unverified),raw,0.5,0.5,spatial valid AND annotation-valid where available,none,sabids-evaluator-v0-20260828,141.0,141.0,3.0,runs/current/stage2_segment_roi_outside_fold0/history.csv,epoch=52;column=val_gt_vessel_outside_pred_layer_fraction,metadata_verified,
current-f0-stage2_segment_roi_outside_fold0,current-f0-stage2_segment_roi_outside_fold0-history-val,E3b,segment,42,0,b85ea0c87d7d49a446b1d3ff5a513a21433654b1d9098b91f83cca4edd220495,52,val,PKU37,,,group_macro_training_scale,gt_vessel_outside_pred_layer_pixels,205.6370731707317,px,512x512,512x512,1 px (physical spacing unverified),raw,0.5,0.5,spatial valid AND annotation-valid where available,none,sabids-evaluator-v0-20260828,141.0,141.0,3.0,runs/current/stage2_segment_roi_outside_fold0/history.csv,epoch=52;column=val_gt_vessel_outside_pred_layer_pixels,metadata_verified,
current-f0-stage2_segment_roi_outside_fold0,current-f0-stage2_segment_roi_outside_fold0-history-val,E3b,segment,42,0,b85ea0c87d7d49a446b1d3ff5a513a21433654b1d9098b91f83cca4edd220495,52,val,PKU37,,,group_macro_training_scale,layer_dice,0.9436511573083154,ratio,512x512,512x512,1 px (physical spacing unverified),raw,0.5,0.5,spatial valid AND annotation-valid where available,none,sabids-evaluator-v0-20260828,141.0,141.0,3.0,runs/current/stage2_segment_roi_outside_fold0/history.csv,epoch=52;column=val_layer_dice,metadata_verified,
current-f0-stage2_segment_roi_outside_fold0,current-f0-stage2_segment_roi_outside_fold0-history-val,E3b,segment,42,0,b85ea0c87d7d49a446b1d3ff5a513a21433654b1d9098b91f83cca4edd220495,52,val,PKU37,,,group_macro_training_scale,layer_precision,0.9414448178323962,ratio,512x512,512x512,1 px (physical spacing unverified),raw,0.5,0.5,spatial valid AND annotation-valid where available,none,sabids-evaluator-v0-20260828,141.0,141.0,3.0,runs/current/stage2_segment_roi_outside_fold0/history.csv,epoch=52;column=val_layer_precision,metadata_verified,
current-f0-stage2_segment_roi_outside_fold0,current-f0-stage2_segment_roi_outside_fold0-history-val,E3b,segment,42,0,b85ea0c87d7d49a446b1d3ff5a513a21433654b1d9098b91f83cca4edd220495,52,val,PKU37,,,group_macro_training_scale,layer_recall,0.947692667069597,ratio,512x512,512x512,1 px (physical spacing unverified),raw,0.5,0.5,spatial valid AND annotation-valid where available,none,sabids-evaluator-v0-20260828,141.0,141.0,3.0,runs/current/stage2_segment_roi_outside_fold0/history.csv,epoch=52;column=val_layer_recall,metadata_verified,
current-f0-stage2_segment_roi_outside_fold0,current-f0-stage2_segment_roi_outside_fold0-history-val,E3b,segment,42,0,b85ea0c87d7d49a446b1d3ff5a513a21433654b1d9098b91f83cca4edd220495,52,val,PKU37,,,group_macro_training_scale,layer_soft_dice,0.9321011892487124,ratio,512x512,512x512,1 px (physical spacing unverified),raw,0.5,0.5,spatial valid AND annotation-valid where available,none,sabids-evaluator-v0-20260828,141.0,141.0,3.0,runs/current/stage2_segment_roi_outside_fold0/history.csv,epoch=52;column=val_layer_soft_dice,metadata_verified,
current-f0-stage2_segment_roi_outside_fold0,current-f0-stage2_segment_roi_outside_fold0-history-val,E3b,segment,42,0,b85ea0c87d7d49a446b1d3ff5a513a21433654b1d9098b91f83cca4edd220495,52,val,PKU37,,,group_macro_training_scale,pred_layer_vessel_dice,0.5854856876650053,ratio,512x512,512x512,1 px (physical spacing unverified),raw,0.5,0.5,spatial valid AND annotation-valid where available,none,sabids-evaluator-v0-20260828,141.0,141.0,3.0,runs/current/stage2_segment_roi_outside_fold0/history.csv,epoch=52;column=val_pred_layer_vessel_dice,metadata_verified,
current-f0-stage2_segment_roi_outside_fold0,current-f0-stage2_segment_roi_outside_fold0-history-val,E3b,segment,42,0,b85ea0c87d7d49a446b1d3ff5a513a21433654b1d9098b91f83cca4edd220495,52,val,PKU37,,,group_macro_training_scale,psnr,34.32020627393633,dB,512x512,512x512,1 px (physical spacing unverified),raw,0.5,0.5,spatial valid AND annotation-valid where available,none,sabids-evaluator-v0-20260828,141.0,141.0,3.0,runs/current/stage2_segment_roi_outside_fold0/history.csv,epoch=52;column=val_psnr,metadata_verified,
current-f0-stage2_segment_roi_outside_fold0,current-f0-stage2_segment_roi_outside_fold0-history-val,E3b,segment,42,0,b85ea0c87d7d49a446b1d3ff5a513a21433654b1d9098b91f83cca4edd220495,52,val,PKU37,,,group_macro_training_scale,vessel_accuracy,0.9715818935488412,ratio,512x512,512x512,1 px (physical spacing unverified),raw,0.5,0.5,spatial valid AND annotation-valid where available,none,sabids-evaluator-v0-20260828,141.0,141.0,3.0,runs/current/stage2_segment_roi_outside_fold0/history.csv,epoch=52;column=val_vessel_accuracy,metadata_verified,
current-f0-stage2_segment_roi_outside_fold0,current-f0-stage2_segment_roi_outside_fold0-history-val,E3b,segment,42,0,b85ea0c87d7d49a446b1d3ff5a513a21433654b1d9098b91f83cca4edd220495,52,val,PKU37,,,group_macro_training_scale,vessel_area_fraction_mae,0.0296711727201502,px,512x512,512x512,1 px (physical spacing unverified),raw,0.5,0.5,spatial valid AND annotation-valid where available,none,sabids-evaluator-v0-20260828,141.0,141.0,3.0,runs/current/stage2_segment_roi_outside_fold0/history.csv,epoch=52;column=val_vessel_area_fraction_mae,metadata_verified,
current-f0-stage2_segment_roi_outside_fold0,current-f0-stage2_segment_roi_outside_fold0-history-val,E3b,segment,42,0,b85ea0c87d7d49a446b1d3ff5a513a21433654b1d9098b91f83cca4edd220495,52,val,PKU37,,,group_macro_training_scale,vessel_area_fraction_pred,0.4272556210216192,ratio,512x512,512x512,1 px (physical spacing unverified),raw,0.5,0.5,spatial valid AND annotation-valid where available,none,sabids-evaluator-v0-20260828,141.0,141.0,3.0,runs/current/stage2_segment_roi_outside_fold0/history.csv,epoch=52;column=val_vessel_area_fraction_pred,metadata_verified,
current-f0-stage2_segment_roi_outside_fold0,current-f0-stage2_segment_roi_outside_fold0-history-val,E3b,segment,42,0,b85ea0c87d7d49a446b1d3ff5a513a21433654b1d9098b91f83cca4edd220495,52,val,PKU37,,,group_macro_training_scale,vessel_area_fraction_true,0.4086859061871113,ratio,512x512,512x512,1 px (physical spacing unverified),raw,0.5,0.5,spatial valid AND annotation-valid where available,none,sabids-evaluator-v0-20260828,141.0,141.0,3.0,runs/current/stage2_segment_roi_outside_fold0/history.csv,epoch=52;column=val_vessel_area_fraction_true,metadata_verified,
current-f0-stage2_segment_roi_outside_fold0,current-f0-stage2_segment_roi_outside_fold0-history-val,E3b,segment,42,0,b85ea0c87d7d49a446b1d3ff5a513a21433654b1d9098b91f83cca4edd220495,52,val,PKU37,,,group_macro_training_scale,vessel_background_iou,0.9703746192468042,ratio,512x512,512x512,1 px (physical spacing unverified),raw,0.5,0.5,spatial valid AND annotation-valid where available,none,sabids-evaluator-v0-20260828,141.0,141.0,3.0,runs/current/stage2_segment_roi_outside_fold0/history.csv,epoch=52;column=val_vessel_background_iou,metadata_verified,
current-f0-stage2_segment_roi_outside_fold0,current-f0-stage2_segment_roi_outside_fold0-history-val,E3b,segment,42,0,b85ea0c87d7d49a446b1d3ff5a513a21433654b1d9098b91f83cca4edd220495,52,val,PKU37,,,group_macro_training_scale,vessel_boundary_band_accuracy,0.6675115563575652,ratio,512x512,512x512,1 px (physical spacing unverified),raw,0.5,0.5,spatial valid AND annotation-valid where available,none,sabids-evaluator-v0-20260828,141.0,141.0,3.0,runs/current/stage2_segment_roi_outside_fold0/history.csv,epoch=52;column=val_vessel_boundary_band_accuracy,metadata_verified,
current-f0-stage2_segment_roi_outside_fold0,current-f0-stage2_segment_roi_outside_fold0-history-val,E3b,segment,42,0,b85ea0c87d7d49a446b1d3ff5a513a21433654b1d9098b91f83cca4edd220495,52,val,PKU37,,,group_macro_training_scale,vessel_boundary_band_background_iou,0.4868111613157794,ratio,512x512,512x512,1 px (physical spacing unverified),raw,0.5,0.5,spatial valid AND annotation-valid where available,none,sabids-evaluator-v0-20260828,141.0,141.0,3.0,runs/current/stage2_segment_roi_outside_fold0/history.csv,epoch=52;column=val_vessel_boundary_band_background_iou,metadata_verified,
current-f0-stage2_segment_roi_outside_fold0,current-f0-stage2_segment_roi_outside_fold0-history-val,E3b,segment,42,0,b85ea0c87d7d49a446b1d3ff5a513a21433654b1d9098b91f83cca4edd220495,52,val,PKU37,,,group_macro_training_scale,vessel_boundary_band_dice,0.6788836616974924,ratio,512x512,512x512,1 px (physical spacing unverified),raw,0.5,0.5,spatial valid AND annotation-valid where available,none,sabids-evaluator-v0-20260828,141.0,141.0,3.0,runs/current/stage2_segment_roi_outside_fold0/history.csv,epoch=52;column=val_vessel_boundary_band_dice,metadata_verified,
current-f0-stage2_segment_roi_outside_fold0,current-f0-stage2_segment_roi_outside_fold0-history-val,E3b,segment,42,0,b85ea0c87d7d49a446b1d3ff5a513a21433654b1d9098b91f83cca4edd220495,52,val,PKU37,,,group_macro_training_scale,vessel_boundary_band_fn_pixels,2735.1873170731706,px,512x512,512x512,1 px (physical spacing unverified),raw,0.5,0.5,spatial valid AND annotation-valid where available,none,sabids-evaluator-v0-20260828,141.0,141.0,3.0,runs/current/stage2_segment_roi_outside_fold0/history.csv,epoch=52;column=val_vessel_boundary_band_fn_pixels,metadata_verified,
current-f0-stage2_segment_roi_outside_fold0,current-f0-stage2_segment_roi_outside_fold0-history-val,E3b,segment,42,0,b85ea0c87d7d49a446b1d3ff5a513a21433654b1d9098b91f83cca4edd220495,52,val,PKU37,,,group_macro_training_scale,vessel_boundary_band_fp_pixels,2638.378861788618,px,512x512,512x512,1 px (physical spacing unverified),raw,0.5,0.5,spatial valid AND annotation-valid where available,none,sabids-evaluator-v0-20260828,141.0,141.0,3.0,runs/current/stage2_segment_roi_outside_fold0/history.csv,epoch=52;column=val_vessel_boundary_band_fp_pixels,metadata_verified,
current-f0-stage2_segment_roi_outside_fold0,current-f0-stage2_segment_roi_outside_fold0-history-val,E3b,segment,42,0,b85ea0c87d7d49a446b1d3ff5a513a21433654b1d9098b91f83cca4edd220495,52,val,PKU37,,,group_macro_training_scale,vessel_boundary_band_iou,0.5141333146107437,ratio,512x512,512x512,1 px (physical spacing unverified),raw,0.5,0.5,spatial valid AND annotation-valid where available,none,sabids-evaluator-v0-20260828,141.0,141.0,3.0,runs/current/stage2_segment_roi_outside_fold0/history.csv,epoch=52;column=val_vessel_boundary_band_iou,metadata_verified,
current-f0-stage2_segment_roi_outside_fold0,current-f0-stage2_segment_roi_outside_fold0-history-val,E3b,segment,42,0,b85ea0c87d7d49a446b1d3ff5a513a21433654b1d9098b91f83cca4edd220495,52,val,PKU37,,,group_macro_training_scale,vessel_boundary_band_miou,0.5004722379632617,ratio,512x512,512x512,1 px (physical spacing unverified),raw,0.5,0.5,spatial valid AND annotation-valid where available,none,sabids-evaluator-v0-20260828,141.0,141.0,3.0,runs/current/stage2_segment_roi_outside_fold0/history.csv,epoch=52;column=val_vessel_boundary_band_miou,metadata_verified,
current-f0-stage2_segment_roi_outside_fold0,current-f0-stage2_segment_roi_outside_fold0-history-val,E3b,segment,42,0,b85ea0c87d7d49a446b1d3ff5a513a21433654b1d9098b91f83cca4edd220495,52,val,PKU37,,,group_macro_training_scale,vessel_boundary_band_precision,0.6873023174689411,ratio,512x512,512x512,1 px (physical spacing unverified),raw,0.5,0.5,spatial valid AND annotation-valid where available,none,sabids-evaluator-v0-20260828,141.0,141.0,3.0,runs/current/stage2_segment_roi_outside_fold0/history.csv,epoch=52;column=val_vessel_boundary_band_precision,metadata_verified,
current-f0-stage2_segment_roi_outside_fold0,current-f0-stage2_segment_roi_outside_fold0-history-val,E3b,segment,42,0,b85ea0c87d7d49a446b1d3ff5a513a21433654b1d9098b91f83cca4edd220495,52,val,PKU37,,,group_macro_training_scale,vessel_boundary_band_recall,0.6744883077959475,ratio,512x512,512x512,1 px (physical spacing unverified),raw,0.5,0.5,spatial valid AND annotation-valid where available,none,sabids-evaluator-v0-20260828,141.0,141.0,3.0,runs/current/stage2_segment_roi_outside_fold0/history.csv,epoch=52;column=val_vessel_boundary_band_recall,metadata_verified,
current-f0-stage2_segment_roi_outside_fold0,current-f0-stage2_segment_roi_outside_fold0-history-val,E3b,segment,42,0,b85ea0c87d7d49a446b1d3ff5a513a21433654b1d9098b91f83cca4edd220495,52,val,PKU37,,,group_macro_training_scale,vessel_boundary_band_specificity,0.6612303503727796,ratio,512x512,512x512,1 px (physical spacing unverified),raw,0.5,0.5,spatial valid AND annotation-valid where available,none,sabids-evaluator-v0-20260828,141.0,141.0,3.0,runs/current/stage2_segment_roi_outside_fold0/history.csv,epoch=52;column=val_vessel_boundary_band_specificity,metadata_verified,
current-f0-stage2_segment_roi_outside_fold0,current-f0-stage2_segment_roi_outside_fold0-history-val,E3b,segment,42,0,b85ea0c87d7d49a446b1d3ff5a513a21433654b1d9098b91f83cca4edd220495,52,val,PKU37,,,group_macro_training_scale,vessel_dice,0.7427418458928288,ratio,512x512,512x512,1 px (physical spacing unverified),raw,0.5,0.5,spatial valid AND annotation-valid where available,none,sabids-evaluator-v0-20260828,141.0,141.0,3.0,runs/current/stage2_segment_roi_outside_fold0/history.csv,epoch=52;column=val_vessel_dice,metadata_verified,
current-f0-stage2_segment_roi_outside_fold0,current-f0-stage2_segment_roi_outside_fold0-history-val,E3b,segment,42,0,b85ea0c87d7d49a446b1d3ff5a513a21433654b1d9098b91f83cca4edd220495,52,val,PKU37,,,group_macro_training_scale,vessel_error_outside_gt_and_pred_layer_fraction,0.0328295276168161,ratio,512x512,512x512,1 px (physical spacing unverified),raw,0.5,0.5,spatial valid AND annotation-valid where available,none,sabids-evaluator-v0-20260828,141.0,141.0,3.0,runs/current/stage2_segment_roi_outside_fold0/history.csv,epoch=52;column=val_vessel_error_outside_gt_and_pred_layer_fraction,metadata_verified,
current-f0-stage2_segment_roi_outside_fold0,current-f0-stage2_segment_roi_outside_fold0-history-val,E3b,segment,42,0,b85ea0c87d7d49a446b1d3ff5a513a21433654b1d9098b91f83cca4edd220495,52,val,PKU37,,,group_macro_training_scale,vessel_error_outside_gt_and_pred_layer_pixels,488.3759349593497,px,512x512,512x512,1 px (physical spacing unverified),raw,0.5,0.5,spatial valid AND annotation-valid where available,none,sabids-evaluator-v0-20260828,141.0,141.0,3.0,runs/current/stage2_segment_roi_outside_fold0/history.csv,epoch=52;column=val_vessel_error_outside_gt_and_pred_layer_pixels,metadata_verified,
current-f0-stage2_segment_roi_outside_fold0,current-f0-stage2_segment_roi_outside_fold0-history-val,E3b,segment,42,0,b85ea0c87d7d49a446b1d3ff5a513a21433654b1d9098b91f83cca4edd220495,52,val,PKU37,,,group_macro_training_scale,vessel_error_outside_gt_inside_pred_layer_fraction,0.0044562781698602,ratio,512x512,512x512,1 px (physical spacing unverified),raw,0.5,0.5,spatial valid AND annotation-valid where available,none,sabids-evaluator-v0-20260828,141.0,141.0,3.0,runs/current/stage2_segment_roi_outside_fold0/history.csv,epoch=52;column=val_vessel_error_outside_gt_inside_pred_layer_fraction,metadata_verified,
current-f0-stage2_segment_roi_outside_fold0,current-f0-stage2_segment_roi_outside_fold0-history-val,E3b,segment,42,0,b85ea0c87d7d49a446b1d3ff5a513a21433654b1d9098b91f83cca4edd220495,52,val,PKU37,,,group_macro_training_scale,vessel_error_outside_gt_inside_pred_layer_pixels,70.51333333333334,px,512x512,512x512,1 px (physical spacing unverified),raw,0.5,0.5,spatial valid AND annotation-valid where available,none,sabids-evaluator-v0-20260828,141.0,141.0,3.0,runs/current/stage2_segment_roi_outside_fold0/history.csv,epoch=52;column=val_vessel_error_outside_gt_inside_pred_layer_pixels,metadata_verified,
current-f0-stage2_segment_roi_outside_fold0,current-f0-stage2_segment_roi_outside_fold0-history-val,E3b,segment,42,0,b85ea0c87d7d49a446b1d3ff5a513a21433654b1d9098b91f83cca4edd220495,52,val,PKU37,,,group_macro_training_scale,vessel_iou,0.5919055835587227,ratio,512x512,512x512,1 px (physical spacing unverified),raw,0.5,0.5,spatial valid AND annotation-valid where available,none,sabids-evaluator-v0-20260828,141.0,141.0,3.0,runs/current/stage2_segment_roi_outside_fold0/history.csv,epoch=52;column=val_vessel_iou,metadata_verified,
current-f0-stage2_segment_roi_outside_fold0,current-f0-stage2_segment_roi_outside_fold0-history-val,E3b,segment,42,0,b85ea0c87d7d49a446b1d3ff5a513a21433654b1d9098b91f83cca4edd220495,52,val,PKU37,,,group_macro_training_scale,vessel_miou,0.7811401014027634,ratio,512x512,512x512,1 px (physical spacing unverified),raw,0.5,0.5,spatial valid AND annotation-valid where available,none,sabids-evaluator-v0-20260828,141.0,141.0,3.0,runs/current/stage2_segment_roi_outside_fold0/history.csv,epoch=52;column=val_vessel_miou,metadata_verified,
current-f0-stage2_segment_roi_outside_fold0,current-f0-stage2_segment_roi_outside_fold0-history-val,E3b,segment,42,0,b85ea0c87d7d49a446b1d3ff5a513a21433654b1d9098b91f83cca4edd220495,52,val,PKU37,,,group_macro_training_scale,vessel_oracle_gt_layer_accuracy,0.9737138869123764,ratio,512x512,512x512,1 px (physical spacing unverified),raw,0.5,0.5,spatial valid AND annotation-valid where available,none,sabids-evaluator-v0-20260828,141.0,141.0,3.0,runs/current/stage2_segment_roi_outside_fold0/history.csv,epoch=52;column=val_vessel_oracle_gt_layer_accuracy,metadata_verified,
current-f0-stage2_segment_roi_outside_fold0,current-f0-stage2_segment_roi_outside_fold0-history-val,E3b,segment,42,0,b85ea0c87d7d49a446b1d3ff5a513a21433654b1d9098b91f83cca4edd220495,52,val,PKU37,,,group_macro_training_scale,vessel_oracle_gt_layer_background_iou,0.9725981992084788,ratio,512x512,512x512,1 px (physical spacing unverified),raw,0.5,0.5,spatial valid AND annotation-valid where available,none,sabids-evaluator-v0-20260828,141.0,141.0,3.0,runs/current/stage2_segment_roi_outside_fold0/history.csv,epoch=52;column=val_vessel_oracle_gt_layer_background_iou,metadata_verified,
current-f0-stage2_segment_roi_outside_fold0,current-f0-stage2_segment_roi_outside_fold0-history-val,E3b,segment,42,0,b85ea0c87d7d49a446b1d3ff5a513a21433654b1d9098b91f83cca4edd220495,52,val,PKU37,,,group_macro_training_scale,vessel_oracle_gt_layer_dice,0.757535752551056,ratio,512x512,512x512,1 px (physical spacing unverified),raw,0.5,0.5,spatial valid AND annotation-valid where available,none,sabids-evaluator-v0-20260828,141.0,141.0,3.0,runs/current/stage2_segment_roi_outside_fold0/history.csv,epoch=52;column=val_vessel_oracle_gt_layer_dice,metadata_verified,
current-f0-stage2_segment_roi_outside_fold0,current-f0-stage2_segment_roi_outside_fold0-history-val,E3b,segment,42,0,b85ea0c87d7d49a446b1d3ff5a513a21433654b1d9098b91f83cca4edd220495,52,val,PKU37,,,group_macro_training_scale,vessel_oracle_gt_layer_iou,0.6111196380355032,ratio,512x512,512x512,1 px (physical spacing unverified),raw,0.5,0.5,spatial valid AND annotation-valid where available,none,sabids-evaluator-v0-20260828,141.0,141.0,3.0,runs/current/stage2_segment_roi_outside_fold0/history.csv,epoch=52;column=val_vessel_oracle_gt_layer_iou,metadata_verified,
current-f0-stage2_segment_roi_outside_fold0,current-f0-stage2_segment_roi_outside_fold0-history-val,E3b,segment,42,0,b85ea0c87d7d49a446b1d3ff5a513a21433654b1d9098b91f83cca4edd220495,52,val,PKU37,,,group_macro_training_scale,vessel_oracle_gt_layer_miou,0.791858918621991,ratio,512x512,512x512,1 px (physical spacing unverified),raw,0.5,0.5,spatial valid AND annotation-valid where available,none,sabids-evaluator-v0-20260828,141.0,141.0,3.0,runs/current/stage2_segment_roi_outside_fold0/history.csv,epoch=52;column=val_vessel_oracle_gt_layer_miou,metadata_verified,
current-f0-stage2_segment_roi_outside_fold0,current-f0-stage2_segment_roi_outside_fold0-history-val,E3b,segment,42,0,b85ea0c87d7d49a446b1d3ff5a513a21433654b1d9098b91f83cca4edd220495,52,val,PKU37,,,group_macro_training_scale,vessel_oracle_gt_layer_precision,0.7442777147636267,ratio,512x512,512x512,1 px (physical spacing unverified),raw,0.5,0.5,spatial valid AND annotation-valid where available,none,sabids-evaluator-v0-20260828,141.0,141.0,3.0,runs/current/stage2_segment_roi_outside_fold0/history.csv,epoch=52;column=val_vessel_oracle_gt_layer_precision,metadata_verified,
current-f0-stage2_segment_roi_outside_fold0,current-f0-stage2_segment_roi_outside_fold0-history-val,E3b,segment,42,0,b85ea0c87d7d49a446b1d3ff5a513a21433654b1d9098b91f83cca4edd220495,52,val,PKU37,,,group_macro_training_scale,vessel_oracle_gt_layer_recall,0.7746025804617559,ratio,512x512,512x512,1 px (physical spacing unverified),raw,0.5,0.5,spatial valid AND annotation-valid where available,none,sabids-evaluator-v0-20260828,141.0,141.0,3.0,runs/current/stage2_segment_roi_outside_fold0/history.csv,epoch=52;column=val_vessel_oracle_gt_layer_recall,metadata_verified,
current-f0-stage2_segment_roi_outside_fold0,current-f0-stage2_segment_roi_outside_fold0-history-val,E3b,segment,42,0,b85ea0c87d7d49a446b1d3ff5a513a21433654b1d9098b91f83cca4edd220495,52,val,PKU37,,,group_macro_training_scale,vessel_oracle_gt_layer_specificity,0.9848457055419108,ratio,512x512,512x512,1 px (physical spacing unverified),raw,0.5,0.5,spatial valid AND annotation-valid where available,none,sabids-evaluator-v0-20260828,141.0,141.0,3.0,runs/current/stage2_segment_roi_outside_fold0/history.csv,epoch=52;column=val_vessel_oracle_gt_layer_specificity,metadata_verified,
current-f0-stage2_segment_roi_outside_fold0,current-f0-stage2_segment_roi_outside_fold0-history-val,E3b,segment,42,0,b85ea0c87d7d49a446b1d3ff5a513a21433654b1d9098b91f83cca4edd220495,52,val,PKU37,,,group_macro_training_scale,vessel_outside_gt_layer_fraction,0.0372858057866764,ratio,512x512,512x512,1 px (physical spacing unverified),raw,0.5,0.5,spatial valid AND annotation-valid where available,none,sabids-evaluator-v0-20260828,141.0,141.0,3.0,runs/current/stage2_segment_roi_outside_fold0/history.csv,epoch=52;column=val_vessel_outside_gt_layer_fraction,metadata_verified,
current-f0-stage2_segment_roi_outside_fold0,current-f0-stage2_segment_roi_outside_fold0-history-val,E3b,segment,42,0,b85ea0c87d7d49a446b1d3ff5a513a21433654b1d9098b91f83cca4edd220495,52,val,PKU37,,,group_macro_training_scale,vessel_precision,0.7159511179596386,ratio,512x512,512x512,1 px (physical spacing unverified),raw,0.5,0.5,spatial valid AND annotation-valid where available,none,sabids-evaluator-v0-20260828,141.0,141.0,3.0,runs/current/stage2_segment_roi_outside_fold0/history.csv,epoch=52;column=val_vessel_precision,metadata_verified,
current-f0-stage2_segment_roi_outside_fold0,current-f0-stage2_segment_roi_outside_fold0-history-val,E3b,segment,42,0,b85ea0c87d7d49a446b1d3ff5a513a21433654b1d9098b91f83cca4edd220495,52,val,PKU37,,,group_macro_training_scale,vessel_pred_layer_soft_gate_accuracy,0.9732685213167545,ratio,512x512,512x512,1 px (physical spacing unverified),raw,0.5,0.5,spatial valid AND annotation-valid where available,none,sabids-evaluator-v0-20260828,141.0,141.0,3.0,runs/current/stage2_segment_roi_outside_fold0/history.csv,epoch=52;column=val_vessel_pred_layer_soft_gate_accuracy,metadata_verified,
current-f0-stage2_segment_roi_outside_fold0,current-f0-stage2_segment_roi_outside_fold0-history-val,E3b,segment,42,0,b85ea0c87d7d49a446b1d3ff5a513a21433654b1d9098b91f83cca4edd220495,52,val,PKU37,,,group_macro_training_scale,vessel_pred_layer_soft_gate_background_iou,0.9721490248116624,ratio,512x512,512x512,1 px (physical spacing unverified),raw,0.5,0.5,spatial valid AND annotation-valid where available,none,sabids-evaluator-v0-20260828,141.0,141.0,3.0,runs/current/stage2_segment_roi_outside_fold0/history.csv,epoch=52;column=val_vessel_pred_layer_soft_gate_background_iou,metadata_verified,
current-f0-stage2_segment_roi_outside_fold0,current-f0-stage2_segment_roi_outside_fold0-history-val,E3b,segment,42,0,b85ea0c87d7d49a446b1d3ff5a513a21433654b1d9098b91f83cca4edd220495,52,val,PKU37,,,group_macro_training_scale,vessel_pred_layer_soft_gate_dice,0.752254578411287,ratio,512x512,512x512,1 px (physical spacing unverified),raw,0.5,0.5,spatial valid AND annotation-valid where available,none,sabids-evaluator-v0-20260828,141.0,141.0,3.0,runs/current/stage2_segment_roi_outside_fold0/history.csv,epoch=52;column=val_vessel_pred_layer_soft_gate_dice,metadata_verified,
current-f0-stage2_segment_roi_outside_fold0,current-f0-stage2_segment_roi_outside_fold0-history-val,E3b,segment,42,0,b85ea0c87d7d49a446b1d3ff5a513a21433654b1d9098b91f83cca4edd220495,52,val,PKU37,,,group_macro_training_scale,vessel_pred_layer_soft_gate_iou,0.6045539814949848,ratio,512x512,512x512,1 px (physical spacing unverified),raw,0.5,0.5,spatial valid AND annotation-valid where available,none,sabids-evaluator-v0-20260828,141.0,141.0,3.0,runs/current/stage2_segment_roi_outside_fold0/history.csv,epoch=52;column=val_vessel_pred_layer_soft_gate_iou,metadata_verified,
current-f0-stage2_segment_roi_outside_fold0,current-f0-stage2_segment_roi_outside_fold0-history-val,E3b,segment,42,0,b85ea0c87d7d49a446b1d3ff5a513a21433654b1d9098b91f83cca4edd220495,52,val,PKU37,,,group_macro_training_scale,vessel_pred_layer_soft_gate_miou,0.7883515031533235,ratio,512x512,512x512,1 px (physical spacing unverified),raw,0.5,0.5,spatial valid AND annotation-valid where available,none,sabids-evaluator-v0-20260828,141.0,141.0,3.0,runs/current/stage2_segment_roi_outside_fold0/history.csv,epoch=52;column=val_vessel_pred_layer_soft_gate_miou,metadata_verified,
current-f0-stage2_segment_roi_outside_fold0,current-f0-stage2_segment_roi_outside_fold0-history-val,E3b,segment,42,0,b85ea0c87d7d49a446b1d3ff5a513a21433654b1d9098b91f83cca4edd220495,52,val,PKU37,,,group_macro_training_scale,vessel_pred_layer_soft_gate_precision,0.7423509666985838,ratio,512x512,512x512,1 px (physical spacing unverified),raw,0.5,0.5,spatial valid AND annotation-valid where available,none,sabids-evaluator-v0-20260828,141.0,141.0,3.0,runs/current/stage2_segment_roi_outside_fold0/history.csv,epoch=52;column=val_vessel_pred_layer_soft_gate_precision,metadata_verified,
current-f0-stage2_segment_roi_outside_fold0,current-f0-stage2_segment_roi_outside_fold0-history-val,E3b,segment,42,0,b85ea0c87d7d49a446b1d3ff5a513a21433654b1d9098b91f83cca4edd220495,52,val,PKU37,,,group_macro_training_scale,vessel_pred_layer_soft_gate_recall,0.7656160229029387,ratio,512x512,512x512,1 px (physical spacing unverified),raw,0.5,0.5,spatial valid AND annotation-valid where available,none,sabids-evaluator-v0-20260828,141.0,141.0,3.0,runs/current/stage2_segment_roi_outside_fold0/history.csv,epoch=52;column=val_vessel_pred_layer_soft_gate_recall,metadata_verified,
current-f0-stage2_segment_roi_outside_fold0,current-f0-stage2_segment_roi_outside_fold0-history-val,E3b,segment,42,0,b85ea0c87d7d49a446b1d3ff5a513a21433654b1d9098b91f83cca4edd220495,52,val,PKU37,,,group_macro_training_scale,vessel_pred_layer_soft_gate_soft_dice,0.6975625617549944,ratio,512x512,512x512,1 px (physical spacing unverified),raw,0.5,0.5,spatial valid AND annotation-valid where available,none,sabids-evaluator-v0-20260828,141.0,141.0,3.0,runs/current/stage2_segment_roi_outside_fold0/history.csv,epoch=52;column=val_vessel_pred_layer_soft_gate_soft_dice,metadata_verified,
current-f0-stage2_segment_roi_outside_fold0,current-f0-stage2_segment_roi_outside_fold0-history-val,E3b,segment,42,0,b85ea0c87d7d49a446b1d3ff5a513a21433654b1d9098b91f83cca4edd220495,52,val,PKU37,,,group_macro_training_scale,vessel_pred_layer_soft_gate_specificity,0.9848683478385588,ratio,512x512,512x512,1 px (physical spacing unverified),raw,0.5,0.5,spatial valid AND annotation-valid where available,none,sabids-evaluator-v0-20260828,141.0,141.0,3.0,runs/current/stage2_segment_roi_outside_fold0/history.csv,epoch=52;column=val_vessel_pred_layer_soft_gate_specificity,metadata_verified,
current-f0-stage2_segment_roi_outside_fold0,current-f0-stage2_segment_roi_outside_fold0-history-val,E3b,segment,42,0,b85ea0c87d7d49a446b1d3ff5a513a21433654b1d9098b91f83cca4edd220495,52,val,PKU37,,,group_macro_training_scale,vessel_recall,0.7746025804617559,ratio,512x512,512x512,1 px (physical spacing unverified),raw,0.5,0.5,spatial valid AND annotation-valid where available,none,sabids-evaluator-v0-20260828,141.0,141.0,3.0,runs/current/stage2_segment_roi_outside_fold0/history.csv,epoch=52;column=val_vessel_recall,metadata_verified,
current-f0-stage2_segment_roi_outside_fold0,current-f0-stage2_segment_roi_outside_fold0-history-val,E3b,segment,42,0,b85ea0c87d7d49a446b1d3ff5a513a21433654b1d9098b91f83cca4edd220495,52,val,PKU37,,,group_macro_training_scale,vessel_roi_accuracy,0.7976383676813189,ratio,512x512,512x512,1 px (physical spacing unverified),raw,0.5,0.5,spatial valid AND annotation-valid where available,none,sabids-evaluator-v0-20260828,141.0,141.0,3.0,runs/current/stage2_segment_roi_outside_fold0/history.csv,epoch=52;column=val_vessel_roi_accuracy,metadata_verified,
current-f0-stage2_segment_roi_outside_fold0,current-f0-stage2_segment_roi_outside_fold0-history-val,E3b,segment,42,0,b85ea0c87d7d49a446b1d3ff5a513a21433654b1d9098b91f83cca4edd220495,52,val,PKU37,,,group_macro_training_scale,vessel_roi_background_iou,0.7039077307512821,ratio,512x512,512x512,1 px (physical spacing unverified),raw,0.5,0.5,spatial valid AND annotation-valid where available,none,sabids-evaluator-v0-20260828,141.0,141.0,3.0,runs/current/stage2_segment_roi_outside_fold0/history.csv,epoch=52;column=val_vessel_roi_background_iou,metadata_verified,
current-f0-stage2_segment_roi_outside_fold0,current-f0-stage2_segment_roi_outside_fold0-history-val,E3b,segment,42,0,b85ea0c87d7d49a446b1d3ff5a513a21433654b1d9098b91f83cca4edd220495,52,val,PKU37,,,group_macro_training_scale,vessel_roi_dice,0.757535752551056,ratio,512x512,512x512,1 px (physical spacing unverified),raw,0.5,0.5,spatial valid AND annotation-valid where available,none,sabids-evaluator-v0-20260828,141.0,141.0,3.0,runs/current/stage2_segment_roi_outside_fold0/history.csv,epoch=52;column=val_vessel_roi_dice,metadata_verified,
current-f0-stage2_segment_roi_outside_fold0,current-f0-stage2_segment_roi_outside_fold0-history-val,E3b,segment,42,0,b85ea0c87d7d49a446b1d3ff5a513a21433654b1d9098b91f83cca4edd220495,52,val,PKU37,,,group_macro_training_scale,vessel_roi_iou,0.6111196380355032,ratio,512x512,512x512,1 px (physical spacing unverified),raw,0.5,0.5,spatial valid AND annotation-valid where available,none,sabids-evaluator-v0-20260828,141.0,141.0,3.0,runs/current/stage2_segment_roi_outside_fold0/history.csv,epoch=52;column=val_vessel_roi_iou,metadata_verified,
current-f0-stage2_segment_roi_outside_fold0,current-f0-stage2_segment_roi_outside_fold0-history-val,E3b,segment,42,0,b85ea0c87d7d49a446b1d3ff5a513a21433654b1d9098b91f83cca4edd220495,52,val,PKU37,,,group_macro_training_scale,vessel_roi_miou,0.6575136843933927,ratio,512x512,512x512,1 px (physical spacing unverified),raw,0.5,0.5,spatial valid AND annotation-valid where available,none,sabids-evaluator-v0-20260828,141.0,141.0,3.0,runs/current/stage2_segment_roi_outside_fold0/history.csv,epoch=52;column=val_vessel_roi_miou,metadata_verified,
current-f0-stage2_segment_roi_outside_fold0,current-f0-stage2_segment_roi_outside_fold0-history-val,E3b,segment,42,0,b85ea0c87d7d49a446b1d3ff5a513a21433654b1d9098b91f83cca4edd220495,52,val,PKU37,,,group_macro_training_scale,vessel_roi_precision,0.7442777147636267,ratio,512x512,512x512,1 px (physical spacing unverified),raw,0.5,0.5,spatial valid AND annotation-valid where available,none,sabids-evaluator-v0-20260828,141.0,141.0,3.0,runs/current/stage2_segment_roi_outside_fold0/history.csv,epoch=52;column=val_vessel_roi_precision,metadata_verified,
current-f0-stage2_segment_roi_outside_fold0,current-f0-stage2_segment_roi_outside_fold0-history-val,E3b,segment,42,0,b85ea0c87d7d49a446b1d3ff5a513a21433654b1d9098b91f83cca4edd220495,52,val,PKU37,,,group_macro_training_scale,vessel_roi_recall,0.7746025804617559,ratio,512x512,512x512,1 px (physical spacing unverified),raw,0.5,0.5,spatial valid AND annotation-valid where available,none,sabids-evaluator-v0-20260828,141.0,141.0,3.0,runs/current/stage2_segment_roi_outside_fold0/history.csv,epoch=52;column=val_vessel_roi_recall,metadata_verified,
current-f0-stage2_segment_roi_outside_fold0,current-f0-stage2_segment_roi_outside_fold0-history-val,E3b,segment,42,0,b85ea0c87d7d49a446b1d3ff5a513a21433654b1d9098b91f83cca4edd220495,52,val,PKU37,,,group_macro_training_scale,vessel_roi_specificity,0.8140025243925949,ratio,512x512,512x512,1 px (physical spacing unverified),raw,0.5,0.5,spatial valid AND annotation-valid where available,none,sabids-evaluator-v0-20260828,141.0,141.0,3.0,runs/current/stage2_segment_roi_outside_fold0/history.csv,epoch=52;column=val_vessel_roi_specificity,metadata_verified,
current-f0-stage2_segment_roi_outside_fold0,current-f0-stage2_segment_roi_outside_fold0-history-val,E3b,segment,42,0,b85ea0c87d7d49a446b1d3ff5a513a21433654b1d9098b91f83cca4edd220495,52,val,PKU37,,,group_macro_training_scale,vessel_soft_dice,0.6802409396748841,ratio,512x512,512x512,1 px (physical spacing unverified),raw,0.5,0.5,spatial valid AND annotation-valid where available,none,sabids-evaluator-v0-20260828,141.0,141.0,3.0,runs/current/stage2_segment_roi_outside_fold0/history.csv,epoch=52;column=val_vessel_soft_dice,metadata_verified,
current-f0-stage2_segment_roi_outside_fold0,current-f0-stage2_segment_roi_outside_fold0-history-val,E3b,segment,42,0,b85ea0c87d7d49a446b1d3ff5a513a21433654b1d9098b91f83cca4edd220495,52,val,PKU37,,,group_macro_training_scale,vessel_specificity,0.9825942752122936,ratio,512x512,512x512,1 px (physical spacing unverified),raw,0.5,0.5,spatial valid AND annotation-valid where available,none,sabids-evaluator-v0-20260828,141.0,141.0,3.0,runs/current/stage2_segment_roi_outside_fold0/history.csv,epoch=52;column=val_vessel_specificity,metadata_verified,
current-f0-stage2_segment_roi_outside_fold0,current-f0-stage2_segment_roi_outside_fold0-history-val,E3b,segment,42,0,b85ea0c87d7d49a446b1d3ff5a513a21433654b1d9098b91f83cca4edd220495,52,val,PKU37,,,group_macro_training_scale,whole_layer_baseline_vessel_dice,0.5795256266104193,ratio,512x512,512x512,1 px (physical spacing unverified),raw,0.5,0.5,spatial valid AND annotation-valid where available,none,sabids-evaluator-v0-20260828,141.0,141.0,3.0,runs/current/stage2_segment_roi_outside_fold0/history.csv,epoch=52;column=val_whole_layer_baseline_vessel_dice,metadata_verified,
current-f0-stage2_segment_roi_outside_fold0,current-f0-stage2_segment_roi_outside_fold0-history-val,E3b,segment,42,0,b85ea0c87d7d49a446b1d3ff5a513a21433654b1d9098b91f83cca4edd220495,52,val,PKU37,,,group_macro_training_scale,denoise_probe_max_abs_diff,0.0,ratio,512x512,512x512,1 px (physical spacing unverified),raw,0.5,0.5,spatial valid AND annotation-valid where available,none,sabids-evaluator-v0-20260828,141.0,141.0,3.0,runs/current/stage2_segment_roi_outside_fold0/history.csv,epoch=52;column=val_denoise_probe_max_abs_diff,metadata_verified,
current-f0-stage2_segment_roi_current_fold0,current-f0-stage2_segment_roi_current_fold0-history-val,E3-current,segment,42,0,83e474e7cd1691d98b587800c781248169e2c1f1d75d929a9bffe32dd375467d,55,val,PKU37,,,group_macro_training_scale,d2s_disabled_vessel_soft_dice,0.5996032615473186,ratio,512x512,512x512,1 px (physical spacing unverified),raw,0.5,0.5,spatial valid AND annotation-valid where available,none,sabids-evaluator-v0-20260828,141.0,141.0,3.0,runs/current/stage2_segment_roi_current_fold0/history.csv,epoch=55;column=val_d2s_disabled_vessel_soft_dice,metadata_verified,
current-f0-stage2_segment_roi_current_fold0,current-f0-stage2_segment_roi_current_fold0-history-val,E3-current,segment,42,0,83e474e7cd1691d98b587800c781248169e2c1f1d75d929a9bffe32dd375467d,55,val,PKU37,,,group_macro_training_scale,d2s_vessel_probability_mean_abs_change,0.0082542993028352,ratio,512x512,512x512,1 px (physical spacing unverified),raw,0.5,0.5,spatial valid AND annotation-valid where available,none,sabids-evaluator-v0-20260828,141.0,141.0,3.0,runs/current/stage2_segment_roi_current_fold0/history.csv,epoch=55;column=val_d2s_vessel_probability_mean_abs_change,metadata_verified,
current-f0-stage2_segment_roi_current_fold0,current-f0-stage2_segment_roi_current_fold0-history-val,E3-current,segment,42,0,83e474e7cd1691d98b587800c781248169e2c1f1d75d929a9bffe32dd375467d,55,val,PKU37,,,group_macro_training_scale,empty_baseline_vessel_dice,7.225767158984167e-11,ratio,512x512,512x512,1 px (physical spacing unverified),raw,0.5,0.5,spatial valid AND annotation-valid where available,none,sabids-evaluator-v0-20260828,141.0,141.0,3.0,runs/current/stage2_segment_roi_current_fold0/history.csv,epoch=55;column=val_empty_baseline_vessel_dice,metadata_verified,
current-f0-stage2_segment_roi_current_fold0,current-f0-stage2_segment_roi_current_fold0-history-val,E3-current,segment,42,0,83e474e7cd1691d98b587800c781248169e2c1f1d75d929a9bffe32dd375467d,55,val,PKU37,,,group_macro_training_scale,gt_vessel_outside_pred_layer_fraction,0.0124532006905056,ratio,512x512,512x512,1 px (physical spacing unverified),raw,0.5,0.5,spatial valid AND annotation-valid where available,none,sabids-evaluator-v0-20260828,141.0,141.0,3.0,runs/current/stage2_segment_roi_current_fold0/history.csv,epoch=55;column=val_gt_vessel_outside_pred_layer_fraction,metadata_verified,
current-f0-stage2_segment_roi_current_fold0,current-f0-stage2_segment_roi_current_fold0-history-val,E3-current,segment,42,0,83e474e7cd1691d98b587800c781248169e2c1f1d75d929a9bffe32dd375467d,55,val,PKU37,,,group_macro_training_scale,gt_vessel_outside_pred_layer_pixels,172.5642276422764,px,512x512,512x512,1 px (physical spacing unverified),raw,0.5,0.5,spatial valid AND annotation-valid where available,none,sabids-evaluator-v0-20260828,141.0,141.0,3.0,runs/current/stage2_segment_roi_current_fold0/history.csv,epoch=55;column=val_gt_vessel_outside_pred_layer_pixels,metadata_verified,
current-f0-stage2_segment_roi_current_fold0,current-f0-stage2_segment_roi_current_fold0-history-val,E3-current,segment,42,0,83e474e7cd1691d98b587800c781248169e2c1f1d75d929a9bffe32dd375467d,55,val,PKU37,,,group_macro_training_scale,layer_dice,0.9449265493916704,ratio,512x512,512x512,1 px (physical spacing unverified),raw,0.5,0.5,spatial valid AND annotation-valid where available,none,sabids-evaluator-v0-20260828,141.0,141.0,3.0,runs/current/stage2_segment_roi_current_fold0/history.csv,epoch=55;column=val_layer_dice,metadata_verified,
current-f0-stage2_segment_roi_current_fold0,current-f0-stage2_segment_roi_current_fold0-history-val,E3-current,segment,42,0,83e474e7cd1691d98b587800c781248169e2c1f1d75d929a9bffe32dd375467d,55,val,PKU37,,,group_macro_training_scale,layer_precision,0.9364518425833466,ratio,512x512,512x512,1 px (physical spacing unverified),raw,0.5,0.5,spatial valid AND annotation-valid where available,none,sabids-evaluator-v0-20260828,141.0,141.0,3.0,runs/current/stage2_segment_roi_current_fold0/history.csv,epoch=55;column=val_layer_precision,metadata_verified,
current-f0-stage2_segment_roi_current_fold0,current-f0-stage2_segment_roi_current_fold0-history-val,E3-current,segment,42,0,83e474e7cd1691d98b587800c781248169e2c1f1d75d929a9bffe32dd375467d,55,val,PKU37,,,group_macro_training_scale,layer_recall,0.9553421423967804,ratio,512x512,512x512,1 px (physical spacing unverified),raw,0.5,0.5,spatial valid AND annotation-valid where available,none,sabids-evaluator-v0-20260828,141.0,141.0,3.0,runs/current/stage2_segment_roi_current_fold0/history.csv,epoch=55;column=val_layer_recall,metadata_verified,
current-f0-stage2_segment_roi_current_fold0,current-f0-stage2_segment_roi_current_fold0-history-val,E3-current,segment,42,0,83e474e7cd1691d98b587800c781248169e2c1f1d75d929a9bffe32dd375467d,55,val,PKU37,,,group_macro_training_scale,layer_soft_dice,0.9358640226756304,ratio,512x512,512x512,1 px (physical spacing unverified),raw,0.5,0.5,spatial valid AND annotation-valid where available,none,sabids-evaluator-v0-20260828,141.0,141.0,3.0,runs/current/stage2_segment_roi_current_fold0/history.csv,epoch=55;column=val_layer_soft_dice,metadata_verified,
current-f0-stage2_segment_roi_current_fold0,current-f0-stage2_segment_roi_current_fold0-history-val,E3-current,segment,42,0,83e474e7cd1691d98b587800c781248169e2c1f1d75d929a9bffe32dd375467d,55,val,PKU37,,,group_macro_training_scale,pred_layer_vessel_dice,0.5736232560110105,ratio,512x512,512x512,1 px (physical spacing unverified),raw,0.5,0.5,spatial valid AND annotation-valid where available,none,sabids-evaluator-v0-20260828,141.0,141.0,3.0,runs/current/stage2_segment_roi_current_fold0/history.csv,epoch=55;column=val_pred_layer_vessel_dice,metadata_verified,
current-f0-stage2_segment_roi_current_fold0,current-f0-stage2_segment_roi_current_fold0-history-val,E3-current,segment,42,0,83e474e7cd1691d98b587800c781248169e2c1f1d75d929a9bffe32dd375467d,55,val,PKU37,,,group_macro_training_scale,psnr,34.32020572451806,dB,512x512,512x512,1 px (physical spacing unverified),raw,0.5,0.5,spatial valid AND annotation-valid where available,none,sabids-evaluator-v0-20260828,141.0,141.0,3.0,runs/current/stage2_segment_roi_current_fold0/history.csv,epoch=55;column=val_psnr,metadata_verified,
current-f0-stage2_segment_roi_current_fold0,current-f0-stage2_segment_roi_current_fold0-history-val,E3-current,segment,42,0,83e474e7cd1691d98b587800c781248169e2c1f1d75d929a9bffe32dd375467d,55,val,PKU37,,,group_macro_training_scale,vessel_accuracy,0.962479767218012,ratio,512x512,512x512,1 px (physical spacing unverified),raw,0.5,0.5,spatial valid AND annotation-valid where available,none,sabids-evaluator-v0-20260828,141.0,141.0,3.0,runs/current/stage2_segment_roi_current_fold0/history.csv,epoch=55;column=val_vessel_accuracy,metadata_verified,
current-f0-stage2_segment_roi_current_fold0,current-f0-stage2_segment_roi_current_fold0-history-val,E3-current,segment,42,0,83e474e7cd1691d98b587800c781248169e2c1f1d75d929a9bffe32dd375467d,55,val,PKU37,,,group_macro_training_scale,vessel_area_fraction_mae,0.039875295070586,px,512x512,512x512,1 px (physical spacing unverified),raw,0.5,0.5,spatial valid AND annotation-valid where available,none,sabids-evaluator-v0-20260828,141.0,141.0,3.0,runs/current/stage2_segment_roi_current_fold0/history.csv,epoch=55;column=val_vessel_area_fraction_mae,metadata_verified,
current-f0-stage2_segment_roi_current_fold0,current-f0-stage2_segment_roi_current_fold0-history-val,E3-current,segment,42,0,83e474e7cd1691d98b587800c781248169e2c1f1d75d929a9bffe32dd375467d,55,val,PKU37,,,group_macro_training_scale,vessel_area_fraction_pred,0.4470079293198961,ratio,512x512,512x512,1 px (physical spacing unverified),raw,0.5,0.5,spatial valid AND annotation-valid where available,none,sabids-evaluator-v0-20260828,141.0,141.0,3.0,runs/current/stage2_segment_roi_current_fold0/history.csv,epoch=55;column=val_vessel_area_fraction_pred,metadata_verified,
current-f0-stage2_segment_roi_current_fold0,current-f0-stage2_segment_roi_current_fold0-history-val,E3-current,segment,42,0,83e474e7cd1691d98b587800c781248169e2c1f1d75d929a9bffe32dd375467d,55,val,PKU37,,,group_macro_training_scale,vessel_area_fraction_true,0.4086859061871113,ratio,512x512,512x512,1 px (physical spacing unverified),raw,0.5,0.5,spatial valid AND annotation-valid where available,none,sabids-evaluator-v0-20260828,141.0,141.0,3.0,runs/current/stage2_segment_roi_current_fold0/history.csv,epoch=55;column=val_vessel_area_fraction_true,metadata_verified,
current-f0-stage2_segment_roi_current_fold0,current-f0-stage2_segment_roi_current_fold0-history-val,E3-current,segment,42,0,83e474e7cd1691d98b587800c781248169e2c1f1d75d929a9bffe32dd375467d,55,val,PKU37,,,group_macro_training_scale,vessel_background_iou,0.9608367552107244,ratio,512x512,512x512,1 px (physical spacing unverified),raw,0.5,0.5,spatial valid AND annotation-valid where available,none,sabids-evaluator-v0-20260828,141.0,141.0,3.0,runs/current/stage2_segment_roi_current_fold0/history.csv,epoch=55;column=val_vessel_background_iou,metadata_verified,
current-f0-stage2_segment_roi_current_fold0,current-f0-stage2_segment_roi_current_fold0-history-val,E3-current,segment,42,0,83e474e7cd1691d98b587800c781248169e2c1f1d75d929a9bffe32dd375467d,55,val,PKU37,,,group_macro_training_scale,vessel_boundary_band_accuracy,0.6667190156193774,ratio,512x512,512x512,1 px (physical spacing unverified),raw,0.5,0.5,spatial valid AND annotation-valid where available,none,sabids-evaluator-v0-20260828,141.0,141.0,3.0,runs/current/stage2_segment_roi_current_fold0/history.csv,epoch=55;column=val_vessel_boundary_band_accuracy,metadata_verified,
current-f0-stage2_segment_roi_current_fold0,current-f0-stage2_segment_roi_current_fold0-history-val,E3-current,segment,42,0,83e474e7cd1691d98b587800c781248169e2c1f1d75d929a9bffe32dd375467d,55,val,PKU37,,,group_macro_training_scale,vessel_boundary_band_background_iou,0.4753128944136236,ratio,512x512,512x512,1 px (physical spacing unverified),raw,0.5,0.5,spatial valid AND annotation-valid where available,none,sabids-evaluator-v0-20260828,141.0,141.0,3.0,runs/current/stage2_segment_roi_current_fold0/history.csv,epoch=55;column=val_vessel_boundary_band_background_iou,metadata_verified,
current-f0-stage2_segment_roi_current_fold0,current-f0-stage2_segment_roi_current_fold0-history-val,E3-current,segment,42,0,83e474e7cd1691d98b587800c781248169e2c1f1d75d929a9bffe32dd375467d,55,val,PKU37,,,group_macro_training_scale,vessel_boundary_band_dice,0.6861233170541402,ratio,512x512,512x512,1 px (physical spacing unverified),raw,0.5,0.5,spatial valid AND annotation-valid where available,none,sabids-evaluator-v0-20260828,141.0,141.0,3.0,runs/current/stage2_segment_roi_current_fold0/history.csv,epoch=55;column=val_vessel_boundary_band_dice,metadata_verified,
current-f0-stage2_segment_roi_current_fold0,current-f0-stage2_segment_roi_current_fold0-history-val,E3-current,segment,42,0,83e474e7cd1691d98b587800c781248169e2c1f1d75d929a9bffe32dd375467d,55,val,PKU37,,,group_macro_training_scale,vessel_boundary_band_fn_pixels,2530.760650406504,px,512x512,512x512,1 px (physical spacing unverified),raw,0.5,0.5,spatial valid AND annotation-valid where available,none,sabids-evaluator-v0-20260828,141.0,141.0,3.0,runs/current/stage2_segment_roi_current_fold0/history.csv,epoch=55;column=val_vessel_boundary_band_fn_pixels,metadata_verified,
current-f0-stage2_segment_roi_current_fold0,current-f0-stage2_segment_roi_current_fold0-history-val,E3-current,segment,42,0,83e474e7cd1691d98b587800c781248169e2c1f1d75d929a9bffe32dd375467d,55,val,PKU37,,,group_macro_training_scale,vessel_boundary_band_fp_pixels,2856.7632520325205,px,512x512,512x512,1 px (physical spacing unverified),raw,0.5,0.5,spatial valid AND annotation-valid where available,none,sabids-evaluator-v0-20260828,141.0,141.0,3.0,runs/current/stage2_segment_roi_current_fold0/history.csv,epoch=55;column=val_vessel_boundary_band_fp_pixels,metadata_verified,
current-f0-stage2_segment_roi_current_fold0,current-f0-stage2_segment_roi_current_fold0-history-val,E3-current,segment,42,0,83e474e7cd1691d98b587800c781248169e2c1f1d75d929a9bffe32dd375467d,55,val,PKU37,,,group_macro_training_scale,vessel_boundary_band_iou,0.5224533726186174,ratio,512x512,512x512,1 px (physical spacing unverified),raw,0.5,0.5,spatial valid AND annotation-valid where available,none,sabids-evaluator-v0-20260828,141.0,141.0,3.0,runs/current/stage2_segment_roi_current_fold0/history.csv,epoch=55;column=val_vessel_boundary_band_iou,metadata_verified,
current-f0-stage2_segment_roi_current_fold0,current-f0-stage2_segment_roi_current_fold0-history-val,E3-current,segment,42,0,83e474e7cd1691d98b587800c781248169e2c1f1d75d929a9bffe32dd375467d,55,val,PKU37,,,group_macro_training_scale,vessel_boundary_band_miou,0.4988831335161205,ratio,512x512,512x512,1 px (physical spacing unverified),raw,0.5,0.5,spatial valid AND annotation-valid where available,none,sabids-evaluator-v0-20260828,141.0,141.0,3.0,runs/current/stage2_segment_roi_current_fold0/history.csv,epoch=55;column=val_vessel_boundary_band_miou,metadata_verified,
current-f0-stage2_segment_roi_current_fold0,current-f0-stage2_segment_roi_current_fold0-history-val,E3-current,segment,42,0,83e474e7cd1691d98b587800c781248169e2c1f1d75d929a9bffe32dd375467d,55,val,PKU37,,,group_macro_training_scale,vessel_boundary_band_precision,0.6777654447690348,ratio,512x512,512x512,1 px (physical spacing unverified),raw,0.5,0.5,spatial valid AND annotation-valid where available,none,sabids-evaluator-v0-20260828,141.0,141.0,3.0,runs/current/stage2_segment_roi_current_fold0/history.csv,epoch=55;column=val_vessel_boundary_band_precision,metadata_verified,
current-f0-stage2_segment_roi_current_fold0,current-f0-stage2_segment_roi_current_fold0-history-val,E3-current,segment,42,0,83e474e7cd1691d98b587800c781248169e2c1f1d75d929a9bffe32dd375467d,55,val,PKU37,,,group_macro_training_scale,vessel_boundary_band_recall,0.6986897949576333,ratio,512x512,512x512,1 px (physical spacing unverified),raw,0.5,0.5,spatial valid AND annotation-valid where available,none,sabids-evaluator-v0-20260828,141.0,141.0,3.0,runs/current/stage2_segment_roi_current_fold0/history.csv,epoch=55;column=val_vessel_boundary_band_recall,metadata_verified,
current-f0-stage2_segment_roi_current_fold0,current-f0-stage2_segment_roi_current_fold0-history-val,E3-current,segment,42,0,83e474e7cd1691d98b587800c781248169e2c1f1d75d929a9bffe32dd375467d,55,val,PKU37,,,group_macro_training_scale,vessel_boundary_band_specificity,0.6333821796736712,ratio,512x512,512x512,1 px (physical spacing unverified),raw,0.5,0.5,spatial valid AND annotation-valid where available,none,sabids-evaluator-v0-20260828,141.0,141.0,3.0,runs/current/stage2_segment_roi_current_fold0/history.csv,epoch=55;column=val_vessel_boundary_band_specificity,metadata_verified,
current-f0-stage2_segment_roi_current_fold0,current-f0-stage2_segment_roi_current_fold0-history-val,E3-current,segment,42,0,83e474e7cd1691d98b587800c781248169e2c1f1d75d929a9bffe32dd375467d,55,val,PKU37,,,group_macro_training_scale,vessel_dice,0.6915012520780913,ratio,512x512,512x512,1 px (physical spacing unverified),raw,0.5,0.5,spatial valid AND annotation-valid where available,none,sabids-evaluator-v0-20260828,141.0,141.0,3.0,runs/current/stage2_segment_roi_current_fold0/history.csv,epoch=55;column=val_vessel_dice,metadata_verified,
current-f0-stage2_segment_roi_current_fold0,current-f0-stage2_segment_roi_current_fold0-history-val,E3-current,segment,42,0,83e474e7cd1691d98b587800c781248169e2c1f1d75d929a9bffe32dd375467d,55,val,PKU37,,,group_macro_training_scale,vessel_error_outside_gt_and_pred_layer_fraction,0.1464482922534913,ratio,512x512,512x512,1 px (physical spacing unverified),raw,0.5,0.5,spatial valid AND annotation-valid where available,none,sabids-evaluator-v0-20260828,141.0,141.0,3.0,runs/current/stage2_segment_roi_current_fold0/history.csv,epoch=55;column=val_vessel_error_outside_gt_and_pred_layer_fraction,metadata_verified,
current-f0-stage2_segment_roi_current_fold0,current-f0-stage2_segment_roi_current_fold0-history-val,E3-current,segment,42,0,83e474e7cd1691d98b587800c781248169e2c1f1d75d929a9bffe32dd375467d,55,val,PKU37,,,group_macro_training_scale,vessel_error_outside_gt_and_pred_layer_pixels,2703.802601626016,px,512x512,512x512,1 px (physical spacing unverified),raw,0.5,0.5,spatial valid AND annotation-valid where available,none,sabids-evaluator-v0-20260828,141.0,141.0,3.0,runs/current/stage2_segment_roi_current_fold0/history.csv,epoch=55;column=val_vessel_error_outside_gt_and_pred_layer_pixels,metadata_verified,
current-f0-stage2_segment_roi_current_fold0,current-f0-stage2_segment_roi_current_fold0-history-val,E3-current,segment,42,0,83e474e7cd1691d98b587800c781248169e2c1f1d75d929a9bffe32dd375467d,55,val,PKU37,,,group_macro_training_scale,vessel_error_outside_gt_inside_pred_layer_fraction,0.0050052893714593,ratio,512x512,512x512,1 px (physical spacing unverified),raw,0.5,0.5,spatial valid AND annotation-valid where available,none,sabids-evaluator-v0-20260828,141.0,141.0,3.0,runs/current/stage2_segment_roi_current_fold0/history.csv,epoch=55;column=val_vessel_error_outside_gt_inside_pred_layer_fraction,metadata_verified,
current-f0-stage2_segment_roi_current_fold0,current-f0-stage2_segment_roi_current_fold0-history-val,E3-current,segment,42,0,83e474e7cd1691d98b587800c781248169e2c1f1d75d929a9bffe32dd375467d,55,val,PKU37,,,group_macro_training_scale,vessel_error_outside_gt_inside_pred_layer_pixels,89.36178861788618,px,512x512,512x512,1 px (physical spacing unverified),raw,0.5,0.5,spatial valid AND annotation-valid where available,none,sabids-evaluator-v0-20260828,141.0,141.0,3.0,runs/current/stage2_segment_roi_current_fold0/history.csv,epoch=55;column=val_vessel_error_outside_gt_inside_pred_layer_pixels,metadata_verified,
current-f0-stage2_segment_roi_current_fold0,current-f0-stage2_segment_roi_current_fold0-history-val,E3-current,segment,42,0,83e474e7cd1691d98b587800c781248169e2c1f1d75d929a9bffe32dd375467d,55,val,PKU37,,,group_macro_training_scale,vessel_iou,0.5289401133638809,ratio,512x512,512x512,1 px (physical spacing unverified),raw,0.5,0.5,spatial valid AND annotation-valid where available,none,sabids-evaluator-v0-20260828,141.0,141.0,3.0,runs/current/stage2_segment_roi_current_fold0/history.csv,epoch=55;column=val_vessel_iou,metadata_verified,
current-f0-stage2_segment_roi_current_fold0,current-f0-stage2_segment_roi_current_fold0-history-val,E3-current,segment,42,0,83e474e7cd1691d98b587800c781248169e2c1f1d75d929a9bffe32dd375467d,55,val,PKU37,,,group_macro_training_scale,vessel_miou,0.7448884342873027,ratio,512x512,512x512,1 px (physical spacing unverified),raw,0.5,0.5,spatial valid AND annotation-valid where available,none,sabids-evaluator-v0-20260828,141.0,141.0,3.0,runs/current/stage2_segment_roi_current_fold0/history.csv,epoch=55;column=val_vessel_miou,metadata_verified,
current-f0-stage2_segment_roi_current_fold0,current-f0-stage2_segment_roi_current_fold0-history-val,E3-current,segment,42,0,83e474e7cd1691d98b587800c781248169e2c1f1d75d929a9bffe32dd375467d,55,val,PKU37,,,group_macro_training_scale,vessel_oracle_gt_layer_accuracy,0.9731348437798758,ratio,512x512,512x512,1 px (physical spacing unverified),raw,0.5,0.5,spatial valid AND annotation-valid where available,none,sabids-evaluator-v0-20260828,141.0,141.0,3.0,runs/current/stage2_segment_roi_current_fold0/history.csv,epoch=55;column=val_vessel_oracle_gt_layer_accuracy,metadata_verified,
current-f0-stage2_segment_roi_current_fold0,current-f0-stage2_segment_roi_current_fold0-history-val,E3-current,segment,42,0,83e474e7cd1691d98b587800c781248169e2c1f1d75d929a9bffe32dd375467d,55,val,PKU37,,,group_macro_training_scale,vessel_oracle_gt_layer_background_iou,0.9719634503734768,ratio,512x512,512x512,1 px (physical spacing unverified),raw,0.5,0.5,spatial valid AND annotation-valid where available,none,sabids-evaluator-v0-20260828,141.0,141.0,3.0,runs/current/stage2_segment_roi_current_fold0/history.csv,epoch=55;column=val_vessel_oracle_gt_layer_background_iou,metadata_verified,
current-f0-stage2_segment_roi_current_fold0,current-f0-stage2_segment_roi_current_fold0-history-val,E3-current,segment,42,0,83e474e7cd1691d98b587800c781248169e2c1f1d75d929a9bffe32dd375467d,55,val,PKU37,,,group_macro_training_scale,vessel_oracle_gt_layer_dice,0.7584156576363612,ratio,512x512,512x512,1 px (physical spacing unverified),raw,0.5,0.5,spatial valid AND annotation-valid where available,none,sabids-evaluator-v0-20260828,141.0,141.0,3.0,runs/current/stage2_segment_roi_current_fold0/history.csv,epoch=55;column=val_vessel_oracle_gt_layer_dice,metadata_verified,
current-f0-stage2_segment_roi_current_fold0,current-f0-stage2_segment_roi_current_fold0-history-val,E3-current,segment,42,0,83e474e7cd1691d98b587800c781248169e2c1f1d75d929a9bffe32dd375467d,55,val,PKU37,,,group_macro_training_scale,vessel_oracle_gt_layer_iou,0.6123112750395573,ratio,512x512,512x512,1 px (physical spacing unverified),raw,0.5,0.5,spatial valid AND annotation-valid where available,none,sabids-evaluator-v0-20260828,141.0,141.0,3.0,runs/current/stage2_segment_roi_current_fold0/history.csv,epoch=55;column=val_vessel_oracle_gt_layer_iou,metadata_verified,
current-f0-stage2_segment_roi_current_fold0,current-f0-stage2_segment_roi_current_fold0-history-val,E3-current,segment,42,0,83e474e7cd1691d98b587800c781248169e2c1f1d75d929a9bffe32dd375467d,55,val,PKU37,,,group_macro_training_scale,vessel_oracle_gt_layer_miou,0.7921373627065171,ratio,512x512,512x512,1 px (physical spacing unverified),raw,0.5,0.5,spatial valid AND annotation-valid where available,none,sabids-evaluator-v0-20260828,141.0,141.0,3.0,runs/current/stage2_segment_roi_current_fold0/history.csv,epoch=55;column=val_vessel_oracle_gt_layer_miou,metadata_verified,
current-f0-stage2_segment_roi_current_fold0,current-f0-stage2_segment_roi_current_fold0-history-val,E3-current,segment,42,0,83e474e7cd1691d98b587800c781248169e2c1f1d75d929a9bffe32dd375467d,55,val,PKU37,,,group_macro_training_scale,vessel_oracle_gt_layer_precision,0.729362984752238,ratio,512x512,512x512,1 px (physical spacing unverified),raw,0.5,0.5,spatial valid AND annotation-valid where available,none,sabids-evaluator-v0-20260828,141.0,141.0,3.0,runs/current/stage2_segment_roi_current_fold0/history.csv,epoch=55;column=val_vessel_oracle_gt_layer_precision,metadata_verified,
current-f0-stage2_segment_roi_current_fold0,current-f0-stage2_segment_roi_current_fold0-history-val,E3-current,segment,42,0,83e474e7cd1691d98b587800c781248169e2c1f1d75d929a9bffe32dd375467d,55,val,PKU37,,,group_macro_training_scale,vessel_oracle_gt_layer_recall,0.7941224666643674,ratio,512x512,512x512,1 px (physical spacing unverified),raw,0.5,0.5,spatial valid AND annotation-valid where available,none,sabids-evaluator-v0-20260828,141.0,141.0,3.0,runs/current/stage2_segment_roi_current_fold0/history.csv,epoch=55;column=val_vessel_oracle_gt_layer_recall,metadata_verified,
current-f0-stage2_segment_roi_current_fold0,current-f0-stage2_segment_roi_current_fold0-history-val,E3-current,segment,42,0,83e474e7cd1691d98b587800c781248169e2c1f1d75d929a9bffe32dd375467d,55,val,PKU37,,,group_macro_training_scale,vessel_oracle_gt_layer_specificity,0.9831495285900376,ratio,512x512,512x512,1 px (physical spacing unverified),raw,0.5,0.5,spatial valid AND annotation-valid where available,none,sabids-evaluator-v0-20260828,141.0,141.0,3.0,runs/current/stage2_segment_roi_current_fold0/history.csv,epoch=55;column=val_vessel_oracle_gt_layer_specificity,metadata_verified,
current-f0-stage2_segment_roi_current_fold0,current-f0-stage2_segment_roi_current_fold0-history-val,E3-current,segment,42,0,83e474e7cd1691d98b587800c781248169e2c1f1d75d929a9bffe32dd375467d,55,val,PKU37,,,group_macro_training_scale,vessel_outside_gt_layer_fraction,0.1514535816249507,ratio,512x512,512x512,1 px (physical spacing unverified),raw,0.5,0.5,spatial valid AND annotation-valid where available,none,sabids-evaluator-v0-20260828,141.0,141.0,3.0,runs/current/stage2_segment_roi_current_fold0/history.csv,epoch=55;column=val_vessel_outside_gt_layer_fraction,metadata_verified,
current-f0-stage2_segment_roi_current_fold0,current-f0-stage2_segment_roi_current_fold0-history-val,E3-current,segment,42,0,83e474e7cd1691d98b587800c781248169e2c1f1d75d929a9bffe32dd375467d,55,val,PKU37,,,group_macro_training_scale,vessel_precision,0.6132205750512281,ratio,512x512,512x512,1 px (physical spacing unverified),raw,0.5,0.5,spatial valid AND annotation-valid where available,none,sabids-evaluator-v0-20260828,141.0,141.0,3.0,runs/current/stage2_segment_roi_current_fold0/history.csv,epoch=55;column=val_vessel_precision,metadata_verified,
current-f0-stage2_segment_roi_current_fold0,current-f0-stage2_segment_roi_current_fold0-history-val,E3-current,segment,42,0,83e474e7cd1691d98b587800c781248169e2c1f1d75d929a9bffe32dd375467d,55,val,PKU37,,,group_macro_training_scale,vessel_pred_layer_soft_gate_accuracy,0.9726647093238944,ratio,512x512,512x512,1 px (physical spacing unverified),raw,0.5,0.5,spatial valid AND annotation-valid where available,none,sabids-evaluator-v0-20260828,141.0,141.0,3.0,runs/current/stage2_segment_roi_current_fold0/history.csv,epoch=55;column=val_vessel_pred_layer_soft_gate_accuracy,metadata_verified,
current-f0-stage2_segment_roi_current_fold0,current-f0-stage2_segment_roi_current_fold0-history-val,E3-current,segment,42,0,83e474e7cd1691d98b587800c781248169e2c1f1d75d929a9bffe32dd375467d,55,val,PKU37,,,group_macro_training_scale,vessel_pred_layer_soft_gate_background_iou,0.9714861215236996,ratio,512x512,512x512,1 px (physical spacing unverified),raw,0.5,0.5,spatial valid AND annotation-valid where available,none,sabids-evaluator-v0-20260828,141.0,141.0,3.0,runs/current/stage2_segment_roi_current_fold0/history.csv,epoch=55;column=val_vessel_pred_layer_soft_gate_background_iou,metadata_verified,
current-f0-stage2_segment_roi_current_fold0,current-f0-stage2_segment_roi_current_fold0-history-val,E3-current,segment,42,0,83e474e7cd1691d98b587800c781248169e2c1f1d75d929a9bffe32dd375467d,55,val,PKU37,,,group_macro_training_scale,vessel_pred_layer_soft_gate_dice,0.7534478124381202,ratio,512x512,512x512,1 px (physical spacing unverified),raw,0.5,0.5,spatial valid AND annotation-valid where available,none,sabids-evaluator-v0-20260828,141.0,141.0,3.0,runs/current/stage2_segment_roi_current_fold0/history.csv,epoch=55;column=val_vessel_pred_layer_soft_gate_dice,metadata_verified,
current-f0-stage2_segment_roi_current_fold0,current-f0-stage2_segment_roi_current_fold0-history-val,E3-current,segment,42,0,83e474e7cd1691d98b587800c781248169e2c1f1d75d929a9bffe32dd375467d,55,val,PKU37,,,group_macro_training_scale,vessel_pred_layer_soft_gate_iou,0.6061018770622796,ratio,512x512,512x512,1 px (physical spacing unverified),raw,0.5,0.5,spatial valid AND annotation-valid where available,none,sabids-evaluator-v0-20260828,141.0,141.0,3.0,runs/current/stage2_segment_roi_current_fold0/history.csv,epoch=55;column=val_vessel_pred_layer_soft_gate_iou,metadata_verified,
current-f0-stage2_segment_roi_current_fold0,current-f0-stage2_segment_roi_current_fold0-history-val,E3-current,segment,42,0,83e474e7cd1691d98b587800c781248169e2c1f1d75d929a9bffe32dd375467d,55,val,PKU37,,,group_macro_training_scale,vessel_pred_layer_soft_gate_miou,0.7887939992929898,ratio,512x512,512x512,1 px (physical spacing unverified),raw,0.5,0.5,spatial valid AND annotation-valid where available,none,sabids-evaluator-v0-20260828,141.0,141.0,3.0,runs/current/stage2_segment_roi_current_fold0/history.csv,epoch=55;column=val_vessel_pred_layer_soft_gate_miou,metadata_verified,
current-f0-stage2_segment_roi_current_fold0,current-f0-stage2_segment_roi_current_fold0-history-val,E3-current,segment,42,0,83e474e7cd1691d98b587800c781248169e2c1f1d75d929a9bffe32dd375467d,55,val,PKU37,,,group_macro_training_scale,vessel_pred_layer_soft_gate_precision,0.7267230010619792,ratio,512x512,512x512,1 px (physical spacing unverified),raw,0.5,0.5,spatial valid AND annotation-valid where available,none,sabids-evaluator-v0-20260828,141.0,141.0,3.0,runs/current/stage2_segment_roi_current_fold0/history.csv,epoch=55;column=val_vessel_pred_layer_soft_gate_precision,metadata_verified,
current-f0-stage2_segment_roi_current_fold0,current-f0-stage2_segment_roi_current_fold0-history-val,E3-current,segment,42,0,83e474e7cd1691d98b587800c781248169e2c1f1d75d929a9bffe32dd375467d,55,val,PKU37,,,group_macro_training_scale,vessel_pred_layer_soft_gate_recall,0.7863598945178403,ratio,512x512,512x512,1 px (physical spacing unverified),raw,0.5,0.5,spatial valid AND annotation-valid where available,none,sabids-evaluator-v0-20260828,141.0,141.0,3.0,runs/current/stage2_segment_roi_current_fold0/history.csv,epoch=55;column=val_vessel_pred_layer_soft_gate_recall,metadata_verified,
current-f0-stage2_segment_roi_current_fold0,current-f0-stage2_segment_roi_current_fold0-history-val,E3-current,segment,42,0,83e474e7cd1691d98b587800c781248169e2c1f1d75d929a9bffe32dd375467d,55,val,PKU37,,,group_macro_training_scale,vessel_pred_layer_soft_gate_soft_dice,0.6986073595777734,ratio,512x512,512x512,1 px (physical spacing unverified),raw,0.5,0.5,spatial valid AND annotation-valid where available,none,sabids-evaluator-v0-20260828,141.0,141.0,3.0,runs/current/stage2_segment_roi_current_fold0/history.csv,epoch=55;column=val_vessel_pred_layer_soft_gate_soft_dice,metadata_verified,
current-f0-stage2_segment_roi_current_fold0,current-f0-stage2_segment_roi_current_fold0-history-val,E3-current,segment,42,0,83e474e7cd1691d98b587800c781248169e2c1f1d75d929a9bffe32dd375467d,55,val,PKU37,,,group_macro_training_scale,vessel_pred_layer_soft_gate_specificity,0.983080135945225,ratio,512x512,512x512,1 px (physical spacing unverified),raw,0.5,0.5,spatial valid AND annotation-valid where available,none,sabids-evaluator-v0-20260828,141.0,141.0,3.0,runs/current/stage2_segment_roi_current_fold0/history.csv,epoch=55;column=val_vessel_pred_layer_soft_gate_specificity,metadata_verified,
current-f0-stage2_segment_roi_current_fold0,current-f0-stage2_segment_roi_current_fold0-history-val,E3-current,segment,42,0,83e474e7cd1691d98b587800c781248169e2c1f1d75d929a9bffe32dd375467d,55,val,PKU37,,,group_macro_training_scale,vessel_recall,0.7941224666643674,ratio,512x512,512x512,1 px (physical spacing unverified),raw,0.5,0.5,spatial valid AND annotation-valid where available,none,sabids-evaluator-v0-20260828,141.0,141.0,3.0,runs/current/stage2_segment_roi_current_fold0/history.csv,epoch=55;column=val_vessel_recall,metadata_verified,
current-f0-stage2_segment_roi_current_fold0,current-f0-stage2_segment_roi_current_fold0-history-val,E3-current,segment,42,0,83e474e7cd1691d98b587800c781248169e2c1f1d75d929a9bffe32dd375467d,55,val,PKU37,,,group_macro_training_scale,vessel_roi_accuracy,0.7933919828399542,ratio,512x512,512x512,1 px (physical spacing unverified),raw,0.5,0.5,spatial valid AND annotation-valid where available,none,sabids-evaluator-v0-20260828,141.0,141.0,3.0,runs/current/stage2_segment_roi_current_fold0/history.csv,epoch=55;column=val_vessel_roi_accuracy,metadata_verified,
current-f0-stage2_segment_roi_current_fold0,current-f0-stage2_segment_roi_current_fold0-history-val,E3-current,segment,42,0,83e474e7cd1691d98b587800c781248169e2c1f1d75d929a9bffe32dd375467d,55,val,PKU37,,,group_macro_training_scale,vessel_roi_background_iou,0.6944215042294428,ratio,512x512,512x512,1 px (physical spacing unverified),raw,0.5,0.5,spatial valid AND annotation-valid where available,none,sabids-evaluator-v0-20260828,141.0,141.0,3.0,runs/current/stage2_segment_roi_current_fold0/history.csv,epoch=55;column=val_vessel_roi_background_iou,metadata_verified,
current-f0-stage2_segment_roi_current_fold0,current-f0-stage2_segment_roi_current_fold0-history-val,E3-current,segment,42,0,83e474e7cd1691d98b587800c781248169e2c1f1d75d929a9bffe32dd375467d,55,val,PKU37,,,group_macro_training_scale,vessel_roi_dice,0.7584156576363612,ratio,512x512,512x512,1 px (physical spacing unverified),raw,0.5,0.5,spatial valid AND annotation-valid where available,none,sabids-evaluator-v0-20260828,141.0,141.0,3.0,runs/current/stage2_segment_roi_current_fold0/history.csv,epoch=55;column=val_vessel_roi_dice,metadata_verified,
current-f0-stage2_segment_roi_current_fold0,current-f0-stage2_segment_roi_current_fold0-history-val,E3-current,segment,42,0,83e474e7cd1691d98b587800c781248169e2c1f1d75d929a9bffe32dd375467d,55,val,PKU37,,,group_macro_training_scale,vessel_roi_iou,0.6123112750395573,ratio,512x512,512x512,1 px (physical spacing unverified),raw,0.5,0.5,spatial valid AND annotation-valid where available,none,sabids-evaluator-v0-20260828,141.0,141.0,3.0,runs/current/stage2_segment_roi_current_fold0/history.csv,epoch=55;column=val_vessel_roi_iou,metadata_verified,
current-f0-stage2_segment_roi_current_fold0,current-f0-stage2_segment_roi_current_fold0-history-val,E3-current,segment,42,0,83e474e7cd1691d98b587800c781248169e2c1f1d75d929a9bffe32dd375467d,55,val,PKU37,,,group_macro_training_scale,vessel_roi_miou,0.6533663896345,ratio,512x512,512x512,1 px (physical spacing unverified),raw,0.5,0.5,spatial valid AND annotation-valid where available,none,sabids-evaluator-v0-20260828,141.0,141.0,3.0,runs/current/stage2_segment_roi_current_fold0/history.csv,epoch=55;column=val_vessel_roi_miou,metadata_verified,
current-f0-stage2_segment_roi_current_fold0,current-f0-stage2_segment_roi_current_fold0-history-val,E3-current,segment,42,0,83e474e7cd1691d98b587800c781248169e2c1f1d75d929a9bffe32dd375467d,55,val,PKU37,,,group_macro_training_scale,vessel_roi_precision,0.729362984752238,ratio,512x512,512x512,1 px (physical spacing unverified),raw,0.5,0.5,spatial valid AND annotation-valid where available,none,sabids-evaluator-v0-20260828,141.0,141.0,3.0,runs/current/stage2_segment_roi_current_fold0/history.csv,epoch=55;column=val_vessel_roi_precision,metadata_verified,
current-f0-stage2_segment_roi_current_fold0,current-f0-stage2_segment_roi_current_fold0-history-val,E3-current,segment,42,0,83e474e7cd1691d98b587800c781248169e2c1f1d75d929a9bffe32dd375467d,55,val,PKU37,,,group_macro_training_scale,vessel_roi_recall,0.7941224666643674,ratio,512x512,512x512,1 px (physical spacing unverified),raw,0.5,0.5,spatial valid AND annotation-valid where available,none,sabids-evaluator-v0-20260828,141.0,141.0,3.0,runs/current/stage2_segment_roi_current_fold0/history.csv,epoch=55;column=val_vessel_roi_recall,metadata_verified,
current-f0-stage2_segment_roi_current_fold0,current-f0-stage2_segment_roi_current_fold0-history-val,E3-current,segment,42,0,83e474e7cd1691d98b587800c781248169e2c1f1d75d929a9bffe32dd375467d,55,val,PKU37,,,group_macro_training_scale,vessel_roi_specificity,0.7942132915029765,ratio,512x512,512x512,1 px (physical spacing unverified),raw,0.5,0.5,spatial valid AND annotation-valid where available,none,sabids-evaluator-v0-20260828,141.0,141.0,3.0,runs/current/stage2_segment_roi_current_fold0/history.csv,epoch=55;column=val_vessel_roi_specificity,metadata_verified,
current-f0-stage2_segment_roi_current_fold0,current-f0-stage2_segment_roi_current_fold0-history-val,E3-current,segment,42,0,83e474e7cd1691d98b587800c781248169e2c1f1d75d929a9bffe32dd375467d,55,val,PKU37,,,group_macro_training_scale,vessel_soft_dice,0.6307918564076435,ratio,512x512,512x512,1 px (physical spacing unverified),raw,0.5,0.5,spatial valid AND annotation-valid where available,none,sabids-evaluator-v0-20260828,141.0,141.0,3.0,runs/current/stage2_segment_roi_current_fold0/history.csv,epoch=55;column=val_vessel_soft_dice,metadata_verified,
current-f0-stage2_segment_roi_current_fold0,current-f0-stage2_segment_roi_current_fold0-history-val,E3-current,segment,42,0,83e474e7cd1691d98b587800c781248169e2c1f1d75d929a9bffe32dd375467d,55,val,PKU37,,,group_macro_training_scale,vessel_specificity,0.9718917465604152,ratio,512x512,512x512,1 px (physical spacing unverified),raw,0.5,0.5,spatial valid AND annotation-valid where available,none,sabids-evaluator-v0-20260828,141.0,141.0,3.0,runs/current/stage2_segment_roi_current_fold0/history.csv,epoch=55;column=val_vessel_specificity,metadata_verified,
current-f0-stage2_segment_roi_current_fold0,current-f0-stage2_segment_roi_current_fold0-history-val,E3-current,segment,42,0,83e474e7cd1691d98b587800c781248169e2c1f1d75d929a9bffe32dd375467d,55,val,PKU37,,,group_macro_training_scale,whole_layer_baseline_vessel_dice,0.5795256266104193,ratio,512x512,512x512,1 px (physical spacing unverified),raw,0.5,0.5,spatial valid AND annotation-valid where available,none,sabids-evaluator-v0-20260828,141.0,141.0,3.0,runs/current/stage2_segment_roi_current_fold0/history.csv,epoch=55;column=val_whole_layer_baseline_vessel_dice,metadata_verified,
current-f0-stage2_segment_roi_current_fold0,current-f0-stage2_segment_roi_current_fold0-history-val,E3-current,segment,42,0,83e474e7cd1691d98b587800c781248169e2c1f1d75d929a9bffe32dd375467d,55,val,PKU37,,,group_macro_training_scale,denoise_probe_max_abs_diff,0.0,ratio,512x512,512x512,1 px (physical spacing unverified),raw,0.5,0.5,spatial valid AND annotation-valid where available,none,sabids-evaluator-v0-20260828,141.0,141.0,3.0,runs/current/stage2_segment_roi_current_fold0/history.csv,epoch=55;column=val_denoise_probe_max_abs_diff,metadata_verified,
current-f0-stage2_segment_roi_outside_no_d2s_fold0,current-f0-stage2_segment_roi_outside_no_d2s_fold0-history-val,E3b-no-D2S,segment,42,0,194bb20ff48d5a795a236d2d7204ff0cbf2abf89c9ebe5e9f1546457f2c3689b,55,val,PKU37,,,group_macro_training_scale,empty_baseline_vessel_dice,7.225767158984167e-11,ratio,512x512,512x512,1 px (physical spacing unverified),raw,0.5,0.5,spatial valid AND annotation-valid where available,none,sabids-evaluator-v0-20260828,141.0,141.0,3.0,runs/current/stage2_segment_roi_outside_no_d2s_fold0/history.csv,epoch=55;column=val_empty_baseline_vessel_dice,metadata_verified,
current-f0-stage2_segment_roi_outside_no_d2s_fold0,current-f0-stage2_segment_roi_outside_no_d2s_fold0-history-val,E3b-no-D2S,segment,42,0,194bb20ff48d5a795a236d2d7204ff0cbf2abf89c9ebe5e9f1546457f2c3689b,55,val,PKU37,,,group_macro_training_scale,gt_vessel_outside_pred_layer_fraction,0.0165877535003846,ratio,512x512,512x512,1 px (physical spacing unverified),raw,0.5,0.5,spatial valid AND annotation-valid where available,none,sabids-evaluator-v0-20260828,141.0,141.0,3.0,runs/current/stage2_segment_roi_outside_no_d2s_fold0/history.csv,epoch=55;column=val_gt_vessel_outside_pred_layer_fraction,metadata_verified,
current-f0-stage2_segment_roi_outside_no_d2s_fold0,current-f0-stage2_segment_roi_outside_no_d2s_fold0-history-val,E3b-no-D2S,segment,42,0,194bb20ff48d5a795a236d2d7204ff0cbf2abf89c9ebe5e9f1546457f2c3689b,55,val,PKU37,,,group_macro_training_scale,gt_vessel_outside_pred_layer_pixels,230.40211382113824,px,512x512,512x512,1 px (physical spacing unverified),raw,0.5,0.5,spatial valid AND annotation-valid where available,none,sabids-evaluator-v0-20260828,141.0,141.0,3.0,runs/current/stage2_segment_roi_outside_no_d2s_fold0/history.csv,epoch=55;column=val_gt_vessel_outside_pred_layer_pixels,metadata_verified,
current-f0-stage2_segment_roi_outside_no_d2s_fold0,current-f0-stage2_segment_roi_outside_no_d2s_fold0-history-val,E3b-no-D2S,segment,42,0,194bb20ff48d5a795a236d2d7204ff0cbf2abf89c9ebe5e9f1546457f2c3689b,55,val,PKU37,,,group_macro_training_scale,layer_dice,0.9424762427429708,ratio,512x512,512x512,1 px (physical spacing unverified),raw,0.5,0.5,spatial valid AND annotation-valid where available,none,sabids-evaluator-v0-20260828,141.0,141.0,3.0,runs/current/stage2_segment_roi_outside_no_d2s_fold0/history.csv,epoch=55;column=val_layer_dice,metadata_verified,
current-f0-stage2_segment_roi_outside_no_d2s_fold0,current-f0-stage2_segment_roi_outside_no_d2s_fold0-history-val,E3b-no-D2S,segment,42,0,194bb20ff48d5a795a236d2d7204ff0cbf2abf89c9ebe5e9f1546457f2c3689b,55,val,PKU37,,,group_macro_training_scale,layer_precision,0.9377064040446674,ratio,512x512,512x512,1 px (physical spacing unverified),raw,0.5,0.5,spatial valid AND annotation-valid where available,none,sabids-evaluator-v0-20260828,141.0,141.0,3.0,runs/current/stage2_segment_roi_outside_no_d2s_fold0/history.csv,epoch=55;column=val_layer_precision,metadata_verified,
current-f0-stage2_segment_roi_outside_no_d2s_fold0,current-f0-stage2_segment_roi_outside_no_d2s_fold0-history-val,E3b-no-D2S,segment,42,0,194bb20ff48d5a795a236d2d7204ff0cbf2abf89c9ebe5e9f1546457f2c3689b,55,val,PKU37,,,group_macro_training_scale,layer_recall,0.9493254836062892,ratio,512x512,512x512,1 px (physical spacing unverified),raw,0.5,0.5,spatial valid AND annotation-valid where available,none,sabids-evaluator-v0-20260828,141.0,141.0,3.0,runs/current/stage2_segment_roi_outside_no_d2s_fold0/history.csv,epoch=55;column=val_layer_recall,metadata_verified,
current-f0-stage2_segment_roi_outside_no_d2s_fold0,current-f0-stage2_segment_roi_outside_no_d2s_fold0-history-val,E3b-no-D2S,segment,42,0,194bb20ff48d5a795a236d2d7204ff0cbf2abf89c9ebe5e9f1546457f2c3689b,55,val,PKU37,,,group_macro_training_scale,layer_soft_dice,0.9333157122477008,ratio,512x512,512x512,1 px (physical spacing unverified),raw,0.5,0.5,spatial valid AND annotation-valid where available,none,sabids-evaluator-v0-20260828,141.0,141.0,3.0,runs/current/stage2_segment_roi_outside_no_d2s_fold0/history.csv,epoch=55;column=val_layer_soft_dice,metadata_verified,
current-f0-stage2_segment_roi_outside_no_d2s_fold0,current-f0-stage2_segment_roi_outside_no_d2s_fold0-history-val,E3b-no-D2S,segment,42,0,194bb20ff48d5a795a236d2d7204ff0cbf2abf89c9ebe5e9f1546457f2c3689b,55,val,PKU37,,,group_macro_training_scale,pred_layer_vessel_dice,0.6062666613083963,ratio,512x512,512x512,1 px (physical spacing unverified),raw,0.5,0.5,spatial valid AND annotation-valid where available,none,sabids-evaluator-v0-20260828,141.0,141.0,3.0,runs/current/stage2_segment_roi_outside_no_d2s_fold0/history.csv,epoch=55;column=val_pred_layer_vessel_dice,metadata_verified,
current-f0-stage2_segment_roi_outside_no_d2s_fold0,current-f0-stage2_segment_roi_outside_no_d2s_fold0-history-val,E3b-no-D2S,segment,42,0,194bb20ff48d5a795a236d2d7204ff0cbf2abf89c9ebe5e9f1546457f2c3689b,55,val,PKU37,,,group_macro_training_scale,psnr,34.32020572451806,dB,512x512,512x512,1 px (physical spacing unverified),raw,0.5,0.5,spatial valid AND annotation-valid where available,none,sabids-evaluator-v0-20260828,141.0,141.0,3.0,runs/current/stage2_segment_roi_outside_no_d2s_fold0/history.csv,epoch=55;column=val_psnr,metadata_verified,
current-f0-stage2_segment_roi_outside_no_d2s_fold0,current-f0-stage2_segment_roi_outside_no_d2s_fold0-history-val,E3b-no-D2S,segment,42,0,194bb20ff48d5a795a236d2d7204ff0cbf2abf89c9ebe5e9f1546457f2c3689b,55,val,PKU37,,,group_macro_training_scale,vessel_accuracy,0.9699072315248226,ratio,512x512,512x512,1 px (physical spacing unverified),raw,0.5,0.5,spatial valid AND annotation-valid where available,none,sabids-evaluator-v0-20260828,141.0,141.0,3.0,runs/current/stage2_segment_roi_outside_no_d2s_fold0/history.csv,epoch=55;column=val_vessel_accuracy,metadata_verified,
current-f0-stage2_segment_roi_outside_no_d2s_fold0,current-f0-stage2_segment_roi_outside_no_d2s_fold0-history-val,E3b-no-D2S,segment,42,0,194bb20ff48d5a795a236d2d7204ff0cbf2abf89c9ebe5e9f1546457f2c3689b,55,val,PKU37,,,group_macro_training_scale,vessel_area_fraction_mae,0.0468182048796187,px,512x512,512x512,1 px (physical spacing unverified),raw,0.5,0.5,spatial valid AND annotation-valid where available,none,sabids-evaluator-v0-20260828,141.0,141.0,3.0,runs/current/stage2_segment_roi_outside_no_d2s_fold0/history.csv,epoch=55;column=val_vessel_area_fraction_mae,metadata_verified,
current-f0-stage2_segment_roi_outside_no_d2s_fold0,current-f0-stage2_segment_roi_outside_no_d2s_fold0-history-val,E3b-no-D2S,segment,42,0,194bb20ff48d5a795a236d2d7204ff0cbf2abf89c9ebe5e9f1546457f2c3689b,55,val,PKU37,,,group_macro_training_scale,vessel_area_fraction_pred,0.4551001323748304,ratio,512x512,512x512,1 px (physical spacing unverified),raw,0.5,0.5,spatial valid AND annotation-valid where available,none,sabids-evaluator-v0-20260828,141.0,141.0,3.0,runs/current/stage2_segment_roi_outside_no_d2s_fold0/history.csv,epoch=55;column=val_vessel_area_fraction_pred,metadata_verified,
current-f0-stage2_segment_roi_outside_no_d2s_fold0,current-f0-stage2_segment_roi_outside_no_d2s_fold0-history-val,E3b-no-D2S,segment,42,0,194bb20ff48d5a795a236d2d7204ff0cbf2abf89c9ebe5e9f1546457f2c3689b,55,val,PKU37,,,group_macro_training_scale,vessel_area_fraction_true,0.4086859061871113,ratio,512x512,512x512,1 px (physical spacing unverified),raw,0.5,0.5,spatial valid AND annotation-valid where available,none,sabids-evaluator-v0-20260828,141.0,141.0,3.0,runs/current/stage2_segment_roi_outside_no_d2s_fold0/history.csv,epoch=55;column=val_vessel_area_fraction_true,metadata_verified,
current-f0-stage2_segment_roi_outside_no_d2s_fold0,current-f0-stage2_segment_roi_outside_no_d2s_fold0-history-val,E3b-no-D2S,segment,42,0,194bb20ff48d5a795a236d2d7204ff0cbf2abf89c9ebe5e9f1546457f2c3689b,55,val,PKU37,,,group_macro_training_scale,vessel_background_iou,0.968574306591854,ratio,512x512,512x512,1 px (physical spacing unverified),raw,0.5,0.5,spatial valid AND annotation-valid where available,none,sabids-evaluator-v0-20260828,141.0,141.0,3.0,runs/current/stage2_segment_roi_outside_no_d2s_fold0/history.csv,epoch=55;column=val_vessel_background_iou,metadata_verified,
current-f0-stage2_segment_roi_outside_no_d2s_fold0,current-f0-stage2_segment_roi_outside_no_d2s_fold0-history-val,E3b-no-D2S,segment,42,0,194bb20ff48d5a795a236d2d7204ff0cbf2abf89c9ebe5e9f1546457f2c3689b,55,val,PKU37,,,group_macro_training_scale,vessel_boundary_band_accuracy,0.6687348758980295,ratio,512x512,512x512,1 px (physical spacing unverified),raw,0.5,0.5,spatial valid AND annotation-valid where available,none,sabids-evaluator-v0-20260828,141.0,141.0,3.0,runs/current/stage2_segment_roi_outside_no_d2s_fold0/history.csv,epoch=55;column=val_vessel_boundary_band_accuracy,metadata_verified,
current-f0-stage2_segment_roi_outside_no_d2s_fold0,current-f0-stage2_segment_roi_outside_no_d2s_fold0-history-val,E3b-no-D2S,segment,42,0,194bb20ff48d5a795a236d2d7204ff0cbf2abf89c9ebe5e9f1546457f2c3689b,55,val,PKU37,,,group_macro_training_scale,vessel_boundary_band_background_iou,0.4722180882508962,ratio,512x512,512x512,1 px (physical spacing unverified),raw,0.5,0.5,spatial valid AND annotation-valid where available,none,sabids-evaluator-v0-20260828,141.0,141.0,3.0,runs/current/stage2_segment_roi_outside_no_d2s_fold0/history.csv,epoch=55;column=val_vessel_boundary_band_background_iou,metadata_verified,
current-f0-stage2_segment_roi_outside_no_d2s_fold0,current-f0-stage2_segment_roi_outside_no_d2s_fold0-history-val,E3b-no-D2S,segment,42,0,194bb20ff48d5a795a236d2d7204ff0cbf2abf89c9ebe5e9f1546457f2c3689b,55,val,PKU37,,,group_macro_training_scale,vessel_boundary_band_dice,0.6916604991004869,ratio,512x512,512x512,1 px (physical spacing unverified),raw,0.5,0.5,spatial valid AND annotation-valid where available,none,sabids-evaluator-v0-20260828,141.0,141.0,3.0,runs/current/stage2_segment_roi_outside_no_d2s_fold0/history.csv,epoch=55;column=val_vessel_boundary_band_dice,metadata_verified,
current-f0-stage2_segment_roi_outside_no_d2s_fold0,current-f0-stage2_segment_roi_outside_no_d2s_fold0-history-val,E3b-no-D2S,segment,42,0,194bb20ff48d5a795a236d2d7204ff0cbf2abf89c9ebe5e9f1546457f2c3689b,55,val,PKU37,,,group_macro_training_scale,vessel_boundary_band_fn_pixels,2411.643577235772,px,512x512,512x512,1 px (physical spacing unverified),raw,0.5,0.5,spatial valid AND annotation-valid where available,none,sabids-evaluator-v0-20260828,141.0,141.0,3.0,runs/current/stage2_segment_roi_outside_no_d2s_fold0/history.csv,epoch=55;column=val_vessel_boundary_band_fn_pixels,metadata_verified,
current-f0-stage2_segment_roi_outside_no_d2s_fold0,current-f0-stage2_segment_roi_outside_no_d2s_fold0-history-val,E3b-no-D2S,segment,42,0,194bb20ff48d5a795a236d2d7204ff0cbf2abf89c9ebe5e9f1546457f2c3689b,55,val,PKU37,,,group_macro_training_scale,vessel_boundary_band_fp_pixels,2942.8310569105693,px,512x512,512x512,1 px (physical spacing unverified),raw,0.5,0.5,spatial valid AND annotation-valid where available,none,sabids-evaluator-v0-20260828,141.0,141.0,3.0,runs/current/stage2_segment_roi_outside_no_d2s_fold0/history.csv,epoch=55;column=val_vessel_boundary_band_fp_pixels,metadata_verified,
current-f0-stage2_segment_roi_outside_no_d2s_fold0,current-f0-stage2_segment_roi_outside_no_d2s_fold0-history-val,E3b-no-D2S,segment,42,0,194bb20ff48d5a795a236d2d7204ff0cbf2abf89c9ebe5e9f1546457f2c3689b,55,val,PKU37,,,group_macro_training_scale,vessel_boundary_band_iou,0.5288703356226299,ratio,512x512,512x512,1 px (physical spacing unverified),raw,0.5,0.5,spatial valid AND annotation-valid where available,none,sabids-evaluator-v0-20260828,141.0,141.0,3.0,runs/current/stage2_segment_roi_outside_no_d2s_fold0/history.csv,epoch=55;column=val_vessel_boundary_band_iou,metadata_verified,
current-f0-stage2_segment_roi_outside_no_d2s_fold0,current-f0-stage2_segment_roi_outside_no_d2s_fold0-history-val,E3b-no-D2S,segment,42,0,194bb20ff48d5a795a236d2d7204ff0cbf2abf89c9ebe5e9f1546457f2c3689b,55,val,PKU37,,,group_macro_training_scale,vessel_boundary_band_miou,0.500544211936763,ratio,512x512,512x512,1 px (physical spacing unverified),raw,0.5,0.5,spatial valid AND annotation-valid where available,none,sabids-evaluator-v0-20260828,141.0,141.0,3.0,runs/current/stage2_segment_roi_outside_no_d2s_fold0/history.csv,epoch=55;column=val_vessel_boundary_band_miou,metadata_verified,
current-f0-stage2_segment_roi_outside_no_d2s_fold0,current-f0-stage2_segment_roi_outside_no_d2s_fold0-history-val,E3b-no-D2S,segment,42,0,194bb20ff48d5a795a236d2d7204ff0cbf2abf89c9ebe5e9f1546457f2c3689b,55,val,PKU37,,,group_macro_training_scale,vessel_boundary_band_precision,0.6758176459676576,ratio,512x512,512x512,1 px (physical spacing unverified),raw,0.5,0.5,spatial valid AND annotation-valid where available,none,sabids-evaluator-v0-20260828,141.0,141.0,3.0,runs/current/stage2_segment_roi_outside_no_d2s_fold0/history.csv,epoch=55;column=val_vessel_boundary_band_precision,metadata_verified,
current-f0-stage2_segment_roi_outside_no_d2s_fold0,current-f0-stage2_segment_roi_outside_no_d2s_fold0-history-val,E3b-no-D2S,segment,42,0,194bb20ff48d5a795a236d2d7204ff0cbf2abf89c9ebe5e9f1546457f2c3689b,55,val,PKU37,,,group_macro_training_scale,vessel_boundary_band_recall,0.7127732049775868,ratio,512x512,512x512,1 px (physical spacing unverified),raw,0.5,0.5,spatial valid AND annotation-valid where available,none,sabids-evaluator-v0-20260828,141.0,141.0,3.0,runs/current/stage2_segment_roi_outside_no_d2s_fold0/history.csv,epoch=55;column=val_vessel_boundary_band_recall,metadata_verified,
current-f0-stage2_segment_roi_outside_no_d2s_fold0,current-f0-stage2_segment_roi_outside_no_d2s_fold0-history-val,E3b-no-D2S,segment,42,0,194bb20ff48d5a795a236d2d7204ff0cbf2abf89c9ebe5e9f1546457f2c3689b,55,val,PKU37,,,group_macro_training_scale,vessel_boundary_band_specificity,0.6223743603013039,ratio,512x512,512x512,1 px (physical spacing unverified),raw,0.5,0.5,spatial valid AND annotation-valid where available,none,sabids-evaluator-v0-20260828,141.0,141.0,3.0,runs/current/stage2_segment_roi_outside_no_d2s_fold0/history.csv,epoch=55;column=val_vessel_boundary_band_specificity,metadata_verified,
current-f0-stage2_segment_roi_outside_no_d2s_fold0,current-f0-stage2_segment_roi_outside_no_d2s_fold0-history-val,E3b-no-D2S,segment,42,0,194bb20ff48d5a795a236d2d7204ff0cbf2abf89c9ebe5e9f1546457f2c3689b,55,val,PKU37,,,group_macro_training_scale,vessel_dice,0.7393036400668574,ratio,512x512,512x512,1 px (physical spacing unverified),raw,0.5,0.5,spatial valid AND annotation-valid where available,none,sabids-evaluator-v0-20260828,141.0,141.0,3.0,runs/current/stage2_segment_roi_outside_no_d2s_fold0/history.csv,epoch=55;column=val_vessel_dice,metadata_verified,
current-f0-stage2_segment_roi_outside_no_d2s_fold0,current-f0-stage2_segment_roi_outside_no_d2s_fold0-history-val,E3b-no-D2S,segment,42,0,194bb20ff48d5a795a236d2d7204ff0cbf2abf89c9ebe5e9f1546457f2c3689b,55,val,PKU37,,,group_macro_training_scale,vessel_error_outside_gt_and_pred_layer_fraction,0.0484119803855488,ratio,512x512,512x512,1 px (physical spacing unverified),raw,0.5,0.5,spatial valid AND annotation-valid where available,none,sabids-evaluator-v0-20260828,141.0,141.0,3.0,runs/current/stage2_segment_roi_outside_no_d2s_fold0/history.csv,epoch=55;column=val_vessel_error_outside_gt_and_pred_layer_fraction,metadata_verified,
current-f0-stage2_segment_roi_outside_no_d2s_fold0,current-f0-stage2_segment_roi_outside_no_d2s_fold0-history-val,E3b-no-D2S,segment,42,0,194bb20ff48d5a795a236d2d7204ff0cbf2abf89c9ebe5e9f1546457f2c3689b,55,val,PKU37,,,group_macro_training_scale,vessel_error_outside_gt_and_pred_layer_pixels,776.8626016260163,px,512x512,512x512,1 px (physical spacing unverified),raw,0.5,0.5,spatial valid AND annotation-valid where available,none,sabids-evaluator-v0-20260828,141.0,141.0,3.0,runs/current/stage2_segment_roi_outside_no_d2s_fold0/history.csv,epoch=55;column=val_vessel_error_outside_gt_and_pred_layer_pixels,metadata_verified,
current-f0-stage2_segment_roi_outside_no_d2s_fold0,current-f0-stage2_segment_roi_outside_no_d2s_fold0-history-val,E3b-no-D2S,segment,42,0,194bb20ff48d5a795a236d2d7204ff0cbf2abf89c9ebe5e9f1546457f2c3689b,55,val,PKU37,,,group_macro_training_scale,vessel_error_outside_gt_inside_pred_layer_fraction,0.0059701247484128,ratio,512x512,512x512,1 px (physical spacing unverified),raw,0.5,0.5,spatial valid AND annotation-valid where available,none,sabids-evaluator-v0-20260828,141.0,141.0,3.0,runs/current/stage2_segment_roi_outside_no_d2s_fold0/history.csv,epoch=55;column=val_vessel_error_outside_gt_inside_pred_layer_fraction,metadata_verified,
current-f0-stage2_segment_roi_outside_no_d2s_fold0,current-f0-stage2_segment_roi_outside_no_d2s_fold0-history-val,E3b-no-D2S,segment,42,0,194bb20ff48d5a795a236d2d7204ff0cbf2abf89c9ebe5e9f1546457f2c3689b,55,val,PKU37,,,group_macro_training_scale,vessel_error_outside_gt_inside_pred_layer_pixels,102.67528455284554,px,512x512,512x512,1 px (physical spacing unverified),raw,0.5,0.5,spatial valid AND annotation-valid where available,none,sabids-evaluator-v0-20260828,141.0,141.0,3.0,runs/current/stage2_segment_roi_outside_no_d2s_fold0/history.csv,epoch=55;column=val_vessel_error_outside_gt_inside_pred_layer_pixels,metadata_verified,
current-f0-stage2_segment_roi_outside_no_d2s_fold0,current-f0-stage2_segment_roi_outside_no_d2s_fold0-history-val,E3b-no-D2S,segment,42,0,194bb20ff48d5a795a236d2d7204ff0cbf2abf89c9ebe5e9f1546457f2c3689b,55,val,PKU37,,,group_macro_training_scale,vessel_iou,0.5873848282123276,ratio,512x512,512x512,1 px (physical spacing unverified),raw,0.5,0.5,spatial valid AND annotation-valid where available,none,sabids-evaluator-v0-20260828,141.0,141.0,3.0,runs/current/stage2_segment_roi_outside_no_d2s_fold0/history.csv,epoch=55;column=val_vessel_iou,metadata_verified,
current-f0-stage2_segment_roi_outside_no_d2s_fold0,current-f0-stage2_segment_roi_outside_no_d2s_fold0-history-val,E3b-no-D2S,segment,42,0,194bb20ff48d5a795a236d2d7204ff0cbf2abf89c9ebe5e9f1546457f2c3689b,55,val,PKU37,,,group_macro_training_scale,vessel_miou,0.7779795674020908,ratio,512x512,512x512,1 px (physical spacing unverified),raw,0.5,0.5,spatial valid AND annotation-valid where available,none,sabids-evaluator-v0-20260828,141.0,141.0,3.0,runs/current/stage2_segment_roi_outside_no_d2s_fold0/history.csv,epoch=55;column=val_vessel_miou,metadata_verified,
current-f0-stage2_segment_roi_outside_no_d2s_fold0,current-f0-stage2_segment_roi_outside_no_d2s_fold0-history-val,E3b-no-D2S,segment,42,0,194bb20ff48d5a795a236d2d7204ff0cbf2abf89c9ebe5e9f1546457f2c3689b,55,val,PKU37,,,group_macro_training_scale,vessel_oracle_gt_layer_accuracy,0.97326240229423,ratio,512x512,512x512,1 px (physical spacing unverified),raw,0.5,0.5,spatial valid AND annotation-valid where available,none,sabids-evaluator-v0-20260828,141.0,141.0,3.0,runs/current/stage2_segment_roi_outside_no_d2s_fold0/history.csv,epoch=55;column=val_vessel_oracle_gt_layer_accuracy,metadata_verified,
current-f0-stage2_segment_roi_outside_no_d2s_fold0,current-f0-stage2_segment_roi_outside_no_d2s_fold0-history-val,E3b-no-D2S,segment,42,0,194bb20ff48d5a795a236d2d7204ff0cbf2abf89c9ebe5e9f1546457f2c3689b,55,val,PKU37,,,group_macro_training_scale,vessel_oracle_gt_layer_background_iou,0.972078615175121,ratio,512x512,512x512,1 px (physical spacing unverified),raw,0.5,0.5,spatial valid AND annotation-valid where available,none,sabids-evaluator-v0-20260828,141.0,141.0,3.0,runs/current/stage2_segment_roi_outside_no_d2s_fold0/history.csv,epoch=55;column=val_vessel_oracle_gt_layer_background_iou,metadata_verified,
current-f0-stage2_segment_roi_outside_no_d2s_fold0,current-f0-stage2_segment_roi_outside_no_d2s_fold0-history-val,E3b-no-D2S,segment,42,0,194bb20ff48d5a795a236d2d7204ff0cbf2abf89c9ebe5e9f1546457f2c3689b,55,val,PKU37,,,group_macro_training_scale,vessel_oracle_gt_layer_dice,0.7618645434313734,ratio,512x512,512x512,1 px (physical spacing unverified),raw,0.5,0.5,spatial valid AND annotation-valid where available,none,sabids-evaluator-v0-20260828,141.0,141.0,3.0,runs/current/stage2_segment_roi_outside_no_d2s_fold0/history.csv,epoch=55;column=val_vessel_oracle_gt_layer_dice,metadata_verified,
current-f0-stage2_segment_roi_outside_no_d2s_fold0,current-f0-stage2_segment_roi_outside_no_d2s_fold0-history-val,E3b-no-D2S,segment,42,0,194bb20ff48d5a795a236d2d7204ff0cbf2abf89c9ebe5e9f1546457f2c3689b,55,val,PKU37,,,group_macro_training_scale,vessel_oracle_gt_layer_iou,0.6166924109327644,ratio,512x512,512x512,1 px (physical spacing unverified),raw,0.5,0.5,spatial valid AND annotation-valid where available,none,sabids-evaluator-v0-20260828,141.0,141.0,3.0,runs/current/stage2_segment_roi_outside_no_d2s_fold0/history.csv,epoch=55;column=val_vessel_oracle_gt_layer_iou,metadata_verified,
current-f0-stage2_segment_roi_outside_no_d2s_fold0,current-f0-stage2_segment_roi_outside_no_d2s_fold0-history-val,E3b-no-D2S,segment,42,0,194bb20ff48d5a795a236d2d7204ff0cbf2abf89c9ebe5e9f1546457f2c3689b,55,val,PKU37,,,group_macro_training_scale,vessel_oracle_gt_layer_miou,0.7943855130539426,ratio,512x512,512x512,1 px (physical spacing unverified),raw,0.5,0.5,spatial valid AND annotation-valid where available,none,sabids-evaluator-v0-20260828,141.0,141.0,3.0,runs/current/stage2_segment_roi_outside_no_d2s_fold0/history.csv,epoch=55;column=val_vessel_oracle_gt_layer_miou,metadata_verified,
current-f0-stage2_segment_roi_outside_no_d2s_fold0,current-f0-stage2_segment_roi_outside_no_d2s_fold0-history-val,E3b-no-D2S,segment,42,0,194bb20ff48d5a795a236d2d7204ff0cbf2abf89c9ebe5e9f1546457f2c3689b,55,val,PKU37,,,group_macro_training_scale,vessel_oracle_gt_layer_precision,0.7267432274474052,ratio,512x512,512x512,1 px (physical spacing unverified),raw,0.5,0.5,spatial valid AND annotation-valid where available,none,sabids-evaluator-v0-20260828,141.0,141.0,3.0,runs/current/stage2_segment_roi_outside_no_d2s_fold0/history.csv,epoch=55;column=val_vessel_oracle_gt_layer_precision,metadata_verified,
current-f0-stage2_segment_roi_outside_no_d2s_fold0,current-f0-stage2_segment_roi_outside_no_d2s_fold0-history-val,E3b-no-D2S,segment,42,0,194bb20ff48d5a795a236d2d7204ff0cbf2abf89c9ebe5e9f1546457f2c3689b,55,val,PKU37,,,group_macro_training_scale,vessel_oracle_gt_layer_recall,0.805308762873519,ratio,512x512,512x512,1 px (physical spacing unverified),raw,0.5,0.5,spatial valid AND annotation-valid where available,none,sabids-evaluator-v0-20260828,141.0,141.0,3.0,runs/current/stage2_segment_roi_outside_no_d2s_fold0/history.csv,epoch=55;column=val_vessel_oracle_gt_layer_recall,metadata_verified,
current-f0-stage2_segment_roi_outside_no_d2s_fold0,current-f0-stage2_segment_roi_outside_no_d2s_fold0-history-val,E3b-no-D2S,segment,42,0,194bb20ff48d5a795a236d2d7204ff0cbf2abf89c9ebe5e9f1546457f2c3689b,55,val,PKU37,,,group_macro_training_scale,vessel_oracle_gt_layer_specificity,0.9826667517132482,ratio,512x512,512x512,1 px (physical spacing unverified),raw,0.5,0.5,spatial valid AND annotation-valid where available,none,sabids-evaluator-v0-20260828,141.0,141.0,3.0,runs/current/stage2_segment_roi_outside_no_d2s_fold0/history.csv,epoch=55;column=val_vessel_oracle_gt_layer_specificity,metadata_verified,
current-f0-stage2_segment_roi_outside_no_d2s_fold0,current-f0-stage2_segment_roi_outside_no_d2s_fold0-history-val,E3b-no-D2S,segment,42,0,194bb20ff48d5a795a236d2d7204ff0cbf2abf89c9ebe5e9f1546457f2c3689b,55,val,PKU37,,,group_macro_training_scale,vessel_outside_gt_layer_fraction,0.0543821051339616,ratio,512x512,512x512,1 px (physical spacing unverified),raw,0.5,0.5,spatial valid AND annotation-valid where available,none,sabids-evaluator-v0-20260828,141.0,141.0,3.0,runs/current/stage2_segment_roi_outside_no_d2s_fold0/history.csv,epoch=55;column=val_vessel_outside_gt_layer_fraction,metadata_verified,
current-f0-stage2_segment_roi_outside_no_d2s_fold0,current-f0-stage2_segment_roi_outside_no_d2s_fold0-history-val,E3b-no-D2S,segment,42,0,194bb20ff48d5a795a236d2d7204ff0cbf2abf89c9ebe5e9f1546457f2c3689b,55,val,PKU37,,,group_macro_training_scale,vessel_precision,0.6860671929036647,ratio,512x512,512x512,1 px (physical spacing unverified),raw,0.5,0.5,spatial valid AND annotation-valid where available,none,sabids-evaluator-v0-20260828,141.0,141.0,3.0,runs/current/stage2_segment_roi_outside_no_d2s_fold0/history.csv,epoch=55;column=val_vessel_precision,metadata_verified,
current-f0-stage2_segment_roi_outside_no_d2s_fold0,current-f0-stage2_segment_roi_outside_no_d2s_fold0-history-val,E3b-no-D2S,segment,42,0,194bb20ff48d5a795a236d2d7204ff0cbf2abf89c9ebe5e9f1546457f2c3689b,55,val,PKU37,,,group_macro_training_scale,vessel_pred_layer_soft_gate_accuracy,0.972683392656632,ratio,512x512,512x512,1 px (physical spacing unverified),raw,0.5,0.5,spatial valid AND annotation-valid where available,none,sabids-evaluator-v0-20260828,141.0,141.0,3.0,runs/current/stage2_segment_roi_outside_no_d2s_fold0/history.csv,epoch=55;column=val_vessel_pred_layer_soft_gate_accuracy,metadata_verified,
current-f0-stage2_segment_roi_outside_no_d2s_fold0,current-f0-stage2_segment_roi_outside_no_d2s_fold0-history-val,E3b-no-D2S,segment,42,0,194bb20ff48d5a795a236d2d7204ff0cbf2abf89c9ebe5e9f1546457f2c3689b,55,val,PKU37,,,group_macro_training_scale,vessel_pred_layer_soft_gate_background_iou,0.9714901005141624,ratio,512x512,512x512,1 px (physical spacing unverified),raw,0.5,0.5,spatial valid AND annotation-valid where available,none,sabids-evaluator-v0-20260828,141.0,141.0,3.0,runs/current/stage2_segment_roi_outside_no_d2s_fold0/history.csv,epoch=55;column=val_vessel_pred_layer_soft_gate_background_iou,metadata_verified,
current-f0-stage2_segment_roi_outside_no_d2s_fold0,current-f0-stage2_segment_roi_outside_no_d2s_fold0-history-val,E3b-no-D2S,segment,42,0,194bb20ff48d5a795a236d2d7204ff0cbf2abf89c9ebe5e9f1546457f2c3689b,55,val,PKU37,,,group_macro_training_scale,vessel_pred_layer_soft_gate_dice,0.7558089518469977,ratio,512x512,512x512,1 px (physical spacing unverified),raw,0.5,0.5,spatial valid AND annotation-valid where available,none,sabids-evaluator-v0-20260828,141.0,141.0,3.0,runs/current/stage2_segment_roi_outside_no_d2s_fold0/history.csv,epoch=55;column=val_vessel_pred_layer_soft_gate_dice,metadata_verified,
current-f0-stage2_segment_roi_outside_no_d2s_fold0,current-f0-stage2_segment_roi_outside_no_d2s_fold0-history-val,E3b-no-D2S,segment,42,0,194bb20ff48d5a795a236d2d7204ff0cbf2abf89c9ebe5e9f1546457f2c3689b,55,val,PKU37,,,group_macro_training_scale,vessel_pred_layer_soft_gate_iou,0.6090208376169843,ratio,512x512,512x512,1 px (physical spacing unverified),raw,0.5,0.5,spatial valid AND annotation-valid where available,none,sabids-evaluator-v0-20260828,141.0,141.0,3.0,runs/current/stage2_segment_roi_outside_no_d2s_fold0/history.csv,epoch=55;column=val_vessel_pred_layer_soft_gate_iou,metadata_verified,
current-f0-stage2_segment_roi_outside_no_d2s_fold0,current-f0-stage2_segment_roi_outside_no_d2s_fold0-history-val,E3b-no-D2S,segment,42,0,194bb20ff48d5a795a236d2d7204ff0cbf2abf89c9ebe5e9f1546457f2c3689b,55,val,PKU37,,,group_macro_training_scale,vessel_pred_layer_soft_gate_miou,0.7902554690655733,ratio,512x512,512x512,1 px (physical spacing unverified),raw,0.5,0.5,spatial valid AND annotation-valid where available,none,sabids-evaluator-v0-20260828,141.0,141.0,3.0,runs/current/stage2_segment_roi_outside_no_d2s_fold0/history.csv,epoch=55;column=val_vessel_pred_layer_soft_gate_miou,metadata_verified,
current-f0-stage2_segment_roi_outside_no_d2s_fold0,current-f0-stage2_segment_roi_outside_no_d2s_fold0-history-val,E3b-no-D2S,segment,42,0,194bb20ff48d5a795a236d2d7204ff0cbf2abf89c9ebe5e9f1546457f2c3689b,55,val,PKU37,,,group_macro_training_scale,vessel_pred_layer_soft_gate_precision,0.7237807091666748,ratio,512x512,512x512,1 px (physical spacing unverified),raw,0.5,0.5,spatial valid AND annotation-valid where available,none,sabids-evaluator-v0-20260828,141.0,141.0,3.0,runs/current/stage2_segment_roi_outside_no_d2s_fold0/history.csv,epoch=55;column=val_vessel_pred_layer_soft_gate_precision,metadata_verified,
current-f0-stage2_segment_roi_outside_no_d2s_fold0,current-f0-stage2_segment_roi_outside_no_d2s_fold0-history-val,E3b-no-D2S,segment,42,0,194bb20ff48d5a795a236d2d7204ff0cbf2abf89c9ebe5e9f1546457f2c3689b,55,val,PKU37,,,group_macro_training_scale,vessel_pred_layer_soft_gate_recall,0.7955995040509887,ratio,512x512,512x512,1 px (physical spacing unverified),raw,0.5,0.5,spatial valid AND annotation-valid where available,none,sabids-evaluator-v0-20260828,141.0,141.0,3.0,runs/current/stage2_segment_roi_outside_no_d2s_fold0/history.csv,epoch=55;column=val_vessel_pred_layer_soft_gate_recall,metadata_verified,
current-f0-stage2_segment_roi_outside_no_d2s_fold0,current-f0-stage2_segment_roi_outside_no_d2s_fold0-history-val,E3b-no-D2S,segment,42,0,194bb20ff48d5a795a236d2d7204ff0cbf2abf89c9ebe5e9f1546457f2c3689b,55,val,PKU37,,,group_macro_training_scale,vessel_pred_layer_soft_gate_soft_dice,0.7034021170872206,ratio,512x512,512x512,1 px (physical spacing unverified),raw,0.5,0.5,spatial valid AND annotation-valid where available,none,sabids-evaluator-v0-20260828,141.0,141.0,3.0,runs/current/stage2_segment_roi_outside_no_d2s_fold0/history.csv,epoch=55;column=val_vessel_pred_layer_soft_gate_soft_dice,metadata_verified,
current-f0-stage2_segment_roi_outside_no_d2s_fold0,current-f0-stage2_segment_roi_outside_no_d2s_fold0-history-val,E3b-no-D2S,segment,42,0,194bb20ff48d5a795a236d2d7204ff0cbf2abf89c9ebe5e9f1546457f2c3689b,55,val,PKU37,,,group_macro_training_scale,vessel_pred_layer_soft_gate_specificity,0.9825929120630345,ratio,512x512,512x512,1 px (physical spacing unverified),raw,0.5,0.5,spatial valid AND annotation-valid where available,none,sabids-evaluator-v0-20260828,141.0,141.0,3.0,runs/current/stage2_segment_roi_outside_no_d2s_fold0/history.csv,epoch=55;column=val_vessel_pred_layer_soft_gate_specificity,metadata_verified,
current-f0-stage2_segment_roi_outside_no_d2s_fold0,current-f0-stage2_segment_roi_outside_no_d2s_fold0-history-val,E3b-no-D2S,segment,42,0,194bb20ff48d5a795a236d2d7204ff0cbf2abf89c9ebe5e9f1546457f2c3689b,55,val,PKU37,,,group_macro_training_scale,vessel_recall,0.805308762873519,ratio,512x512,512x512,1 px (physical spacing unverified),raw,0.5,0.5,spatial valid AND annotation-valid where available,none,sabids-evaluator-v0-20260828,141.0,141.0,3.0,runs/current/stage2_segment_roi_outside_no_d2s_fold0/history.csv,epoch=55;column=val_vessel_recall,metadata_verified,
current-f0-stage2_segment_roi_outside_no_d2s_fold0,current-f0-stage2_segment_roi_outside_no_d2s_fold0-history-val,E3b-no-D2S,segment,42,0,194bb20ff48d5a795a236d2d7204ff0cbf2abf89c9ebe5e9f1546457f2c3689b,55,val,PKU37,,,group_macro_training_scale,vessel_roi_accuracy,0.794217031358528,ratio,512x512,512x512,1 px (physical spacing unverified),raw,0.5,0.5,spatial valid AND annotation-valid where available,none,sabids-evaluator-v0-20260828,141.0,141.0,3.0,runs/current/stage2_segment_roi_outside_no_d2s_fold0/history.csv,epoch=55;column=val_vessel_roi_accuracy,metadata_verified,
current-f0-stage2_segment_roi_outside_no_d2s_fold0,current-f0-stage2_segment_roi_outside_no_d2s_fold0-history-val,E3b-no-D2S,segment,42,0,194bb20ff48d5a795a236d2d7204ff0cbf2abf89c9ebe5e9f1546457f2c3689b,55,val,PKU37,,,group_macro_training_scale,vessel_roi_background_iou,0.6934545633703827,ratio,512x512,512x512,1 px (physical spacing unverified),raw,0.5,0.5,spatial valid AND annotation-valid where available,none,sabids-evaluator-v0-20260828,141.0,141.0,3.0,runs/current/stage2_segment_roi_outside_no_d2s_fold0/history.csv,epoch=55;column=val_vessel_roi_background_iou,metadata_verified,
current-f0-stage2_segment_roi_outside_no_d2s_fold0,current-f0-stage2_segment_roi_outside_no_d2s_fold0-history-val,E3b-no-D2S,segment,42,0,194bb20ff48d5a795a236d2d7204ff0cbf2abf89c9ebe5e9f1546457f2c3689b,55,val,PKU37,,,group_macro_training_scale,vessel_roi_dice,0.7618645434313734,ratio,512x512,512x512,1 px (physical spacing unverified),raw,0.5,0.5,spatial valid AND annotation-valid where available,none,sabids-evaluator-v0-20260828,141.0,141.0,3.0,runs/current/stage2_segment_roi_outside_no_d2s_fold0/history.csv,epoch=55;column=val_vessel_roi_dice,metadata_verified,
current-f0-stage2_segment_roi_outside_no_d2s_fold0,current-f0-stage2_segment_roi_outside_no_d2s_fold0-history-val,E3b-no-D2S,segment,42,0,194bb20ff48d5a795a236d2d7204ff0cbf2abf89c9ebe5e9f1546457f2c3689b,55,val,PKU37,,,group_macro_training_scale,vessel_roi_iou,0.6166924109327644,ratio,512x512,512x512,1 px (physical spacing unverified),raw,0.5,0.5,spatial valid AND annotation-valid where available,none,sabids-evaluator-v0-20260828,141.0,141.0,3.0,runs/current/stage2_segment_roi_outside_no_d2s_fold0/history.csv,epoch=55;column=val_vessel_roi_iou,metadata_verified,
current-f0-stage2_segment_roi_outside_no_d2s_fold0,current-f0-stage2_segment_roi_outside_no_d2s_fold0-history-val,E3b-no-D2S,segment,42,0,194bb20ff48d5a795a236d2d7204ff0cbf2abf89c9ebe5e9f1546457f2c3689b,55,val,PKU37,,,group_macro_training_scale,vessel_roi_miou,0.6550734871515735,ratio,512x512,512x512,1 px (physical spacing unverified),raw,0.5,0.5,spatial valid AND annotation-valid where available,none,sabids-evaluator-v0-20260828,141.0,141.0,3.0,runs/current/stage2_segment_roi_outside_no_d2s_fold0/history.csv,epoch=55;column=val_vessel_roi_miou,metadata_verified,
current-f0-stage2_segment_roi_outside_no_d2s_fold0,current-f0-stage2_segment_roi_outside_no_d2s_fold0-history-val,E3b-no-D2S,segment,42,0,194bb20ff48d5a795a236d2d7204ff0cbf2abf89c9ebe5e9f1546457f2c3689b,55,val,PKU37,,,group_macro_training_scale,vessel_roi_precision,0.7267432274474052,ratio,512x512,512x512,1 px (physical spacing unverified),raw,0.5,0.5,spatial valid AND annotation-valid where available,none,sabids-evaluator-v0-20260828,141.0,141.0,3.0,runs/current/stage2_segment_roi_outside_no_d2s_fold0/history.csv,epoch=55;column=val_vessel_roi_precision,metadata_verified,
current-f0-stage2_segment_roi_outside_no_d2s_fold0,current-f0-stage2_segment_roi_outside_no_d2s_fold0-history-val,E3b-no-D2S,segment,42,0,194bb20ff48d5a795a236d2d7204ff0cbf2abf89c9ebe5e9f1546457f2c3689b,55,val,PKU37,,,group_macro_training_scale,vessel_roi_recall,0.805308762873519,ratio,512x512,512x512,1 px (physical spacing unverified),raw,0.5,0.5,spatial valid AND annotation-valid where available,none,sabids-evaluator-v0-20260828,141.0,141.0,3.0,runs/current/stage2_segment_roi_outside_no_d2s_fold0/history.csv,epoch=55;column=val_vessel_roi_recall,metadata_verified,
current-f0-stage2_segment_roi_outside_no_d2s_fold0,current-f0-stage2_segment_roi_outside_no_d2s_fold0-history-val,E3b-no-D2S,segment,42,0,194bb20ff48d5a795a236d2d7204ff0cbf2abf89c9ebe5e9f1546457f2c3689b,55,val,PKU37,,,group_macro_training_scale,vessel_roi_specificity,0.7879936329925107,ratio,512x512,512x512,1 px (physical spacing unverified),raw,0.5,0.5,spatial valid AND annotation-valid where available,none,sabids-evaluator-v0-20260828,141.0,141.0,3.0,runs/current/stage2_segment_roi_outside_no_d2s_fold0/history.csv,epoch=55;column=val_vessel_roi_specificity,metadata_verified,
current-f0-stage2_segment_roi_outside_no_d2s_fold0,current-f0-stage2_segment_roi_outside_no_d2s_fold0-history-val,E3b-no-D2S,segment,42,0,194bb20ff48d5a795a236d2d7204ff0cbf2abf89c9ebe5e9f1546457f2c3689b,55,val,PKU37,,,group_macro_training_scale,vessel_soft_dice,0.6770427492824056,ratio,512x512,512x512,1 px (physical spacing unverified),raw,0.5,0.5,spatial valid AND annotation-valid where available,none,sabids-evaluator-v0-20260828,141.0,141.0,3.0,runs/current/stage2_segment_roi_outside_no_d2s_fold0/history.csv,epoch=55;column=val_vessel_soft_dice,metadata_verified,
current-f0-stage2_segment_roi_outside_no_d2s_fold0,current-f0-stage2_segment_roi_outside_no_d2s_fold0-history-val,E3b-no-D2S,segment,42,0,194bb20ff48d5a795a236d2d7204ff0cbf2abf89c9ebe5e9f1546457f2c3689b,55,val,PKU37,,,group_macro_training_scale,vessel_specificity,0.9791238785690722,ratio,512x512,512x512,1 px (physical spacing unverified),raw,0.5,0.5,spatial valid AND annotation-valid where available,none,sabids-evaluator-v0-20260828,141.0,141.0,3.0,runs/current/stage2_segment_roi_outside_no_d2s_fold0/history.csv,epoch=55;column=val_vessel_specificity,metadata_verified,
current-f0-stage2_segment_roi_outside_no_d2s_fold0,current-f0-stage2_segment_roi_outside_no_d2s_fold0-history-val,E3b-no-D2S,segment,42,0,194bb20ff48d5a795a236d2d7204ff0cbf2abf89c9ebe5e9f1546457f2c3689b,55,val,PKU37,,,group_macro_training_scale,whole_layer_baseline_vessel_dice,0.5795256266104193,ratio,512x512,512x512,1 px (physical spacing unverified),raw,0.5,0.5,spatial valid AND annotation-valid where available,none,sabids-evaluator-v0-20260828,141.0,141.0,3.0,runs/current/stage2_segment_roi_outside_no_d2s_fold0/history.csv,epoch=55;column=val_whole_layer_baseline_vessel_dice,metadata_verified,
current-f0-stage2_segment_roi_outside_no_d2s_fold0,current-f0-stage2_segment_roi_outside_no_d2s_fold0-history-val,E3b-no-D2S,segment,42,0,194bb20ff48d5a795a236d2d7204ff0cbf2abf89c9ebe5e9f1546457f2c3689b,55,val,PKU37,,,group_macro_training_scale,denoise_probe_max_abs_diff,0.0,ratio,512x512,512x512,1 px (physical spacing unverified),raw,0.5,0.5,spatial valid AND annotation-valid where available,none,sabids-evaluator-v0-20260828,141.0,141.0,3.0,runs/current/stage2_segment_roi_outside_no_d2s_fold0/history.csv,epoch=55;column=val_denoise_probe_max_abs_diff,metadata_verified,
current-f0-stage2_segment_safe_current_fold0,current-f0-stage2_segment_safe_current_fold0-history-val,E1-current,segment,42,0,230e9379aceb84c9f2f984c23fed18661d3deeb13a09987394591166161b1d53,32,val,PKU37,,,group_macro_training_scale,empty_baseline_vessel_dice,7.225767158984167e-11,ratio,512x512,512x512,1 px (physical spacing unverified),raw,0.5,0.5,spatial valid AND annotation-valid where available,none,sabids-evaluator-v0-20260828,141.0,141.0,3.0,runs/current/stage2_segment_safe_current_fold0/history.csv,epoch=32;column=val_empty_baseline_vessel_dice,metadata_verified,
current-f0-stage2_segment_safe_current_fold0,current-f0-stage2_segment_safe_current_fold0-history-val,E1-current,segment,42,0,230e9379aceb84c9f2f984c23fed18661d3deeb13a09987394591166161b1d53,32,val,PKU37,,,group_macro_training_scale,gt_vessel_outside_pred_layer_fraction,0.0262819632716614,ratio,512x512,512x512,1 px (physical spacing unverified),raw,0.5,0.5,spatial valid AND annotation-valid where available,none,sabids-evaluator-v0-20260828,141.0,141.0,3.0,runs/current/stage2_segment_safe_current_fold0/history.csv,epoch=32;column=val_gt_vessel_outside_pred_layer_fraction,metadata_verified,
current-f0-stage2_segment_safe_current_fold0,current-f0-stage2_segment_safe_current_fold0-history-val,E1-current,segment,42,0,230e9379aceb84c9f2f984c23fed18661d3deeb13a09987394591166161b1d53,32,val,PKU37,,,group_macro_training_scale,gt_vessel_outside_pred_layer_pixels,364.1406504065041,px,512x512,512x512,1 px (physical spacing unverified),raw,0.5,0.5,spatial valid AND annotation-valid where available,none,sabids-evaluator-v0-20260828,141.0,141.0,3.0,runs/current/stage2_segment_safe_current_fold0/history.csv,epoch=32;column=val_gt_vessel_outside_pred_layer_pixels,metadata_verified,
current-f0-stage2_segment_safe_current_fold0,current-f0-stage2_segment_safe_current_fold0-history-val,E1-current,segment,42,0,230e9379aceb84c9f2f984c23fed18661d3deeb13a09987394591166161b1d53,32,val,PKU37,,,group_macro_training_scale,layer_dice,0.9349028963562188,ratio,512x512,512x512,1 px (physical spacing unverified),raw,0.5,0.5,spatial valid AND annotation-valid where available,none,sabids-evaluator-v0-20260828,141.0,141.0,3.0,runs/current/stage2_segment_safe_current_fold0/history.csv,epoch=32;column=val_layer_dice,metadata_verified,
current-f0-stage2_segment_safe_current_fold0,current-f0-stage2_segment_safe_current_fold0-history-val,E1-current,segment,42,0,230e9379aceb84c9f2f984c23fed18661d3deeb13a09987394591166161b1d53,32,val,PKU37,,,group_macro_training_scale,layer_precision,0.9359374755599862,ratio,512x512,512x512,1 px (physical spacing unverified),raw,0.5,0.5,spatial valid AND annotation-valid where available,none,sabids-evaluator-v0-20260828,141.0,141.0,3.0,runs/current/stage2_segment_safe_current_fold0/history.csv,epoch=32;column=val_layer_precision,metadata_verified,
current-f0-stage2_segment_safe_current_fold0,current-f0-stage2_segment_safe_current_fold0-history-val,E1-current,segment,42,0,230e9379aceb84c9f2f984c23fed18661d3deeb13a09987394591166161b1d53,32,val,PKU37,,,group_macro_training_scale,layer_recall,0.9363634684021848,ratio,512x512,512x512,1 px (physical spacing unverified),raw,0.5,0.5,spatial valid AND annotation-valid where available,none,sabids-evaluator-v0-20260828,141.0,141.0,3.0,runs/current/stage2_segment_safe_current_fold0/history.csv,epoch=32;column=val_layer_recall,metadata_verified,
current-f0-stage2_segment_safe_current_fold0,current-f0-stage2_segment_safe_current_fold0-history-val,E1-current,segment,42,0,230e9379aceb84c9f2f984c23fed18661d3deeb13a09987394591166161b1d53,32,val,PKU37,,,group_macro_training_scale,layer_soft_dice,0.9237290483949449,ratio,512x512,512x512,1 px (physical spacing unverified),raw,0.5,0.5,spatial valid AND annotation-valid where available,none,sabids-evaluator-v0-20260828,141.0,141.0,3.0,runs/current/stage2_segment_safe_current_fold0/history.csv,epoch=32;column=val_layer_soft_dice,metadata_verified,
current-f0-stage2_segment_safe_current_fold0,current-f0-stage2_segment_safe_current_fold0-history-val,E1-current,segment,42,0,230e9379aceb84c9f2f984c23fed18661d3deeb13a09987394591166161b1d53,32,val,PKU37,,,group_macro_training_scale,pred_layer_vessel_dice,0.5761186305501189,ratio,512x512,512x512,1 px (physical spacing unverified),raw,0.5,0.5,spatial valid AND annotation-valid where available,none,sabids-evaluator-v0-20260828,141.0,141.0,3.0,runs/current/stage2_segment_safe_current_fold0/history.csv,epoch=32;column=val_pred_layer_vessel_dice,metadata_verified,
current-f0-stage2_segment_safe_current_fold0,current-f0-stage2_segment_safe_current_fold0-history-val,E1-current,segment,42,0,230e9379aceb84c9f2f984c23fed18661d3deeb13a09987394591166161b1d53,32,val,PKU37,,,group_macro_training_scale,psnr,34.32020626148279,dB,512x512,512x512,1 px (physical spacing unverified),raw,0.5,0.5,spatial valid AND annotation-valid where available,none,sabids-evaluator-v0-20260828,141.0,141.0,3.0,runs/current/stage2_segment_safe_current_fold0/history.csv,epoch=32;column=val_psnr,metadata_verified,
current-f0-stage2_segment_safe_current_fold0,current-f0-stage2_segment_safe_current_fold0-history-val,E1-current,segment,42,0,230e9379aceb84c9f2f984c23fed18661d3deeb13a09987394591166161b1d53,32,val,PKU37,,,group_macro_training_scale,vessel_accuracy,0.9721077846124984,ratio,512x512,512x512,1 px (physical spacing unverified),raw,0.5,0.5,spatial valid AND annotation-valid where available,none,sabids-evaluator-v0-20260828,141.0,141.0,3.0,runs/current/stage2_segment_safe_current_fold0/history.csv,epoch=32;column=val_vessel_accuracy,metadata_verified,
current-f0-stage2_segment_safe_current_fold0,current-f0-stage2_segment_safe_current_fold0-history-val,E1-current,segment,42,0,230e9379aceb84c9f2f984c23fed18661d3deeb13a09987394591166161b1d53,32,val,PKU37,,,group_macro_training_scale,vessel_area_fraction_mae,0.0540593670583292,px,512x512,512x512,1 px (physical spacing unverified),raw,0.5,0.5,spatial valid AND annotation-valid where available,none,sabids-evaluator-v0-20260828,141.0,141.0,3.0,runs/current/stage2_segment_safe_current_fold0/history.csv,epoch=32;column=val_vessel_area_fraction_mae,metadata_verified,
current-f0-stage2_segment_safe_current_fold0,current-f0-stage2_segment_safe_current_fold0-history-val,E1-current,segment,42,0,230e9379aceb84c9f2f984c23fed18661d3deeb13a09987394591166161b1d53,32,val,PKU37,,,group_macro_training_scale,vessel_area_fraction_pred,0.4109547016722725,ratio,512x512,512x512,1 px (physical spacing unverified),raw,0.5,0.5,spatial valid AND annotation-valid where available,none,sabids-evaluator-v0-20260828,141.0,141.0,3.0,runs/current/stage2_segment_safe_current_fold0/history.csv,epoch=32;column=val_vessel_area_fraction_pred,metadata_verified,
current-f0-stage2_segment_safe_current_fold0,current-f0-stage2_segment_safe_current_fold0-history-val,E1-current,segment,42,0,230e9379aceb84c9f2f984c23fed18661d3deeb13a09987394591166161b1d53,32,val,PKU37,,,group_macro_training_scale,vessel_area_fraction_true,0.4086859061871113,ratio,512x512,512x512,1 px (physical spacing unverified),raw,0.5,0.5,spatial valid AND annotation-valid where available,none,sabids-evaluator-v0-20260828,141.0,141.0,3.0,runs/current/stage2_segment_safe_current_fold0/history.csv,epoch=32;column=val_vessel_area_fraction_true,metadata_verified,
current-f0-stage2_segment_safe_current_fold0,current-f0-stage2_segment_safe_current_fold0-history-val,E1-current,segment,42,0,230e9379aceb84c9f2f984c23fed18661d3deeb13a09987394591166161b1d53,32,val,PKU37,,,group_macro_training_scale,vessel_background_iou,0.9709668175485494,ratio,512x512,512x512,1 px (physical spacing unverified),raw,0.5,0.5,spatial valid AND annotation-valid where available,none,sabids-evaluator-v0-20260828,141.0,141.0,3.0,runs/current/stage2_segment_safe_current_fold0/history.csv,epoch=32;column=val_vessel_background_iou,metadata_verified,
current-f0-stage2_segment_safe_current_fold0,current-f0-stage2_segment_safe_current_fold0-history-val,E1-current,segment,42,0,230e9379aceb84c9f2f984c23fed18661d3deeb13a09987394591166161b1d53,32,val,PKU37,,,group_macro_training_scale,vessel_boundary_band_accuracy,0.6559479033377308,ratio,512x512,512x512,1 px (physical spacing unverified),raw,0.5,0.5,spatial valid AND annotation-valid where available,none,sabids-evaluator-v0-20260828,141.0,141.0,3.0,runs/current/stage2_segment_safe_current_fold0/history.csv,epoch=32;column=val_vessel_boundary_band_accuracy,metadata_verified,
current-f0-stage2_segment_safe_current_fold0,current-f0-stage2_segment_safe_current_fold0-history-val,E1-current,segment,42,0,230e9379aceb84c9f2f984c23fed18661d3deeb13a09987394591166161b1d53,32,val,PKU37,,,group_macro_training_scale,vessel_boundary_band_background_iou,0.4809225148386583,ratio,512x512,512x512,1 px (physical spacing unverified),raw,0.5,0.5,spatial valid AND annotation-valid where available,none,sabids-evaluator-v0-20260828,141.0,141.0,3.0,runs/current/stage2_segment_safe_current_fold0/history.csv,epoch=32;column=val_vessel_boundary_band_background_iou,metadata_verified,
current-f0-stage2_segment_safe_current_fold0,current-f0-stage2_segment_safe_current_fold0-history-val,E1-current,segment,42,0,230e9379aceb84c9f2f984c23fed18661d3deeb13a09987394591166161b1d53,32,val,PKU37,,,group_macro_training_scale,vessel_boundary_band_dice,0.6597494680863906,ratio,512x512,512x512,1 px (physical spacing unverified),raw,0.5,0.5,spatial valid AND annotation-valid where available,none,sabids-evaluator-v0-20260828,141.0,141.0,3.0,runs/current/stage2_segment_safe_current_fold0/history.csv,epoch=32;column=val_vessel_boundary_band_dice,metadata_verified,
current-f0-stage2_segment_safe_current_fold0,current-f0-stage2_segment_safe_current_fold0-history-val,E1-current,segment,42,0,230e9379aceb84c9f2f984c23fed18661d3deeb13a09987394591166161b1d53,32,val,PKU37,,,group_macro_training_scale,vessel_boundary_band_fn_pixels,2994.1213008130085,px,512x512,512x512,1 px (physical spacing unverified),raw,0.5,0.5,spatial valid AND annotation-valid where available,none,sabids-evaluator-v0-20260828,141.0,141.0,3.0,runs/current/stage2_segment_safe_current_fold0/history.csv,epoch=32;column=val_vessel_boundary_band_fn_pixels,metadata_verified,
current-f0-stage2_segment_safe_current_fold0,current-f0-stage2_segment_safe_current_fold0-history-val,E1-current,segment,42,0,230e9379aceb84c9f2f984c23fed18661d3deeb13a09987394591166161b1d53,32,val,PKU37,,,group_macro_training_scale,vessel_boundary_band_fp_pixels,2565.3411382113823,px,512x512,512x512,1 px (physical spacing unverified),raw,0.5,0.5,spatial valid AND annotation-valid where available,none,sabids-evaluator-v0-20260828,141.0,141.0,3.0,runs/current/stage2_segment_safe_current_fold0/history.csv,epoch=32;column=val_vessel_boundary_band_fp_pixels,metadata_verified,
current-f0-stage2_segment_safe_current_fold0,current-f0-stage2_segment_safe_current_fold0-history-val,E1-current,segment,42,0,230e9379aceb84c9f2f984c23fed18661d3deeb13a09987394591166161b1d53,32,val,PKU37,,,group_macro_training_scale,vessel_boundary_band_iou,0.4926255090878488,ratio,512x512,512x512,1 px (physical spacing unverified),raw,0.5,0.5,spatial valid AND annotation-valid where available,none,sabids-evaluator-v0-20260828,141.0,141.0,3.0,runs/current/stage2_segment_safe_current_fold0/history.csv,epoch=32;column=val_vessel_boundary_band_iou,metadata_verified,
current-f0-stage2_segment_safe_current_fold0,current-f0-stage2_segment_safe_current_fold0-history-val,E1-current,segment,42,0,230e9379aceb84c9f2f984c23fed18661d3deeb13a09987394591166161b1d53,32,val,PKU37,,,group_macro_training_scale,vessel_boundary_band_miou,0.4867740119632535,ratio,512x512,512x512,1 px (physical spacing unverified),raw,0.5,0.5,spatial valid AND annotation-valid where available,none,sabids-evaluator-v0-20260828,141.0,141.0,3.0,runs/current/stage2_segment_safe_current_fold0/history.csv,epoch=32;column=val_vessel_boundary_band_miou,metadata_verified,
current-f0-stage2_segment_safe_current_fold0,current-f0-stage2_segment_safe_current_fold0-history-val,E1-current,segment,42,0,230e9379aceb84c9f2f984c23fed18661d3deeb13a09987394591166161b1d53,32,val,PKU37,,,group_macro_training_scale,vessel_boundary_band_precision,0.6871151630542215,ratio,512x512,512x512,1 px (physical spacing unverified),raw,0.5,0.5,spatial valid AND annotation-valid where available,none,sabids-evaluator-v0-20260828,141.0,141.0,3.0,runs/current/stage2_segment_safe_current_fold0/history.csv,epoch=32;column=val_vessel_boundary_band_precision,metadata_verified,
current-f0-stage2_segment_safe_current_fold0,current-f0-stage2_segment_safe_current_fold0-history-val,E1-current,segment,42,0,230e9379aceb84c9f2f984c23fed18661d3deeb13a09987394591166161b1d53,32,val,PKU37,,,group_macro_training_scale,vessel_boundary_band_recall,0.6432686422365429,ratio,512x512,512x512,1 px (physical spacing unverified),raw,0.5,0.5,spatial valid AND annotation-valid where available,none,sabids-evaluator-v0-20260828,141.0,141.0,3.0,runs/current/stage2_segment_safe_current_fold0/history.csv,epoch=32;column=val_vessel_boundary_band_recall,metadata_verified,
current-f0-stage2_segment_safe_current_fold0,current-f0-stage2_segment_safe_current_fold0-history-val,E1-current,segment,42,0,230e9379aceb84c9f2f984c23fed18661d3deeb13a09987394591166161b1d53,32,val,PKU37,,,group_macro_training_scale,vessel_boundary_band_specificity,0.6719763482743853,ratio,512x512,512x512,1 px (physical spacing unverified),raw,0.5,0.5,spatial valid AND annotation-valid where available,none,sabids-evaluator-v0-20260828,141.0,141.0,3.0,runs/current/stage2_segment_safe_current_fold0/history.csv,epoch=32;column=val_vessel_boundary_band_specificity,metadata_verified,
current-f0-stage2_segment_safe_current_fold0,current-f0-stage2_segment_safe_current_fold0-history-val,E1-current,segment,42,0,230e9379aceb84c9f2f984c23fed18661d3deeb13a09987394591166161b1d53,32,val,PKU37,,,group_macro_training_scale,vessel_dice,0.7393137814021471,ratio,512x512,512x512,1 px (physical spacing unverified),raw,0.5,0.5,spatial valid AND annotation-valid where available,none,sabids-evaluator-v0-20260828,141.0,141.0,3.0,runs/current/stage2_segment_safe_current_fold0/history.csv,epoch=32;column=val_vessel_dice,metadata_verified,
current-f0-stage2_segment_safe_current_fold0,current-f0-stage2_segment_safe_current_fold0-history-val,E1-current,segment,42,0,230e9379aceb84c9f2f984c23fed18661d3deeb13a09987394591166161b1d53,32,val,PKU37,,,group_macro_training_scale,vessel_error_outside_gt_and_pred_layer_fraction,0.007141818891581,ratio,512x512,512x512,1 px (physical spacing unverified),raw,0.5,0.5,spatial valid AND annotation-valid where available,none,sabids-evaluator-v0-20260828,141.0,141.0,3.0,runs/current/stage2_segment_safe_current_fold0/history.csv,epoch=32;column=val_vessel_error_outside_gt_and_pred_layer_fraction,metadata_verified,
current-f0-stage2_segment_safe_current_fold0,current-f0-stage2_segment_safe_current_fold0-history-val,E1-current,segment,42,0,230e9379aceb84c9f2f984c23fed18661d3deeb13a09987394591166161b1d53,32,val,PKU37,,,group_macro_training_scale,vessel_error_outside_gt_and_pred_layer_pixels,94.19967479674796,px,512x512,512x512,1 px (physical spacing unverified),raw,0.5,0.5,spatial valid AND annotation-valid where available,none,sabids-evaluator-v0-20260828,141.0,141.0,3.0,runs/current/stage2_segment_safe_current_fold0/history.csv,epoch=32;column=val_vessel_error_outside_gt_and_pred_layer_pixels,metadata_verified,
current-f0-stage2_segment_safe_current_fold0,current-f0-stage2_segment_safe_current_fold0-history-val,E1-current,segment,42,0,230e9379aceb84c9f2f984c23fed18661d3deeb13a09987394591166161b1d53,32,val,PKU37,,,group_macro_training_scale,vessel_error_outside_gt_inside_pred_layer_fraction,0.0026939484558277,ratio,512x512,512x512,1 px (physical spacing unverified),raw,0.5,0.5,spatial valid AND annotation-valid where available,none,sabids-evaluator-v0-20260828,141.0,141.0,3.0,runs/current/stage2_segment_safe_current_fold0/history.csv,epoch=32;column=val_vessel_error_outside_gt_inside_pred_layer_fraction,metadata_verified,
current-f0-stage2_segment_safe_current_fold0,current-f0-stage2_segment_safe_current_fold0-history-val,E1-current,segment,42,0,230e9379aceb84c9f2f984c23fed18661d3deeb13a09987394591166161b1d53,32,val,PKU37,,,group_macro_training_scale,vessel_error_outside_gt_inside_pred_layer_pixels,40.15089430894309,px,512x512,512x512,1 px (physical spacing unverified),raw,0.5,0.5,spatial valid AND annotation-valid where available,none,sabids-evaluator-v0-20260828,141.0,141.0,3.0,runs/current/stage2_segment_safe_current_fold0/history.csv,epoch=32;column=val_vessel_error_outside_gt_inside_pred_layer_pixels,metadata_verified,
current-f0-stage2_segment_safe_current_fold0,current-f0-stage2_segment_safe_current_fold0-history-val,E1-current,segment,42,0,230e9379aceb84c9f2f984c23fed18661d3deeb13a09987394591166161b1d53,32,val,PKU37,,,group_macro_training_scale,vessel_iou,0.58744053115672,ratio,512x512,512x512,1 px (physical spacing unverified),raw,0.5,0.5,spatial valid AND annotation-valid where available,none,sabids-evaluator-v0-20260828,141.0,141.0,3.0,runs/current/stage2_segment_safe_current_fold0/history.csv,epoch=32;column=val_vessel_iou,metadata_verified,
current-f0-stage2_segment_safe_current_fold0,current-f0-stage2_segment_safe_current_fold0-history-val,E1-current,segment,42,0,230e9379aceb84c9f2f984c23fed18661d3deeb13a09987394591166161b1d53,32,val,PKU37,,,group_macro_training_scale,vessel_miou,0.7792036743526346,ratio,512x512,512x512,1 px (physical spacing unverified),raw,0.5,0.5,spatial valid AND annotation-valid where available,none,sabids-evaluator-v0-20260828,141.0,141.0,3.0,runs/current/stage2_segment_safe_current_fold0/history.csv,epoch=32;column=val_vessel_miou,metadata_verified,
current-f0-stage2_segment_safe_current_fold0,current-f0-stage2_segment_safe_current_fold0-history-val,E1-current,segment,42,0,230e9379aceb84c9f2f984c23fed18661d3deeb13a09987394591166161b1d53,32,val,PKU37,,,group_macro_training_scale,vessel_oracle_gt_layer_accuracy,0.9726202913610992,ratio,512x512,512x512,1 px (physical spacing unverified),raw,0.5,0.5,spatial valid AND annotation-valid where available,none,sabids-evaluator-v0-20260828,141.0,141.0,3.0,runs/current/stage2_segment_safe_current_fold0/history.csv,epoch=32;column=val_vessel_oracle_gt_layer_accuracy,metadata_verified,
current-f0-stage2_segment_safe_current_fold0,current-f0-stage2_segment_safe_current_fold0-history-val,E1-current,segment,42,0,230e9379aceb84c9f2f984c23fed18661d3deeb13a09987394591166161b1d53,32,val,PKU37,,,group_macro_training_scale,vessel_oracle_gt_layer_background_iou,0.971500305489978,ratio,512x512,512x512,1 px (physical spacing unverified),raw,0.5,0.5,spatial valid AND annotation-valid where available,none,sabids-evaluator-v0-20260828,141.0,141.0,3.0,runs/current/stage2_segment_safe_current_fold0/history.csv,epoch=32;column=val_vessel_oracle_gt_layer_background_iou,metadata_verified,
current-f0-stage2_segment_safe_current_fold0,current-f0-stage2_segment_safe_current_fold0-history-val,E1-current,segment,42,0,230e9379aceb84c9f2f984c23fed18661d3deeb13a09987394591166161b1d53,32,val,PKU37,,,group_macro_training_scale,vessel_oracle_gt_layer_dice,0.7429519770483904,ratio,512x512,512x512,1 px (physical spacing unverified),raw,0.5,0.5,spatial valid AND annotation-valid where available,none,sabids-evaluator-v0-20260828,141.0,141.0,3.0,runs/current/stage2_segment_safe_current_fold0/history.csv,epoch=32;column=val_vessel_oracle_gt_layer_dice,metadata_verified,
current-f0-stage2_segment_safe_current_fold0,current-f0-stage2_segment_safe_current_fold0-history-val,E1-current,segment,42,0,230e9379aceb84c9f2f984c23fed18661d3deeb13a09987394591166161b1d53,32,val,PKU37,,,group_macro_training_scale,vessel_oracle_gt_layer_iou,0.5920939150574582,ratio,512x512,512x512,1 px (physical spacing unverified),raw,0.5,0.5,spatial valid AND annotation-valid where available,none,sabids-evaluator-v0-20260828,141.0,141.0,3.0,runs/current/stage2_segment_safe_current_fold0/history.csv,epoch=32;column=val_vessel_oracle_gt_layer_iou,metadata_verified,
current-f0-stage2_segment_safe_current_fold0,current-f0-stage2_segment_safe_current_fold0-history-val,E1-current,segment,42,0,230e9379aceb84c9f2f984c23fed18661d3deeb13a09987394591166161b1d53,32,val,PKU37,,,group_macro_training_scale,vessel_oracle_gt_layer_miou,0.7817971102737182,ratio,512x512,512x512,1 px (physical spacing unverified),raw,0.5,0.5,spatial valid AND annotation-valid where available,none,sabids-evaluator-v0-20260828,141.0,141.0,3.0,runs/current/stage2_segment_safe_current_fold0/history.csv,epoch=32;column=val_vessel_oracle_gt_layer_miou,metadata_verified,
current-f0-stage2_segment_safe_current_fold0,current-f0-stage2_segment_safe_current_fold0-history-val,E1-current,segment,42,0,230e9379aceb84c9f2f984c23fed18661d3deeb13a09987394591166161b1d53,32,val,PKU37,,,group_macro_training_scale,vessel_oracle_gt_layer_precision,0.7483964598186729,ratio,512x512,512x512,1 px (physical spacing unverified),raw,0.5,0.5,spatial valid AND annotation-valid where available,none,sabids-evaluator-v0-20260828,141.0,141.0,3.0,runs/current/stage2_segment_safe_current_fold0/history.csv,epoch=32;column=val_vessel_oracle_gt_layer_precision,metadata_verified,
current-f0-stage2_segment_safe_current_fold0,current-f0-stage2_segment_safe_current_fold0-history-val,E1-current,segment,42,0,230e9379aceb84c9f2f984c23fed18661d3deeb13a09987394591166161b1d53,32,val,PKU37,,,group_macro_training_scale,vessel_oracle_gt_layer_recall,0.745238503312228,ratio,512x512,512x512,1 px (physical spacing unverified),raw,0.5,0.5,spatial valid AND annotation-valid where available,none,sabids-evaluator-v0-20260828,141.0,141.0,3.0,runs/current/stage2_segment_safe_current_fold0/history.csv,epoch=32;column=val_vessel_oracle_gt_layer_recall,metadata_verified,
current-f0-stage2_segment_safe_current_fold0,current-f0-stage2_segment_safe_current_fold0-history-val,E1-current,segment,42,0,230e9379aceb84c9f2f984c23fed18661d3deeb13a09987394591166161b1d53,32,val,PKU37,,,group_macro_training_scale,vessel_oracle_gt_layer_specificity,0.9853879180018504,ratio,512x512,512x512,1 px (physical spacing unverified),raw,0.5,0.5,spatial valid AND annotation-valid where available,none,sabids-evaluator-v0-20260828,141.0,141.0,3.0,runs/current/stage2_segment_safe_current_fold0/history.csv,epoch=32;column=val_vessel_oracle_gt_layer_specificity,metadata_verified,
current-f0-stage2_segment_safe_current_fold0,current-f0-stage2_segment_safe_current_fold0-history-val,E1-current,segment,42,0,230e9379aceb84c9f2f984c23fed18661d3deeb13a09987394591166161b1d53,32,val,PKU37,,,group_macro_training_scale,vessel_outside_gt_layer_fraction,0.0098357673474087,ratio,512x512,512x512,1 px (physical spacing unverified),raw,0.5,0.5,spatial valid AND annotation-valid where available,none,sabids-evaluator-v0-20260828,141.0,141.0,3.0,runs/current/stage2_segment_safe_current_fold0/history.csv,epoch=32;column=val_vessel_outside_gt_layer_fraction,metadata_verified,
current-f0-stage2_segment_safe_current_fold0,current-f0-stage2_segment_safe_current_fold0-history-val,E1-current,segment,42,0,230e9379aceb84c9f2f984c23fed18661d3deeb13a09987394591166161b1d53,32,val,PKU37,,,group_macro_training_scale,vessel_precision,0.7407817234620833,ratio,512x512,512x512,1 px (physical spacing unverified),raw,0.5,0.5,spatial valid AND annotation-valid where available,none,sabids-evaluator-v0-20260828,141.0,141.0,3.0,runs/current/stage2_segment_safe_current_fold0/history.csv,epoch=32;column=val_vessel_precision,metadata_verified,
current-f0-stage2_segment_safe_current_fold0,current-f0-stage2_segment_safe_current_fold0-history-val,E1-current,segment,42,0,230e9379aceb84c9f2f984c23fed18661d3deeb13a09987394591166161b1d53,32,val,PKU37,,,group_macro_training_scale,vessel_pred_layer_soft_gate_accuracy,0.9721928560831774,ratio,512x512,512x512,1 px (physical spacing unverified),raw,0.5,0.5,spatial valid AND annotation-valid where available,none,sabids-evaluator-v0-20260828,141.0,141.0,3.0,runs/current/stage2_segment_safe_current_fold0/history.csv,epoch=32;column=val_vessel_pred_layer_soft_gate_accuracy,metadata_verified,
current-f0-stage2_segment_safe_current_fold0,current-f0-stage2_segment_safe_current_fold0-history-val,E1-current,segment,42,0,230e9379aceb84c9f2f984c23fed18661d3deeb13a09987394591166161b1d53,32,val,PKU37,,,group_macro_training_scale,vessel_pred_layer_soft_gate_background_iou,0.9710661503822732,ratio,512x512,512x512,1 px (physical spacing unverified),raw,0.5,0.5,spatial valid AND annotation-valid where available,none,sabids-evaluator-v0-20260828,141.0,141.0,3.0,runs/current/stage2_segment_safe_current_fold0/history.csv,epoch=32;column=val_vessel_pred_layer_soft_gate_background_iou,metadata_verified,
current-f0-stage2_segment_safe_current_fold0,current-f0-stage2_segment_safe_current_fold0-history-val,E1-current,segment,42,0,230e9379aceb84c9f2f984c23fed18661d3deeb13a09987394591166161b1d53,32,val,PKU37,,,group_macro_training_scale,vessel_pred_layer_soft_gate_dice,0.7383655030358893,ratio,512x512,512x512,1 px (physical spacing unverified),raw,0.5,0.5,spatial valid AND annotation-valid where available,none,sabids-evaluator-v0-20260828,141.0,141.0,3.0,runs/current/stage2_segment_safe_current_fold0/history.csv,epoch=32;column=val_vessel_pred_layer_soft_gate_dice,metadata_verified,
current-f0-stage2_segment_safe_current_fold0,current-f0-stage2_segment_safe_current_fold0-history-val,E1-current,segment,42,0,230e9379aceb84c9f2f984c23fed18661d3deeb13a09987394591166161b1d53,32,val,PKU37,,,group_macro_training_scale,vessel_pred_layer_soft_gate_iou,0.5864109200022106,ratio,512x512,512x512,1 px (physical spacing unverified),raw,0.5,0.5,spatial valid AND annotation-valid where available,none,sabids-evaluator-v0-20260828,141.0,141.0,3.0,runs/current/stage2_segment_safe_current_fold0/history.csv,epoch=32;column=val_vessel_pred_layer_soft_gate_iou,metadata_verified,
current-f0-stage2_segment_safe_current_fold0,current-f0-stage2_segment_safe_current_fold0-history-val,E1-current,segment,42,0,230e9379aceb84c9f2f984c23fed18661d3deeb13a09987394591166161b1d53,32,val,PKU37,,,group_macro_training_scale,vessel_pred_layer_soft_gate_miou,0.7787385351922419,ratio,512x512,512x512,1 px (physical spacing unverified),raw,0.5,0.5,spatial valid AND annotation-valid where available,none,sabids-evaluator-v0-20260828,141.0,141.0,3.0,runs/current/stage2_segment_safe_current_fold0/history.csv,epoch=32;column=val_vessel_pred_layer_soft_gate_miou,metadata_verified,
current-f0-stage2_segment_safe_current_fold0,current-f0-stage2_segment_safe_current_fold0-history-val,E1-current,segment,42,0,230e9379aceb84c9f2f984c23fed18661d3deeb13a09987394591166161b1d53,32,val,PKU37,,,group_macro_training_scale,vessel_pred_layer_soft_gate_precision,0.745603814261732,ratio,512x512,512x512,1 px (physical spacing unverified),raw,0.5,0.5,spatial valid AND annotation-valid where available,none,sabids-evaluator-v0-20260828,141.0,141.0,3.0,runs/current/stage2_segment_safe_current_fold0/history.csv,epoch=32;column=val_vessel_pred_layer_soft_gate_precision,metadata_verified,
current-f0-stage2_segment_safe_current_fold0,current-f0-stage2_segment_safe_current_fold0-history-val,E1-current,segment,42,0,230e9379aceb84c9f2f984c23fed18661d3deeb13a09987394591166161b1d53,32,val,PKU37,,,group_macro_training_scale,vessel_pred_layer_soft_gate_recall,0.7387038512028483,ratio,512x512,512x512,1 px (physical spacing unverified),raw,0.5,0.5,spatial valid AND annotation-valid where available,none,sabids-evaluator-v0-20260828,141.0,141.0,3.0,runs/current/stage2_segment_safe_current_fold0/history.csv,epoch=32;column=val_vessel_pred_layer_soft_gate_recall,metadata_verified,
current-f0-stage2_segment_safe_current_fold0,current-f0-stage2_segment_safe_current_fold0-history-val,E1-current,segment,42,0,230e9379aceb84c9f2f984c23fed18661d3deeb13a09987394591166161b1d53,32,val,PKU37,,,group_macro_training_scale,vessel_pred_layer_soft_gate_soft_dice,0.7149791930971509,ratio,512x512,512x512,1 px (physical spacing unverified),raw,0.5,0.5,spatial valid AND annotation-valid where available,none,sabids-evaluator-v0-20260828,141.0,141.0,3.0,runs/current/stage2_segment_safe_current_fold0/history.csv,epoch=32;column=val_vessel_pred_layer_soft_gate_soft_dice,metadata_verified,
current-f0-stage2_segment_safe_current_fold0,current-f0-stage2_segment_safe_current_fold0-history-val,E1-current,segment,42,0,230e9379aceb84c9f2f984c23fed18661d3deeb13a09987394591166161b1d53,32,val,PKU37,,,group_macro_training_scale,vessel_pred_layer_soft_gate_specificity,0.985293869930347,ratio,512x512,512x512,1 px (physical spacing unverified),raw,0.5,0.5,spatial valid AND annotation-valid where available,none,sabids-evaluator-v0-20260828,141.0,141.0,3.0,runs/current/stage2_segment_safe_current_fold0/history.csv,epoch=32;column=val_vessel_pred_layer_soft_gate_specificity,metadata_verified,
current-f0-stage2_segment_safe_current_fold0,current-f0-stage2_segment_safe_current_fold0-history-val,E1-current,segment,42,0,230e9379aceb84c9f2f984c23fed18661d3deeb13a09987394591166161b1d53,32,val,PKU37,,,group_macro_training_scale,vessel_recall,0.745238503312228,ratio,512x512,512x512,1 px (physical spacing unverified),raw,0.5,0.5,spatial valid AND annotation-valid where available,none,sabids-evaluator-v0-20260828,141.0,141.0,3.0,runs/current/stage2_segment_safe_current_fold0/history.csv,epoch=32;column=val_vessel_recall,metadata_verified,
current-f0-stage2_segment_safe_current_fold0,current-f0-stage2_segment_safe_current_fold0-history-val,E1-current,segment,42,0,230e9379aceb84c9f2f984c23fed18661d3deeb13a09987394591166161b1d53,32,val,PKU37,,,group_macro_training_scale,vessel_roi_accuracy,0.7893834096795119,ratio,512x512,512x512,1 px (physical spacing unverified),raw,0.5,0.5,spatial valid AND annotation-valid where available,none,sabids-evaluator-v0-20260828,141.0,141.0,3.0,runs/current/stage2_segment_safe_current_fold0/history.csv,epoch=32;column=val_vessel_roi_accuracy,metadata_verified,
current-f0-stage2_segment_safe_current_fold0,current-f0-stage2_segment_safe_current_fold0-history-val,E1-current,segment,42,0,230e9379aceb84c9f2f984c23fed18661d3deeb13a09987394591166161b1d53,32,val,PKU37,,,group_macro_training_scale,vessel_roi_background_iou,0.6968120757314288,ratio,512x512,512x512,1 px (physical spacing unverified),raw,0.5,0.5,spatial valid AND annotation-valid where available,none,sabids-evaluator-v0-20260828,141.0,141.0,3.0,runs/current/stage2_segment_safe_current_fold0/history.csv,epoch=32;column=val_vessel_roi_background_iou,metadata_verified,
current-f0-stage2_segment_safe_current_fold0,current-f0-stage2_segment_safe_current_fold0-history-val,E1-current,segment,42,0,230e9379aceb84c9f2f984c23fed18661d3deeb13a09987394591166161b1d53,32,val,PKU37,,,group_macro_training_scale,vessel_roi_dice,0.7429519770483904,ratio,512x512,512x512,1 px (physical spacing unverified),raw,0.5,0.5,spatial valid AND annotation-valid where available,none,sabids-evaluator-v0-20260828,141.0,141.0,3.0,runs/current/stage2_segment_safe_current_fold0/history.csv,epoch=32;column=val_vessel_roi_dice,metadata_verified,
current-f0-stage2_segment_safe_current_fold0,current-f0-stage2_segment_safe_current_fold0-history-val,E1-current,segment,42,0,230e9379aceb84c9f2f984c23fed18661d3deeb13a09987394591166161b1d53,32,val,PKU37,,,group_macro_training_scale,vessel_roi_iou,0.5920939150574582,ratio,512x512,512x512,1 px (physical spacing unverified),raw,0.5,0.5,spatial valid AND annotation-valid where available,none,sabids-evaluator-v0-20260828,141.0,141.0,3.0,runs/current/stage2_segment_safe_current_fold0/history.csv,epoch=32;column=val_vessel_roi_iou,metadata_verified,
current-f0-stage2_segment_safe_current_fold0,current-f0-stage2_segment_safe_current_fold0-history-val,E1-current,segment,42,0,230e9379aceb84c9f2f984c23fed18661d3deeb13a09987394591166161b1d53,32,val,PKU37,,,group_macro_training_scale,vessel_roi_miou,0.6444529953944436,ratio,512x512,512x512,1 px (physical spacing unverified),raw,0.5,0.5,spatial valid AND annotation-valid where available,none,sabids-evaluator-v0-20260828,141.0,141.0,3.0,runs/current/stage2_segment_safe_current_fold0/history.csv,epoch=32;column=val_vessel_roi_miou,metadata_verified,
current-f0-stage2_segment_safe_current_fold0,current-f0-stage2_segment_safe_current_fold0-history-val,E1-current,segment,42,0,230e9379aceb84c9f2f984c23fed18661d3deeb13a09987394591166161b1d53,32,val,PKU37,,,group_macro_training_scale,vessel_roi_precision,0.7483964598186729,ratio,512x512,512x512,1 px (physical spacing unverified),raw,0.5,0.5,spatial valid AND annotation-valid where available,none,sabids-evaluator-v0-20260828,141.0,141.0,3.0,runs/current/stage2_segment_safe_current_fold0/history.csv,epoch=32;column=val_vessel_roi_precision,metadata_verified,
current-f0-stage2_segment_safe_current_fold0,current-f0-stage2_segment_safe_current_fold0-history-val,E1-current,segment,42,0,230e9379aceb84c9f2f984c23fed18661d3deeb13a09987394591166161b1d53,32,val,PKU37,,,group_macro_training_scale,vessel_roi_recall,0.745238503312228,ratio,512x512,512x512,1 px (physical spacing unverified),raw,0.5,0.5,spatial valid AND annotation-valid where available,none,sabids-evaluator-v0-20260828,141.0,141.0,3.0,runs/current/stage2_segment_safe_current_fold0/history.csv,epoch=32;column=val_vessel_roi_recall,metadata_verified,
current-f0-stage2_segment_safe_current_fold0,current-f0-stage2_segment_safe_current_fold0-history-val,E1-current,segment,42,0,230e9379aceb84c9f2f984c23fed18661d3deeb13a09987394591166161b1d53,32,val,PKU37,,,group_macro_training_scale,vessel_roi_specificity,0.8214122956688318,ratio,512x512,512x512,1 px (physical spacing unverified),raw,0.5,0.5,spatial valid AND annotation-valid where available,none,sabids-evaluator-v0-20260828,141.0,141.0,3.0,runs/current/stage2_segment_safe_current_fold0/history.csv,epoch=32;column=val_vessel_roi_specificity,metadata_verified,
current-f0-stage2_segment_safe_current_fold0,current-f0-stage2_segment_safe_current_fold0-history-val,E1-current,segment,42,0,230e9379aceb84c9f2f984c23fed18661d3deeb13a09987394591166161b1d53,32,val,PKU37,,,group_macro_training_scale,vessel_soft_dice,0.715581371597203,ratio,512x512,512x512,1 px (physical spacing unverified),raw,0.5,0.5,spatial valid AND annotation-valid where available,none,sabids-evaluator-v0-20260828,141.0,141.0,3.0,runs/current/stage2_segment_safe_current_fold0/history.csv,epoch=32;column=val_vessel_soft_dice,metadata_verified,
current-f0-stage2_segment_safe_current_fold0,current-f0-stage2_segment_safe_current_fold0-history-val,E1-current,segment,42,0,230e9379aceb84c9f2f984c23fed18661d3deeb13a09987394591166161b1d53,32,val,PKU37,,,group_macro_training_scale,vessel_specificity,0.9848465389103174,ratio,512x512,512x512,1 px (physical spacing unverified),raw,0.5,0.5,spatial valid AND annotation-valid where available,none,sabids-evaluator-v0-20260828,141.0,141.0,3.0,runs/current/stage2_segment_safe_current_fold0/history.csv,epoch=32;column=val_vessel_specificity,metadata_verified,
current-f0-stage2_segment_safe_current_fold0,current-f0-stage2_segment_safe_current_fold0-history-val,E1-current,segment,42,0,230e9379aceb84c9f2f984c23fed18661d3deeb13a09987394591166161b1d53,32,val,PKU37,,,group_macro_training_scale,whole_layer_baseline_vessel_dice,0.5795256266104193,ratio,512x512,512x512,1 px (physical spacing unverified),raw,0.5,0.5,spatial valid AND annotation-valid where available,none,sabids-evaluator-v0-20260828,141.0,141.0,3.0,runs/current/stage2_segment_safe_current_fold0/history.csv,epoch=32;column=val_whole_layer_baseline_vessel_dice,metadata_verified,
current-f0-stage2_segment_safe_current_fold0,current-f0-stage2_segment_safe_current_fold0-history-val,E1-current,segment,42,0,230e9379aceb84c9f2f984c23fed18661d3deeb13a09987394591166161b1d53,32,val,PKU37,,,group_macro_training_scale,denoise_probe_max_abs_diff,0.0,ratio,512x512,512x512,1 px (physical spacing unverified),raw,0.5,0.5,spatial valid AND annotation-valid where available,none,sabids-evaluator-v0-20260828,141.0,141.0,3.0,runs/current/stage2_segment_safe_current_fold0/history.csv,epoch=32;column=val_denoise_probe_max_abs_diff,metadata_verified,
legacy-E0-5ad6c7b855,legacy-E0-5ad6c7b855-history-val,E0,segment,42,0,unknown,79,val,PKU37,,,group_macro_training_scale,empty_baseline_vessel_dice,5.911620017757742e-11,ratio,512x512,512x512,1 px (physical spacing unverified),raw,0.5,0.5,spatial valid AND annotation-valid where available,none,sabids-evaluator-v0-20260828,,,,stage2_overfit_safe_fold0.csv,epoch=79;column=val_empty_baseline_vessel_dice,history_inferred,
legacy-E0-5ad6c7b855,legacy-E0-5ad6c7b855-history-val,E0,segment,42,0,unknown,79,val,PKU37,,,group_macro_training_scale,layer_dice,0.9791895281409794,ratio,512x512,512x512,1 px (physical spacing unverified),raw,0.5,0.5,spatial valid AND annotation-valid where available,none,sabids-evaluator-v0-20260828,,,,stage2_overfit_safe_fold0.csv,epoch=79;column=val_layer_dice,history_inferred,
legacy-E0-5ad6c7b855,legacy-E0-5ad6c7b855-history-val,E0,segment,42,0,unknown,79,val,PKU37,,,group_macro_training_scale,layer_precision,0.9846030560920024,ratio,512x512,512x512,1 px (physical spacing unverified),raw,0.5,0.5,spatial valid AND annotation-valid where available,none,sabids-evaluator-v0-20260828,,,,stage2_overfit_safe_fold0.csv,epoch=79;column=val_layer_precision,history_inferred,
legacy-E0-5ad6c7b855,legacy-E0-5ad6c7b855-history-val,E0,segment,42,0,unknown,79,val,PKU37,,,group_macro_training_scale,layer_recall,0.9738827544999408,ratio,512x512,512x512,1 px (physical spacing unverified),raw,0.5,0.5,spatial valid AND annotation-valid where available,none,sabids-evaluator-v0-20260828,,,,stage2_overfit_safe_fold0.csv,epoch=79;column=val_layer_recall,history_inferred,
legacy-E0-5ad6c7b855,legacy-E0-5ad6c7b855-history-val,E0,segment,42,0,unknown,79,val,PKU37,,,group_macro_training_scale,layer_soft_dice,0.9752517794955338,ratio,512x512,512x512,1 px (physical spacing unverified),raw,0.5,0.5,spatial valid AND annotation-valid where available,none,sabids-evaluator-v0-20260828,,,,stage2_overfit_safe_fold0.csv,epoch=79;column=val_layer_soft_dice,history_inferred,
legacy-E0-5ad6c7b855,legacy-E0-5ad6c7b855-history-val,E0,segment,42,0,unknown,79,val,PKU37,,,group_macro_training_scale,pred_layer_vessel_dice,0.6152575632745348,ratio,512x512,512x512,1 px (physical spacing unverified),raw,0.5,0.5,spatial valid AND annotation-valid where available,none,sabids-evaluator-v0-20260828,,,,stage2_overfit_safe_fold0.csv,epoch=79;column=val_pred_layer_vessel_dice,history_inferred,
legacy-E0-5ad6c7b855,legacy-E0-5ad6c7b855-history-val,E0,segment,42,0,unknown,79,val,PKU37,,,group_macro_training_scale,psnr,32.81421508546251,dB,512x512,512x512,1 px (physical spacing unverified),raw,0.5,0.5,spatial valid AND annotation-valid where available,none,sabids-evaluator-v0-20260828,,,,stage2_overfit_safe_fold0.csv,epoch=79;column=val_psnr,history_inferred,
legacy-E0-5ad6c7b855,legacy-E0-5ad6c7b855-history-val,E0,segment,42,0,unknown,79,val,PKU37,,,group_macro_training_scale,vessel_accuracy,0.9853982005400376,ratio,512x512,512x512,1 px (physical spacing unverified),raw,0.5,0.5,spatial valid AND annotation-valid where available,none,sabids-evaluator-v0-20260828,,,,stage2_overfit_safe_fold0.csv,epoch=79;column=val_vessel_accuracy,history_inferred,
legacy-E0-5ad6c7b855,legacy-E0-5ad6c7b855-history-val,E0,segment,42,0,unknown,79,val,PKU37,,,group_macro_training_scale,vessel_area_fraction_mae,0.0176599754098042,px,512x512,512x512,1 px (physical spacing unverified),raw,0.5,0.5,spatial valid AND annotation-valid where available,none,sabids-evaluator-v0-20260828,,,,stage2_overfit_safe_fold0.csv,epoch=79;column=val_vessel_area_fraction_mae,history_inferred,
legacy-E0-5ad6c7b855,legacy-E0-5ad6c7b855-history-val,E0,segment,42,0,unknown,79,val,PKU37,,,group_macro_training_scale,vessel_area_fraction_pred,0.4396838497226641,ratio,512x512,512x512,1 px (physical spacing unverified),raw,0.5,0.5,spatial valid AND annotation-valid where available,none,sabids-evaluator-v0-20260828,,,,stage2_overfit_safe_fold0.csv,epoch=79;column=val_vessel_area_fraction_pred,history_inferred,
legacy-E0-5ad6c7b855,legacy-E0-5ad6c7b855-history-val,E0,segment,42,0,unknown,79,val,PKU37,,,group_macro_training_scale,vessel_area_fraction_true,0.4490531429477948,ratio,512x512,512x512,1 px (physical spacing unverified),raw,0.5,0.5,spatial valid AND annotation-valid where available,none,sabids-evaluator-v0-20260828,,,,stage2_overfit_safe_fold0.csv,epoch=79;column=val_vessel_area_fraction_true,history_inferred,
legacy-E0-5ad6c7b855,legacy-E0-5ad6c7b855-history-val,E0,segment,42,0,unknown,79,val,PKU37,,,group_macro_training_scale,vessel_background_iou,0.9844145343329198,ratio,512x512,512x512,1 px (physical spacing unverified),raw,0.5,0.5,spatial valid AND annotation-valid where available,none,sabids-evaluator-v0-20260828,,,,stage2_overfit_safe_fold0.csv,epoch=79;column=val_vessel_background_iou,history_inferred,
legacy-E0-5ad6c7b855,legacy-E0-5ad6c7b855-history-val,E0,segment,42,0,unknown,79,val,PKU37,,,group_macro_training_scale,vessel_dice,0.890534977144791,ratio,512x512,512x512,1 px (physical spacing unverified),raw,0.5,0.5,spatial valid AND annotation-valid where available,none,sabids-evaluator-v0-20260828,,,,stage2_overfit_safe_fold0.csv,epoch=79;column=val_vessel_dice,history_inferred,
legacy-E0-5ad6c7b855,legacy-E0-5ad6c7b855-history-val,E0,segment,42,0,unknown,79,val,PKU37,,,group_macro_training_scale,vessel_iou,0.8028916253262998,ratio,512x512,512x512,1 px (physical spacing unverified),raw,0.5,0.5,spatial valid AND annotation-valid where available,none,sabids-evaluator-v0-20260828,,,,stage2_overfit_safe_fold0.csv,epoch=79;column=val_vessel_iou,history_inferred,
legacy-E0-5ad6c7b855,legacy-E0-5ad6c7b855-history-val,E0,segment,42,0,unknown,79,val,PKU37,,,group_macro_training_scale,vessel_miou,0.8936530798296096,ratio,512x512,512x512,1 px (physical spacing unverified),raw,0.5,0.5,spatial valid AND annotation-valid where available,none,sabids-evaluator-v0-20260828,,,,stage2_overfit_safe_fold0.csv,epoch=79;column=val_vessel_miou,history_inferred,
legacy-E0-5ad6c7b855,legacy-E0-5ad6c7b855-history-val,E0,segment,42,0,unknown,79,val,PKU37,,,group_macro_training_scale,vessel_outside_gt_layer_fraction,0.0027601282702207,ratio,512x512,512x512,1 px (physical spacing unverified),raw,0.5,0.5,spatial valid AND annotation-valid where available,none,sabids-evaluator-v0-20260828,,,,stage2_overfit_safe_fold0.csv,epoch=79;column=val_vessel_outside_gt_layer_fraction,history_inferred,
legacy-E0-5ad6c7b855,legacy-E0-5ad6c7b855-history-val,E0,segment,42,0,unknown,79,val,PKU37,,,group_macro_training_scale,vessel_precision,0.8988328785975022,ratio,512x512,512x512,1 px (physical spacing unverified),raw,0.5,0.5,spatial valid AND annotation-valid where available,none,sabids-evaluator-v0-20260828,,,,stage2_overfit_safe_fold0.csv,epoch=79;column=val_vessel_precision,history_inferred,
legacy-E0-5ad6c7b855,legacy-E0-5ad6c7b855-history-val,E0,segment,42,0,unknown,79,val,PKU37,,,group_macro_training_scale,vessel_recall,0.8832264778447684,ratio,512x512,512x512,1 px (physical spacing unverified),raw,0.5,0.5,spatial valid AND annotation-valid where available,none,sabids-evaluator-v0-20260828,,,,stage2_overfit_safe_fold0.csv,epoch=79;column=val_vessel_recall,history_inferred,
legacy-E0-5ad6c7b855,legacy-E0-5ad6c7b855-history-val,E0,segment,42,0,unknown,79,val,PKU37,,,group_macro_training_scale,vessel_roi_accuracy,0.9040841510833568,ratio,512x512,512x512,1 px (physical spacing unverified),raw,0.5,0.5,spatial valid AND annotation-valid where available,none,sabids-evaluator-v0-20260828,,,,stage2_overfit_safe_fold0.csv,epoch=79;column=val_vessel_roi_accuracy,history_inferred,
legacy-E0-5ad6c7b855,legacy-E0-5ad6c7b855-history-val,E0,segment,42,0,unknown,79,val,PKU37,,,group_macro_training_scale,vessel_roi_background_iou,0.8411979310754565,ratio,512x512,512x512,1 px (physical spacing unverified),raw,0.5,0.5,spatial valid AND annotation-valid where available,none,sabids-evaluator-v0-20260828,,,,stage2_overfit_safe_fold0.csv,epoch=79;column=val_vessel_roi_background_iou,history_inferred,
legacy-E0-5ad6c7b855,legacy-E0-5ad6c7b855-history-val,E0,segment,42,0,unknown,79,val,PKU37,,,group_macro_training_scale,vessel_roi_dice,0.8917629770020858,ratio,512x512,512x512,1 px (physical spacing unverified),raw,0.5,0.5,spatial valid AND annotation-valid where available,none,sabids-evaluator-v0-20260828,,,,stage2_overfit_safe_fold0.csv,epoch=79;column=val_vessel_roi_dice,history_inferred,
legacy-E0-5ad6c7b855,legacy-E0-5ad6c7b855-history-val,E0,segment,42,0,unknown,79,val,PKU37,,,group_macro_training_scale,vessel_roi_iou,0.8048662284768178,ratio,512x512,512x512,1 px (physical spacing unverified),raw,0.5,0.5,spatial valid AND annotation-valid where available,none,sabids-evaluator-v0-20260828,,,,stage2_overfit_safe_fold0.csv,epoch=79;column=val_vessel_roi_iou,history_inferred,
legacy-E0-5ad6c7b855,legacy-E0-5ad6c7b855-history-val,E0,segment,42,0,unknown,79,val,PKU37,,,group_macro_training_scale,vessel_roi_miou,0.8230320797761371,ratio,512x512,512x512,1 px (physical spacing unverified),raw,0.5,0.5,spatial valid AND annotation-valid where available,none,sabids-evaluator-v0-20260828,,,,stage2_overfit_safe_fold0.csv,epoch=79;column=val_vessel_roi_miou,history_inferred,
legacy-E0-5ad6c7b855,legacy-E0-5ad6c7b855-history-val,E0,segment,42,0,unknown,79,val,PKU37,,,group_macro_training_scale,vessel_roi_precision,0.901276226480144,ratio,512x512,512x512,1 px (physical spacing unverified),raw,0.5,0.5,spatial valid AND annotation-valid where available,none,sabids-evaluator-v0-20260828,,,,stage2_overfit_safe_fold0.csv,epoch=79;column=val_vessel_roi_precision,history_inferred,
legacy-E0-5ad6c7b855,legacy-E0-5ad6c7b855-history-val,E0,segment,42,0,unknown,79,val,PKU37,,,group_macro_training_scale,vessel_roi_recall,0.8832264778447684,ratio,512x512,512x512,1 px (physical spacing unverified),raw,0.5,0.5,spatial valid AND annotation-valid where available,none,sabids-evaluator-v0-20260828,,,,stage2_overfit_safe_fold0.csv,epoch=79;column=val_vessel_roi_recall,history_inferred,
legacy-E0-5ad6c7b855,legacy-E0-5ad6c7b855-history-val,E0,segment,42,0,unknown,79,val,PKU37,,,group_macro_training_scale,vessel_roi_specificity,0.9221475923855852,ratio,512x512,512x512,1 px (physical spacing unverified),raw,0.5,0.5,spatial valid AND annotation-valid where available,none,sabids-evaluator-v0-20260828,,,,stage2_overfit_safe_fold0.csv,epoch=79;column=val_vessel_roi_specificity,history_inferred,
legacy-E0-5ad6c7b855,legacy-E0-5ad6c7b855-history-val,E0,segment,42,0,unknown,79,val,PKU37,,,group_macro_training_scale,vessel_soft_dice,0.8805723055470887,ratio,512x512,512x512,1 px (physical spacing unverified),raw,0.5,0.5,spatial valid AND annotation-valid where available,none,sabids-evaluator-v0-20260828,,,,stage2_overfit_safe_fold0.csv,epoch=79;column=val_vessel_soft_dice,history_inferred,
legacy-E0-5ad6c7b855,legacy-E0-5ad6c7b855-history-val,E0,segment,42,0,unknown,79,val,PKU37,,,group_macro_training_scale,vessel_specificity,0.9931105486933272,ratio,512x512,512x512,1 px (physical spacing unverified),raw,0.5,0.5,spatial valid AND annotation-valid where available,none,sabids-evaluator-v0-20260828,,,,stage2_overfit_safe_fold0.csv,epoch=79;column=val_vessel_specificity,history_inferred,
legacy-E0-5ad6c7b855,legacy-E0-5ad6c7b855-history-val,E0,segment,42,0,unknown,79,val,PKU37,,,group_macro_training_scale,whole_layer_baseline_vessel_dice,0.6193839339295789,ratio,512x512,512x512,1 px (physical spacing unverified),raw,0.5,0.5,spatial valid AND annotation-valid where available,none,sabids-evaluator-v0-20260828,,,,stage2_overfit_safe_fold0.csv,epoch=79;column=val_whole_layer_baseline_vessel_dice,history_inferred,
legacy-E0-5ad6c7b855,legacy-E0-5ad6c7b855-history-val,E0,segment,42,0,unknown,79,val,PKU37,,,group_macro_training_scale,denoise_probe_max_abs_diff,0.0,ratio,512x512,512x512,1 px (physical spacing unverified),raw,0.5,0.5,spatial valid AND annotation-valid where available,none,sabids-evaluator-v0-20260828,,,,stage2_overfit_safe_fold0.csv,epoch=79;column=val_denoise_probe_max_abs_diff,history_inferred,
legacy-E1-old-3f4c6d4397,legacy-E1-old-3f4c6d4397-history-val,E1-old,segment,42,0,unknown,31,val,PKU37,,,group_macro_training_scale,empty_baseline_vessel_dice,9.423201757983956e-11,ratio,512x512,512x512,1 px (physical spacing unverified),raw,0.5,0.5,spatial valid AND annotation-valid where available,none,sabids-evaluator-v0-20260828,,,,stage2_segment_safe_fold0.csv,epoch=31;column=val_empty_baseline_vessel_dice,history_inferred,
legacy-E1-old-3f4c6d4397,legacy-E1-old-3f4c6d4397-history-val,E1-old,segment,42,0,unknown,31,val,PKU37,,,group_macro_training_scale,layer_dice,0.775195387313941,ratio,512x512,512x512,1 px (physical spacing unverified),raw,0.5,0.5,spatial valid AND annotation-valid where available,none,sabids-evaluator-v0-20260828,,,,stage2_segment_safe_fold0.csv,epoch=31;column=val_layer_dice,history_inferred,
legacy-E1-old-3f4c6d4397,legacy-E1-old-3f4c6d4397-history-val,E1-old,segment,42,0,unknown,31,val,PKU37,,,group_macro_training_scale,layer_precision,0.6964647027217381,ratio,512x512,512x512,1 px (physical spacing unverified),raw,0.5,0.5,spatial valid AND annotation-valid where available,none,sabids-evaluator-v0-20260828,,,,stage2_segment_safe_fold0.csv,epoch=31;column=val_layer_precision,history_inferred,
legacy-E1-old-3f4c6d4397,legacy-E1-old-3f4c6d4397-history-val,E1-old,segment,42,0,unknown,31,val,PKU37,,,group_macro_training_scale,layer_recall,0.9338708402060448,ratio,512x512,512x512,1 px (physical spacing unverified),raw,0.5,0.5,spatial valid AND annotation-valid where available,none,sabids-evaluator-v0-20260828,,,,stage2_segment_safe_fold0.csv,epoch=31;column=val_layer_recall,history_inferred,
legacy-E1-old-3f4c6d4397,legacy-E1-old-3f4c6d4397-history-val,E1-old,segment,42,0,unknown,31,val,PKU37,,,group_macro_training_scale,layer_soft_dice,0.7709105894146207,ratio,512x512,512x512,1 px (physical spacing unverified),raw,0.5,0.5,spatial valid AND annotation-valid where available,none,sabids-evaluator-v0-20260828,,,,stage2_segment_safe_fold0.csv,epoch=31;column=val_layer_soft_dice,history_inferred,
legacy-E1-old-3f4c6d4397,legacy-E1-old-3f4c6d4397-history-val,E1-old,segment,42,0,unknown,31,val,PKU37,,,group_macro_training_scale,pred_layer_vessel_dice,0.5854461711513097,ratio,512x512,512x512,1 px (physical spacing unverified),raw,0.5,0.5,spatial valid AND annotation-valid where available,none,sabids-evaluator-v0-20260828,,,,stage2_segment_safe_fold0.csv,epoch=31;column=val_pred_layer_vessel_dice,history_inferred,
legacy-E1-old-3f4c6d4397,legacy-E1-old-3f4c6d4397-history-val,E1-old,segment,42,0,unknown,31,val,PKU37,,,group_macro_training_scale,psnr,32.737266385329576,dB,512x512,512x512,1 px (physical spacing unverified),raw,0.5,0.5,spatial valid AND annotation-valid where available,none,sabids-evaluator-v0-20260828,,,,stage2_segment_safe_fold0.csv,epoch=31;column=val_psnr,history_inferred,
legacy-E1-old-3f4c6d4397,legacy-E1-old-3f4c6d4397-history-val,E1-old,segment,42,0,unknown,31,val,PKU37,,,group_macro_training_scale,vessel_accuracy,0.9515993499757704,ratio,512x512,512x512,1 px (physical spacing unverified),raw,0.5,0.5,spatial valid AND annotation-valid where available,none,sabids-evaluator-v0-20260828,,,,stage2_segment_safe_fold0.csv,epoch=31;column=val_vessel_accuracy,history_inferred,
legacy-E1-old-3f4c6d4397,legacy-E1-old-3f4c6d4397-history-val,E1-old,segment,42,0,unknown,31,val,PKU37,,,group_macro_training_scale,vessel_area_fraction_mae,0.0725277207053587,px,512x512,512x512,1 px (physical spacing unverified),raw,0.5,0.5,spatial valid AND annotation-valid where available,none,sabids-evaluator-v0-20260828,,,,stage2_segment_safe_fold0.csv,epoch=31;column=val_vessel_area_fraction_mae,history_inferred,
legacy-E1-old-3f4c6d4397,legacy-E1-old-3f4c6d4397-history-val,E1-old,segment,42,0,unknown,31,val,PKU37,,,group_macro_training_scale,vessel_area_fraction_pred,0.4437311388112305,ratio,512x512,512x512,1 px (physical spacing unverified),raw,0.5,0.5,spatial valid AND annotation-valid where available,none,sabids-evaluator-v0-20260828,,,,stage2_segment_safe_fold0.csv,epoch=31;column=val_vessel_area_fraction_pred,history_inferred,
legacy-E1-old-3f4c6d4397,legacy-E1-old-3f4c6d4397-history-val,E1-old,segment,42,0,unknown,31,val,PKU37,,,group_macro_training_scale,vessel_area_fraction_true,0.3712034181058717,ratio,512x512,512x512,1 px (physical spacing unverified),raw,0.5,0.5,spatial valid AND annotation-valid where available,none,sabids-evaluator-v0-20260828,,,,stage2_segment_safe_fold0.csv,epoch=31;column=val_vessel_area_fraction_true,history_inferred,
legacy-E1-old-3f4c6d4397,legacy-E1-old-3f4c6d4397-history-val,E1-old,segment,42,0,unknown,31,val,PKU37,,,group_macro_training_scale,vessel_background_iou,0.9500501377246576,ratio,512x512,512x512,1 px (physical spacing unverified),raw,0.5,0.5,spatial valid AND annotation-valid where available,none,sabids-evaluator-v0-20260828,,,,stage2_segment_safe_fold0.csv,epoch=31;column=val_vessel_background_iou,history_inferred,
legacy-E1-old-3f4c6d4397,legacy-E1-old-3f4c6d4397-history-val,E1-old,segment,42,0,unknown,31,val,PKU37,,,group_macro_training_scale,vessel_dice,0.5770586762676969,ratio,512x512,512x512,1 px (physical spacing unverified),raw,0.5,0.5,spatial valid AND annotation-valid where available,none,sabids-evaluator-v0-20260828,,,,stage2_segment_safe_fold0.csv,epoch=31;column=val_vessel_dice,history_inferred,
legacy-E1-old-3f4c6d4397,legacy-E1-old-3f4c6d4397-history-val,E1-old,segment,42,0,unknown,31,val,PKU37,,,group_macro_training_scale,vessel_iou,0.4136880597695468,ratio,512x512,512x512,1 px (physical spacing unverified),raw,0.5,0.5,spatial valid AND annotation-valid where available,none,sabids-evaluator-v0-20260828,,,,stage2_segment_safe_fold0.csv,epoch=31;column=val_vessel_iou,history_inferred,
legacy-E1-old-3f4c6d4397,legacy-E1-old-3f4c6d4397-history-val,E1-old,segment,42,0,unknown,31,val,PKU37,,,group_macro_training_scale,vessel_miou,0.6818690987471022,ratio,512x512,512x512,1 px (physical spacing unverified),raw,0.5,0.5,spatial valid AND annotation-valid where available,none,sabids-evaluator-v0-20260828,,,,stage2_segment_safe_fold0.csv,epoch=31;column=val_vessel_miou,history_inferred,
legacy-E1-old-3f4c6d4397,legacy-E1-old-3f4c6d4397-history-val,E1-old,segment,42,0,unknown,31,val,PKU37,,,group_macro_training_scale,vessel_outside_gt_layer_fraction,0.2488256946779724,ratio,512x512,512x512,1 px (physical spacing unverified),raw,0.5,0.5,spatial valid AND annotation-valid where available,none,sabids-evaluator-v0-20260828,,,,stage2_segment_safe_fold0.csv,epoch=31;column=val_vessel_outside_gt_layer_fraction,history_inferred,
legacy-E1-old-3f4c6d4397,legacy-E1-old-3f4c6d4397-history-val,E1-old,segment,42,0,unknown,31,val,PKU37,,,group_macro_training_scale,vessel_precision,0.4861202014901063,ratio,512x512,512x512,1 px (physical spacing unverified),raw,0.5,0.5,spatial valid AND annotation-valid where available,none,sabids-evaluator-v0-20260828,,,,stage2_segment_safe_fold0.csv,epoch=31;column=val_vessel_precision,history_inferred,
legacy-E1-old-3f4c6d4397,legacy-E1-old-3f4c6d4397-history-val,E1-old,segment,42,0,unknown,31,val,PKU37,,,group_macro_training_scale,vessel_recall,0.7771413009475694,ratio,512x512,512x512,1 px (physical spacing unverified),raw,0.5,0.5,spatial valid AND annotation-valid where available,none,sabids-evaluator-v0-20260828,,,,stage2_segment_safe_fold0.csv,epoch=31;column=val_vessel_recall,history_inferred,
legacy-E1-old-3f4c6d4397,legacy-E1-old-3f4c6d4397-history-val,E1-old,segment,42,0,unknown,31,val,PKU37,,,group_macro_training_scale,vessel_roi_accuracy,0.76096270628357,ratio,512x512,512x512,1 px (physical spacing unverified),raw,0.5,0.5,spatial valid AND annotation-valid where available,none,sabids-evaluator-v0-20260828,,,,stage2_segment_safe_fold0.csv,epoch=31;column=val_vessel_roi_accuracy,history_inferred,
legacy-E1-old-3f4c6d4397,legacy-E1-old-3f4c6d4397-history-val,E1-old,segment,42,0,unknown,31,val,PKU37,,,group_macro_training_scale,vessel_roi_background_iou,0.6646776975063629,ratio,512x512,512x512,1 px (physical spacing unverified),raw,0.5,0.5,spatial valid AND annotation-valid where available,none,sabids-evaluator-v0-20260828,,,,stage2_segment_safe_fold0.csv,epoch=31;column=val_vessel_roi_background_iou,history_inferred,
legacy-E1-old-3f4c6d4397,legacy-E1-old-3f4c6d4397-history-val,E1-old,segment,42,0,unknown,31,val,PKU37,,,group_macro_training_scale,vessel_roi_dice,0.7066925495873123,ratio,512x512,512x512,1 px (physical spacing unverified),raw,0.5,0.5,spatial valid AND annotation-valid where available,none,sabids-evaluator-v0-20260828,,,,stage2_segment_safe_fold0.csv,epoch=31;column=val_vessel_roi_dice,history_inferred,
legacy-E1-old-3f4c6d4397,legacy-E1-old-3f4c6d4397-history-val,E1-old,segment,42,0,unknown,31,val,PKU37,,,group_macro_training_scale,vessel_roi_iou,0.547161432812695,ratio,512x512,512x512,1 px (physical spacing unverified),raw,0.5,0.5,spatial valid AND annotation-valid where available,none,sabids-evaluator-v0-20260828,,,,stage2_segment_safe_fold0.csv,epoch=31;column=val_vessel_roi_iou,history_inferred,
legacy-E1-old-3f4c6d4397,legacy-E1-old-3f4c6d4397-history-val,E1-old,segment,42,0,unknown,31,val,PKU37,,,group_macro_training_scale,vessel_roi_miou,0.6059195651595289,ratio,512x512,512x512,1 px (physical spacing unverified),raw,0.5,0.5,spatial valid AND annotation-valid where available,none,sabids-evaluator-v0-20260828,,,,stage2_segment_safe_fold0.csv,epoch=31;column=val_vessel_roi_miou,history_inferred,
legacy-E1-old-3f4c6d4397,legacy-E1-old-3f4c6d4397-history-val,E1-old,segment,42,0,unknown,31,val,PKU37,,,group_macro_training_scale,vessel_roi_precision,0.6490259394575164,ratio,512x512,512x512,1 px (physical spacing unverified),raw,0.5,0.5,spatial valid AND annotation-valid where available,none,sabids-evaluator-v0-20260828,,,,stage2_segment_safe_fold0.csv,epoch=31;column=val_vessel_roi_precision,history_inferred,
legacy-E1-old-3f4c6d4397,legacy-E1-old-3f4c6d4397-history-val,E1-old,segment,42,0,unknown,31,val,PKU37,,,group_macro_training_scale,vessel_roi_recall,0.7771413009475694,ratio,512x512,512x512,1 px (physical spacing unverified),raw,0.5,0.5,spatial valid AND annotation-valid where available,none,sabids-evaluator-v0-20260828,,,,stage2_segment_safe_fold0.csv,epoch=31;column=val_vessel_roi_recall,history_inferred,
legacy-E1-old-3f4c6d4397,legacy-E1-old-3f4c6d4397-history-val,E1-old,segment,42,0,unknown,31,val,PKU37,,,group_macro_training_scale,vessel_roi_specificity,0.752194722868821,ratio,512x512,512x512,1 px (physical spacing unverified),raw,0.5,0.5,spatial valid AND annotation-valid where available,none,sabids-evaluator-v0-20260828,,,,stage2_segment_safe_fold0.csv,epoch=31;column=val_vessel_roi_specificity,history_inferred,
legacy-E1-old-3f4c6d4397,legacy-E1-old-3f4c6d4397-history-val,E1-old,segment,42,0,unknown,31,val,PKU37,,,group_macro_training_scale,vessel_soft_dice,0.563532206414866,ratio,512x512,512x512,1 px (physical spacing unverified),raw,0.5,0.5,spatial valid AND annotation-valid where available,none,sabids-evaluator-v0-20260828,,,,stage2_segment_safe_fold0.csv,epoch=31;column=val_vessel_soft_dice,history_inferred,
legacy-E1-old-3f4c6d4397,legacy-E1-old-3f4c6d4397-history-val,E1-old,segment,42,0,unknown,31,val,PKU37,,,group_macro_training_scale,vessel_specificity,0.9598403700439396,ratio,512x512,512x512,1 px (physical spacing unverified),raw,0.5,0.5,spatial valid AND annotation-valid where available,none,sabids-evaluator-v0-20260828,,,,stage2_segment_safe_fold0.csv,epoch=31;column=val_vessel_specificity,history_inferred,
legacy-E1-old-3f4c6d4397,legacy-E1-old-3f4c6d4397-history-val,E1-old,segment,42,0,unknown,31,val,PKU37,,,group_macro_training_scale,whole_layer_baseline_vessel_dice,0.5413278141844671,ratio,512x512,512x512,1 px (physical spacing unverified),raw,0.5,0.5,spatial valid AND annotation-valid where available,none,sabids-evaluator-v0-20260828,,,,stage2_segment_safe_fold0.csv,epoch=31;column=val_whole_layer_baseline_vessel_dice,history_inferred,
legacy-E1-old-3f4c6d4397,legacy-E1-old-3f4c6d4397-history-val,E1-old,segment,42,0,unknown,31,val,PKU37,,,group_macro_training_scale,denoise_probe_max_abs_diff,0.0,ratio,512x512,512x512,1 px (physical spacing unverified),raw,0.5,0.5,spatial valid AND annotation-valid where available,none,sabids-evaluator-v0-20260828,,,,stage2_segment_safe_fold0.csv,epoch=31;column=val_denoise_probe_max_abs_diff,history_inferred,
legacy-E2-old-3df86353ec,legacy-E2-old-3df86353ec-history-val,E2-old,segment,42,0,unknown,33,val,PKU37,,,group_macro_training_scale,empty_baseline_vessel_dice,9.423201757983956e-11,ratio,512x512,512x512,1 px (physical spacing unverified),raw,0.5,0.5,spatial valid AND annotation-valid where available,none,sabids-evaluator-v0-20260828,,,,stage2_segment_d2s_fold0.csv,epoch=33;column=val_empty_baseline_vessel_dice,history_inferred,
legacy-E2-old-3df86353ec,legacy-E2-old-3df86353ec-history-val,E2-old,segment,42,0,unknown,33,val,PKU37,,,group_macro_training_scale,layer_dice,0.7855582688717755,ratio,512x512,512x512,1 px (physical spacing unverified),raw,0.5,0.5,spatial valid AND annotation-valid where available,none,sabids-evaluator-v0-20260828,,,,stage2_segment_d2s_fold0.csv,epoch=33;column=val_layer_dice,history_inferred,
legacy-E2-old-3df86353ec,legacy-E2-old-3df86353ec-history-val,E2-old,segment,42,0,unknown,33,val,PKU37,,,group_macro_training_scale,layer_precision,0.7059972177718272,ratio,512x512,512x512,1 px (physical spacing unverified),raw,0.5,0.5,spatial valid AND annotation-valid where available,none,sabids-evaluator-v0-20260828,,,,stage2_segment_d2s_fold0.csv,epoch=33;column=val_layer_precision,history_inferred,
legacy-E2-old-3df86353ec,legacy-E2-old-3df86353ec-history-val,E2-old,segment,42,0,unknown,33,val,PKU37,,,group_macro_training_scale,layer_recall,0.932839239604242,ratio,512x512,512x512,1 px (physical spacing unverified),raw,0.5,0.5,spatial valid AND annotation-valid where available,none,sabids-evaluator-v0-20260828,,,,stage2_segment_d2s_fold0.csv,epoch=33;column=val_layer_recall,history_inferred,
legacy-E2-old-3df86353ec,legacy-E2-old-3df86353ec-history-val,E2-old,segment,42,0,unknown,33,val,PKU37,,,group_macro_training_scale,layer_soft_dice,0.7803728094631893,ratio,512x512,512x512,1 px (physical spacing unverified),raw,0.5,0.5,spatial valid AND annotation-valid where available,none,sabids-evaluator-v0-20260828,,,,stage2_segment_d2s_fold0.csv,epoch=33;column=val_layer_soft_dice,history_inferred,
legacy-E2-old-3df86353ec,legacy-E2-old-3df86353ec-history-val,E2-old,segment,42,0,unknown,33,val,PKU37,,,group_macro_training_scale,pred_layer_vessel_dice,0.5979609767709544,ratio,512x512,512x512,1 px (physical spacing unverified),raw,0.5,0.5,spatial valid AND annotation-valid where available,none,sabids-evaluator-v0-20260828,,,,stage2_segment_d2s_fold0.csv,epoch=33;column=val_pred_layer_vessel_dice,history_inferred,
legacy-E2-old-3df86353ec,legacy-E2-old-3df86353ec-history-val,E2-old,segment,42,0,unknown,33,val,PKU37,,,group_macro_training_scale,psnr,32.737266385329576,dB,512x512,512x512,1 px (physical spacing unverified),raw,0.5,0.5,spatial valid AND annotation-valid where available,none,sabids-evaluator-v0-20260828,,,,stage2_segment_d2s_fold0.csv,epoch=33;column=val_psnr,history_inferred,
legacy-E2-old-3df86353ec,legacy-E2-old-3df86353ec-history-val,E2-old,segment,42,0,unknown,33,val,PKU37,,,group_macro_training_scale,vessel_accuracy,0.9498591613771444,ratio,512x512,512x512,1 px (physical spacing unverified),raw,0.5,0.5,spatial valid AND annotation-valid where available,none,sabids-evaluator-v0-20260828,,,,stage2_segment_d2s_fold0.csv,epoch=33;column=val_vessel_accuracy,history_inferred,
legacy-E2-old-3df86353ec,legacy-E2-old-3df86353ec-history-val,E2-old,segment,42,0,unknown,33,val,PKU37,,,group_macro_training_scale,vessel_area_fraction_mae,0.0695322866872091,px,512x512,512x512,1 px (physical spacing unverified),raw,0.5,0.5,spatial valid AND annotation-valid where available,none,sabids-evaluator-v0-20260828,,,,stage2_segment_d2s_fold0.csv,epoch=33;column=val_vessel_area_fraction_mae,history_inferred,
legacy-E2-old-3df86353ec,legacy-E2-old-3df86353ec-history-val,E2-old,segment,42,0,unknown,33,val,PKU37,,,group_macro_training_scale,vessel_area_fraction_pred,0.4407357047930809,ratio,512x512,512x512,1 px (physical spacing unverified),raw,0.5,0.5,spatial valid AND annotation-valid where available,none,sabids-evaluator-v0-20260828,,,,stage2_segment_d2s_fold0.csv,epoch=33;column=val_vessel_area_fraction_pred,history_inferred,
legacy-E2-old-3df86353ec,legacy-E2-old-3df86353ec-history-val,E2-old,segment,42,0,unknown,33,val,PKU37,,,group_macro_training_scale,vessel_area_fraction_true,0.3712034181058717,ratio,512x512,512x512,1 px (physical spacing unverified),raw,0.5,0.5,spatial valid AND annotation-valid where available,none,sabids-evaluator-v0-20260828,,,,stage2_segment_d2s_fold0.csv,epoch=33;column=val_vessel_area_fraction_true,history_inferred,
legacy-E2-old-3df86353ec,legacy-E2-old-3df86353ec-history-val,E2-old,segment,42,0,unknown,33,val,PKU37,,,group_macro_training_scale,vessel_background_iou,0.9482484617982808,ratio,512x512,512x512,1 px (physical spacing unverified),raw,0.5,0.5,spatial valid AND annotation-valid where available,none,sabids-evaluator-v0-20260828,,,,stage2_segment_d2s_fold0.csv,epoch=33;column=val_vessel_background_iou,history_inferred,
legacy-E2-old-3df86353ec,legacy-E2-old-3df86353ec-history-val,E2-old,segment,42,0,unknown,33,val,PKU37,,,group_macro_training_scale,vessel_dice,0.5721318370666623,ratio,512x512,512x512,1 px (physical spacing unverified),raw,0.5,0.5,spatial valid AND annotation-valid where available,none,sabids-evaluator-v0-20260828,,,,stage2_segment_d2s_fold0.csv,epoch=33;column=val_vessel_dice,history_inferred,
legacy-E2-old-3df86353ec,legacy-E2-old-3df86353ec-history-val,E2-old,segment,42,0,unknown,33,val,PKU37,,,group_macro_training_scale,vessel_iou,0.4111156410510678,ratio,512x512,512x512,1 px (physical spacing unverified),raw,0.5,0.5,spatial valid AND annotation-valid where available,none,sabids-evaluator-v0-20260828,,,,stage2_segment_d2s_fold0.csv,epoch=33;column=val_vessel_iou,history_inferred,
legacy-E2-old-3df86353ec,legacy-E2-old-3df86353ec-history-val,E2-old,segment,42,0,unknown,33,val,PKU37,,,group_macro_training_scale,vessel_miou,0.6796820514246743,ratio,512x512,512x512,1 px (physical spacing unverified),raw,0.5,0.5,spatial valid AND annotation-valid where available,none,sabids-evaluator-v0-20260828,,,,stage2_segment_d2s_fold0.csv,epoch=33;column=val_vessel_miou,history_inferred,
legacy-E2-old-3df86353ec,legacy-E2-old-3df86353ec-history-val,E2-old,segment,42,0,unknown,33,val,PKU37,,,group_macro_training_scale,vessel_outside_gt_layer_fraction,0.2758108443068447,ratio,512x512,512x512,1 px (physical spacing unverified),raw,0.5,0.5,spatial valid AND annotation-valid where available,none,sabids-evaluator-v0-20260828,,,,stage2_segment_d2s_fold0.csv,epoch=33;column=val_vessel_outside_gt_layer_fraction,history_inferred,
legacy-E2-old-3df86353ec,legacy-E2-old-3df86353ec-history-val,E2-old,segment,42,0,unknown,33,val,PKU37,,,group_macro_training_scale,vessel_precision,0.4715398612905631,ratio,512x512,512x512,1 px (physical spacing unverified),raw,0.5,0.5,spatial valid AND annotation-valid where available,none,sabids-evaluator-v0-20260828,,,,stage2_segment_d2s_fold0.csv,epoch=33;column=val_vessel_precision,history_inferred,
legacy-E2-old-3df86353ec,legacy-E2-old-3df86353ec-history-val,E2-old,segment,42,0,unknown,33,val,PKU37,,,group_macro_training_scale,vessel_recall,0.7856715872748632,ratio,512x512,512x512,1 px (physical spacing unverified),raw,0.5,0.5,spatial valid AND annotation-valid where available,none,sabids-evaluator-v0-20260828,,,,stage2_segment_d2s_fold0.csv,epoch=33;column=val_vessel_recall,history_inferred,
legacy-E2-old-3df86353ec,legacy-E2-old-3df86353ec-history-val,E2-old,segment,42,0,unknown,33,val,PKU37,,,group_macro_training_scale,vessel_roi_accuracy,0.7710783343112696,ratio,512x512,512x512,1 px (physical spacing unverified),raw,0.5,0.5,spatial valid AND annotation-valid where available,none,sabids-evaluator-v0-20260828,,,,stage2_segment_d2s_fold0.csv,epoch=33;column=val_vessel_roi_accuracy,history_inferred,
legacy-E2-old-3df86353ec,legacy-E2-old-3df86353ec-history-val,E2-old,segment,42,0,unknown,33,val,PKU37,,,group_macro_training_scale,vessel_roi_background_iou,0.6766811654233199,ratio,512x512,512x512,1 px (physical spacing unverified),raw,0.5,0.5,spatial valid AND annotation-valid where available,none,sabids-evaluator-v0-20260828,,,,stage2_segment_d2s_fold0.csv,epoch=33;column=val_vessel_roi_background_iou,history_inferred,
legacy-E2-old-3df86353ec,legacy-E2-old-3df86353ec-history-val,E2-old,segment,42,0,unknown,33,val,PKU37,,,group_macro_training_scale,vessel_roi_dice,0.7192203422603132,ratio,512x512,512x512,1 px (physical spacing unverified),raw,0.5,0.5,spatial valid AND annotation-valid where available,none,sabids-evaluator-v0-20260828,,,,stage2_segment_d2s_fold0.csv,epoch=33;column=val_vessel_roi_dice,history_inferred,
legacy-E2-old-3df86353ec,legacy-E2-old-3df86353ec-history-val,E2-old,segment,42,0,unknown,33,val,PKU37,,,group_macro_training_scale,vessel_roi_iou,0.562327723060267,ratio,512x512,512x512,1 px (physical spacing unverified),raw,0.5,0.5,spatial valid AND annotation-valid where available,none,sabids-evaluator-v0-20260828,,,,stage2_segment_d2s_fold0.csv,epoch=33;column=val_vessel_roi_iou,history_inferred,
legacy-E2-old-3df86353ec,legacy-E2-old-3df86353ec-history-val,E2-old,segment,42,0,unknown,33,val,PKU37,,,group_macro_training_scale,vessel_roi_miou,0.6195044442417934,ratio,512x512,512x512,1 px (physical spacing unverified),raw,0.5,0.5,spatial valid AND annotation-valid where available,none,sabids-evaluator-v0-20260828,,,,stage2_segment_d2s_fold0.csv,epoch=33;column=val_vessel_roi_miou,history_inferred,
legacy-E2-old-3df86353ec,legacy-E2-old-3df86353ec-history-val,E2-old,segment,42,0,unknown,33,val,PKU37,,,group_macro_training_scale,vessel_roi_precision,0.6637526351809022,ratio,512x512,512x512,1 px (physical spacing unverified),raw,0.5,0.5,spatial valid AND annotation-valid where available,none,sabids-evaluator-v0-20260828,,,,stage2_segment_d2s_fold0.csv,epoch=33;column=val_vessel_roi_precision,history_inferred,
legacy-E2-old-3df86353ec,legacy-E2-old-3df86353ec-history-val,E2-old,segment,42,0,unknown,33,val,PKU37,,,group_macro_training_scale,vessel_roi_recall,0.7856715872748632,ratio,512x512,512x512,1 px (physical spacing unverified),raw,0.5,0.5,spatial valid AND annotation-valid where available,none,sabids-evaluator-v0-20260828,,,,stage2_segment_d2s_fold0.csv,epoch=33;column=val_vessel_roi_recall,history_inferred,
legacy-E2-old-3df86353ec,legacy-E2-old-3df86353ec-history-val,E2-old,segment,42,0,unknown,33,val,PKU37,,,group_macro_training_scale,vessel_roi_specificity,0.761904784498598,ratio,512x512,512x512,1 px (physical spacing unverified),raw,0.5,0.5,spatial valid AND annotation-valid where available,none,sabids-evaluator-v0-20260828,,,,stage2_segment_d2s_fold0.csv,epoch=33;column=val_vessel_roi_specificity,history_inferred,
legacy-E2-old-3df86353ec,legacy-E2-old-3df86353ec-history-val,E2-old,segment,42,0,unknown,33,val,PKU37,,,group_macro_training_scale,vessel_soft_dice,0.5575766771208914,ratio,512x512,512x512,1 px (physical spacing unverified),raw,0.5,0.5,spatial valid AND annotation-valid where available,none,sabids-evaluator-v0-20260828,,,,stage2_segment_d2s_fold0.csv,epoch=33;column=val_vessel_soft_dice,history_inferred,
legacy-E2-old-3df86353ec,legacy-E2-old-3df86353ec-history-val,E2-old,segment,42,0,unknown,33,val,PKU37,,,group_macro_training_scale,vessel_specificity,0.9573444726368856,ratio,512x512,512x512,1 px (physical spacing unverified),raw,0.5,0.5,spatial valid AND annotation-valid where available,none,sabids-evaluator-v0-20260828,,,,stage2_segment_d2s_fold0.csv,epoch=33;column=val_vessel_specificity,history_inferred,
legacy-E2-old-3df86353ec,legacy-E2-old-3df86353ec-history-val,E2-old,segment,42,0,unknown,33,val,PKU37,,,group_macro_training_scale,whole_layer_baseline_vessel_dice,0.5413278141844671,ratio,512x512,512x512,1 px (physical spacing unverified),raw,0.5,0.5,spatial valid AND annotation-valid where available,none,sabids-evaluator-v0-20260828,,,,stage2_segment_d2s_fold0.csv,epoch=33;column=val_whole_layer_baseline_vessel_dice,history_inferred,
legacy-E2-old-3df86353ec,legacy-E2-old-3df86353ec-history-val,E2-old,segment,42,0,unknown,33,val,PKU37,,,group_macro_training_scale,denoise_probe_max_abs_diff,0.0,ratio,512x512,512x512,1 px (physical spacing unverified),raw,0.5,0.5,spatial valid AND annotation-valid where available,none,sabids-evaluator-v0-20260828,,,,stage2_segment_d2s_fold0.csv,epoch=33;column=val_denoise_probe_max_abs_diff,history_inferred,
legacy-E3-old-efdac21776,legacy-E3-old-efdac21776-history-val,E3-old,segment,42,0,unknown,47,val,PKU37,,,group_macro_training_scale,empty_baseline_vessel_dice,9.423201757983956e-11,ratio,512x512,512x512,1 px (physical spacing unverified),raw,0.5,0.5,spatial valid AND annotation-valid where available,none,sabids-evaluator-v0-20260828,,,,stage2_segment_roi_fold0.csv,epoch=47;column=val_empty_baseline_vessel_dice,history_inferred,
legacy-E3-old-efdac21776,legacy-E3-old-efdac21776-history-val,E3-old,segment,42,0,unknown,47,val,PKU37,,,group_macro_training_scale,layer_dice,0.787848118005411,ratio,512x512,512x512,1 px (physical spacing unverified),raw,0.5,0.5,spatial valid AND annotation-valid where available,none,sabids-evaluator-v0-20260828,,,,stage2_segment_roi_fold0.csv,epoch=47;column=val_layer_dice,history_inferred,
legacy-E3-old-efdac21776,legacy-E3-old-efdac21776-history-val,E3-old,segment,42,0,unknown,47,val,PKU37,,,group_macro_training_scale,layer_precision,0.7066029985307962,ratio,512x512,512x512,1 px (physical spacing unverified),raw,0.5,0.5,spatial valid AND annotation-valid where available,none,sabids-evaluator-v0-20260828,,,,stage2_segment_roi_fold0.csv,epoch=47;column=val_layer_precision,history_inferred,
legacy-E3-old-efdac21776,legacy-E3-old-efdac21776-history-val,E3-old,segment,42,0,unknown,47,val,PKU37,,,group_macro_training_scale,layer_recall,0.9417895370621348,ratio,512x512,512x512,1 px (physical spacing unverified),raw,0.5,0.5,spatial valid AND annotation-valid where available,none,sabids-evaluator-v0-20260828,,,,stage2_segment_roi_fold0.csv,epoch=47;column=val_layer_recall,history_inferred,
legacy-E3-old-efdac21776,legacy-E3-old-efdac21776-history-val,E3-old,segment,42,0,unknown,47,val,PKU37,,,group_macro_training_scale,layer_soft_dice,0.7838788780229968,ratio,512x512,512x512,1 px (physical spacing unverified),raw,0.5,0.5,spatial valid AND annotation-valid where available,none,sabids-evaluator-v0-20260828,,,,stage2_segment_roi_fold0.csv,epoch=47;column=val_layer_soft_dice,history_inferred,
legacy-E3-old-efdac21776,legacy-E3-old-efdac21776-history-val,E3-old,segment,42,0,unknown,47,val,PKU37,,,group_macro_training_scale,pred_layer_vessel_dice,0.5678194376000454,ratio,512x512,512x512,1 px (physical spacing unverified),raw,0.5,0.5,spatial valid AND annotation-valid where available,none,sabids-evaluator-v0-20260828,,,,stage2_segment_roi_fold0.csv,epoch=47;column=val_pred_layer_vessel_dice,history_inferred,
legacy-E3-old-efdac21776,legacy-E3-old-efdac21776-history-val,E3-old,segment,42,0,unknown,47,val,PKU37,,,group_macro_training_scale,psnr,32.73726934691576,dB,512x512,512x512,1 px (physical spacing unverified),raw,0.5,0.5,spatial valid AND annotation-valid where available,none,sabids-evaluator-v0-20260828,,,,stage2_segment_roi_fold0.csv,epoch=47;column=val_psnr,history_inferred,
legacy-E3-old-efdac21776,legacy-E3-old-efdac21776-history-val,E3-old,segment,42,0,unknown,47,val,PKU37,,,group_macro_training_scale,vessel_accuracy,0.9021149063114088,ratio,512x512,512x512,1 px (physical spacing unverified),raw,0.5,0.5,spatial valid AND annotation-valid where available,none,sabids-evaluator-v0-20260828,,,,stage2_segment_roi_fold0.csv,epoch=47;column=val_vessel_accuracy,history_inferred,
legacy-E3-old-efdac21776,legacy-E3-old-efdac21776-history-val,E3-old,segment,42,0,unknown,47,val,PKU37,,,group_macro_training_scale,vessel_area_fraction_mae,0.0793486345156011,px,512x512,512x512,1 px (physical spacing unverified),raw,0.5,0.5,spatial valid AND annotation-valid where available,none,sabids-evaluator-v0-20260828,,,,stage2_segment_roi_fold0.csv,epoch=47;column=val_vessel_area_fraction_mae,history_inferred,
legacy-E3-old-efdac21776,legacy-E3-old-efdac21776-history-val,E3-old,segment,42,0,unknown,47,val,PKU37,,,group_macro_training_scale,vessel_area_fraction_pred,0.4505520526214729,ratio,512x512,512x512,1 px (physical spacing unverified),raw,0.5,0.5,spatial valid AND annotation-valid where available,none,sabids-evaluator-v0-20260828,,,,stage2_segment_roi_fold0.csv,epoch=47;column=val_vessel_area_fraction_pred,history_inferred,
legacy-E3-old-efdac21776,legacy-E3-old-efdac21776-history-val,E3-old,segment,42,0,unknown,47,val,PKU37,,,group_macro_training_scale,vessel_area_fraction_true,0.3712034181058717,ratio,512x512,512x512,1 px (physical spacing unverified),raw,0.5,0.5,spatial valid AND annotation-valid where available,none,sabids-evaluator-v0-20260828,,,,stage2_segment_roi_fold0.csv,epoch=47;column=val_vessel_area_fraction_true,history_inferred,
legacy-E3-old-efdac21776,legacy-E3-old-efdac21776-history-val,E3-old,segment,42,0,unknown,47,val,PKU37,,,group_macro_training_scale,vessel_background_iou,0.8991722994762354,ratio,512x512,512x512,1 px (physical spacing unverified),raw,0.5,0.5,spatial valid AND annotation-valid where available,none,sabids-evaluator-v0-20260828,,,,stage2_segment_roi_fold0.csv,epoch=47;column=val_vessel_background_iou,history_inferred,
legacy-E3-old-efdac21776,legacy-E3-old-efdac21776-history-val,E3-old,segment,42,0,unknown,47,val,PKU37,,,group_macro_training_scale,vessel_dice,0.4583684197609673,ratio,512x512,512x512,1 px (physical spacing unverified),raw,0.5,0.5,spatial valid AND annotation-valid where available,none,sabids-evaluator-v0-20260828,,,,stage2_segment_roi_fold0.csv,epoch=47;column=val_vessel_dice,history_inferred,
legacy-E3-old-efdac21776,legacy-E3-old-efdac21776-history-val,E3-old,segment,42,0,unknown,47,val,PKU37,,,group_macro_training_scale,vessel_iou,0.3205341974251712,ratio,512x512,512x512,1 px (physical spacing unverified),raw,0.5,0.5,spatial valid AND annotation-valid where available,none,sabids-evaluator-v0-20260828,,,,stage2_segment_roi_fold0.csv,epoch=47;column=val_vessel_iou,history_inferred,
legacy-E3-old-efdac21776,legacy-E3-old-efdac21776-history-val,E3-old,segment,42,0,unknown,47,val,PKU37,,,group_macro_training_scale,vessel_miou,0.6098532484507033,ratio,512x512,512x512,1 px (physical spacing unverified),raw,0.5,0.5,spatial valid AND annotation-valid where available,none,sabids-evaluator-v0-20260828,,,,stage2_segment_roi_fold0.csv,epoch=47;column=val_vessel_miou,history_inferred,
legacy-E3-old-efdac21776,legacy-E3-old-efdac21776-history-val,E3-old,segment,42,0,unknown,47,val,PKU37,,,group_macro_training_scale,vessel_outside_gt_layer_fraction,0.4169276328160676,ratio,512x512,512x512,1 px (physical spacing unverified),raw,0.5,0.5,spatial valid AND annotation-valid where available,none,sabids-evaluator-v0-20260828,,,,stage2_segment_roi_fold0.csv,epoch=47;column=val_vessel_outside_gt_layer_fraction,history_inferred,
legacy-E3-old-efdac21776,legacy-E3-old-efdac21776-history-val,E3-old,segment,42,0,unknown,47,val,PKU37,,,group_macro_training_scale,vessel_precision,0.3654564908022639,ratio,512x512,512x512,1 px (physical spacing unverified),raw,0.5,0.5,spatial valid AND annotation-valid where available,none,sabids-evaluator-v0-20260828,,,,stage2_segment_roi_fold0.csv,epoch=47;column=val_vessel_precision,history_inferred,
legacy-E3-old-efdac21776,legacy-E3-old-efdac21776-history-val,E3-old,segment,42,0,unknown,47,val,PKU37,,,group_macro_training_scale,vessel_recall,0.7808473550735129,ratio,512x512,512x512,1 px (physical spacing unverified),raw,0.5,0.5,spatial valid AND annotation-valid where available,none,sabids-evaluator-v0-20260828,,,,stage2_segment_roi_fold0.csv,epoch=47;column=val_vessel_recall,history_inferred,
legacy-E3-old-efdac21776,legacy-E3-old-efdac21776-history-val,E3-old,segment,42,0,unknown,47,val,PKU37,,,group_macro_training_scale,vessel_roi_accuracy,0.7577830465692132,ratio,512x512,512x512,1 px (physical spacing unverified),raw,0.5,0.5,spatial valid AND annotation-valid where available,none,sabids-evaluator-v0-20260828,,,,stage2_segment_roi_fold0.csv,epoch=47;column=val_vessel_roi_accuracy,history_inferred,
legacy-E3-old-efdac21776,legacy-E3-old-efdac21776-history-val,E3-old,segment,42,0,unknown,47,val,PKU37,,,group_macro_training_scale,vessel_roi_background_iou,0.6586244102708481,ratio,512x512,512x512,1 px (physical spacing unverified),raw,0.5,0.5,spatial valid AND annotation-valid where available,none,sabids-evaluator-v0-20260828,,,,stage2_segment_roi_fold0.csv,epoch=47;column=val_vessel_roi_background_iou,history_inferred,
legacy-E3-old-efdac21776,legacy-E3-old-efdac21776-history-val,E3-old,segment,42,0,unknown,47,val,PKU37,,,group_macro_training_scale,vessel_roi_dice,0.7063952488903674,ratio,512x512,512x512,1 px (physical spacing unverified),raw,0.5,0.5,spatial valid AND annotation-valid where available,none,sabids-evaluator-v0-20260828,,,,stage2_segment_roi_fold0.csv,epoch=47;column=val_vessel_roi_dice,history_inferred,
legacy-E3-old-efdac21776,legacy-E3-old-efdac21776-history-val,E3-old,segment,42,0,unknown,47,val,PKU37,,,group_macro_training_scale,vessel_roi_iou,0.5466667097182547,ratio,512x512,512x512,1 px (physical spacing unverified),raw,0.5,0.5,spatial valid AND annotation-valid where available,none,sabids-evaluator-v0-20260828,,,,stage2_segment_roi_fold0.csv,epoch=47;column=val_vessel_roi_iou,history_inferred,
legacy-E3-old-efdac21776,legacy-E3-old-efdac21776-history-val,E3-old,segment,42,0,unknown,47,val,PKU37,,,group_macro_training_scale,vessel_roi_miou,0.6026455599945513,ratio,512x512,512x512,1 px (physical spacing unverified),raw,0.5,0.5,spatial valid AND annotation-valid where available,none,sabids-evaluator-v0-20260828,,,,stage2_segment_roi_fold0.csv,epoch=47;column=val_vessel_roi_miou,history_inferred,
legacy-E3-old-efdac21776,legacy-E3-old-efdac21776-history-val,E3-old,segment,42,0,unknown,47,val,PKU37,,,group_macro_training_scale,vessel_roi_precision,0.6456018682196645,ratio,512x512,512x512,1 px (physical spacing unverified),raw,0.5,0.5,spatial valid AND annotation-valid where available,none,sabids-evaluator-v0-20260828,,,,stage2_segment_roi_fold0.csv,epoch=47;column=val_vessel_roi_precision,history_inferred,
legacy-E3-old-efdac21776,legacy-E3-old-efdac21776-history-val,E3-old,segment,42,0,unknown,47,val,PKU37,,,group_macro_training_scale,vessel_roi_recall,0.7808473550735129,ratio,512x512,512x512,1 px (physical spacing unverified),raw,0.5,0.5,spatial valid AND annotation-valid where available,none,sabids-evaluator-v0-20260828,,,,stage2_segment_roi_fold0.csv,epoch=47;column=val_vessel_roi_recall,history_inferred,
legacy-E3-old-efdac21776,legacy-E3-old-efdac21776-history-val,E3-old,segment,42,0,unknown,47,val,PKU37,,,group_macro_training_scale,vessel_roi_specificity,0.7435065073925597,ratio,512x512,512x512,1 px (physical spacing unverified),raw,0.5,0.5,spatial valid AND annotation-valid where available,none,sabids-evaluator-v0-20260828,,,,stage2_segment_roi_fold0.csv,epoch=47;column=val_vessel_roi_specificity,history_inferred,
legacy-E3-old-efdac21776,legacy-E3-old-efdac21776-history-val,E3-old,segment,42,0,unknown,47,val,PKU37,,,group_macro_training_scale,vessel_soft_dice,0.4241550724869644,ratio,512x512,512x512,1 px (physical spacing unverified),raw,0.5,0.5,spatial valid AND annotation-valid where available,none,sabids-evaluator-v0-20260828,,,,stage2_segment_roi_fold0.csv,epoch=47;column=val_vessel_soft_dice,history_inferred,
legacy-E3-old-efdac21776,legacy-E3-old-efdac21776-history-val,E3-old,segment,42,0,unknown,47,val,PKU37,,,group_macro_training_scale,vessel_specificity,0.9080517320632776,ratio,512x512,512x512,1 px (physical spacing unverified),raw,0.5,0.5,spatial valid AND annotation-valid where available,none,sabids-evaluator-v0-20260828,,,,stage2_segment_roi_fold0.csv,epoch=47;column=val_vessel_specificity,history_inferred,
legacy-E3-old-efdac21776,legacy-E3-old-efdac21776-history-val,E3-old,segment,42,0,unknown,47,val,PKU37,,,group_macro_training_scale,whole_layer_baseline_vessel_dice,0.5413278141844671,ratio,512x512,512x512,1 px (physical spacing unverified),raw,0.5,0.5,spatial valid AND annotation-valid where available,none,sabids-evaluator-v0-20260828,,,,stage2_segment_roi_fold0.csv,epoch=47;column=val_whole_layer_baseline_vessel_dice,history_inferred,
legacy-E3-old-efdac21776,legacy-E3-old-efdac21776-history-val,E3-old,segment,42,0,unknown,47,val,PKU37,,,group_macro_training_scale,denoise_probe_max_abs_diff,0.0,ratio,512x512,512x512,1 px (physical spacing unverified),raw,0.5,0.5,spatial valid AND annotation-valid where available,none,sabids-evaluator-v0-20260828,,,,stage2_segment_roi_fold0.csv,epoch=47;column=val_denoise_probe_max_abs_diff,history_inferred,
legacy-E3b-old-4df632148f,legacy-E3b-old-4df632148f-history-val,E3b-old,segment,42,0,unknown,55,val,PKU37,,,group_macro_training_scale,d2s_disabled_vessel_soft_dice,0.6028093857408877,ratio,512x512,512x512,1 px (physical spacing unverified),raw,0.5,0.5,spatial valid AND annotation-valid where available,none,sabids-evaluator-v0-20260828,,,,stage2_segment_roi_outside_fold0.csv,epoch=55;column=val_d2s_disabled_vessel_soft_dice,history_inferred,
legacy-E3b-old-4df632148f,legacy-E3b-old-4df632148f-history-val,E3b-old,segment,42,0,unknown,55,val,PKU37,,,group_macro_training_scale,d2s_vessel_probability_mean_abs_change,0.0177936529629386,ratio,512x512,512x512,1 px (physical spacing unverified),raw,0.5,0.5,spatial valid AND annotation-valid where available,none,sabids-evaluator-v0-20260828,,,,stage2_segment_roi_outside_fold0.csv,epoch=55;column=val_d2s_vessel_probability_mean_abs_change,history_inferred,
legacy-E3b-old-4df632148f,legacy-E3b-old-4df632148f-history-val,E3b-old,segment,42,0,unknown,55,val,PKU37,,,group_macro_training_scale,empty_baseline_vessel_dice,7.225767158984167e-11,ratio,512x512,512x512,1 px (physical spacing unverified),raw,0.5,0.5,spatial valid AND annotation-valid where available,none,sabids-evaluator-v0-20260828,,,,stage2_segment_roi_outside_fold0.csv,epoch=55;column=val_empty_baseline_vessel_dice,history_inferred,
legacy-E3b-old-4df632148f,legacy-E3b-old-4df632148f-history-val,E3b-old,segment,42,0,unknown,55,val,PKU37,,,group_macro_training_scale,gt_vessel_outside_pred_layer_fraction,0.0143303249090631,ratio,512x512,512x512,1 px (physical spacing unverified),raw,0.5,0.5,spatial valid AND annotation-valid where available,none,sabids-evaluator-v0-20260828,,,,stage2_segment_roi_outside_fold0.csv,epoch=55;column=val_gt_vessel_outside_pred_layer_fraction,history_inferred,
legacy-E3b-old-4df632148f,legacy-E3b-old-4df632148f-history-val,E3b-old,segment,42,0,unknown,55,val,PKU37,,,group_macro_training_scale,gt_vessel_outside_pred_layer_pixels,197.93788617886176,px,512x512,512x512,1 px (physical spacing unverified),raw,0.5,0.5,spatial valid AND annotation-valid where available,none,sabids-evaluator-v0-20260828,,,,stage2_segment_roi_outside_fold0.csv,epoch=55;column=val_gt_vessel_outside_pred_layer_pixels,history_inferred,
legacy-E3b-old-4df632148f,legacy-E3b-old-4df632148f-history-val,E3b-old,segment,42,0,unknown,55,val,PKU37,,,group_macro_training_scale,layer_dice,0.9457318188234866,ratio,512x512,512x512,1 px (physical spacing unverified),raw,0.5,0.5,spatial valid AND annotation-valid where available,none,sabids-evaluator-v0-20260828,,,,stage2_segment_roi_outside_fold0.csv,epoch=55;column=val_layer_dice,history_inferred,
legacy-E3b-old-4df632148f,legacy-E3b-old-4df632148f-history-val,E3b-old,segment,42,0,unknown,55,val,PKU37,,,group_macro_training_scale,layer_precision,0.9421940424392292,ratio,512x512,512x512,1 px (physical spacing unverified),raw,0.5,0.5,spatial valid AND annotation-valid where available,none,sabids-evaluator-v0-20260828,,,,stage2_segment_roi_outside_fold0.csv,epoch=55;column=val_layer_precision,history_inferred,
legacy-E3b-old-4df632148f,legacy-E3b-old-4df632148f-history-val,E3b-old,segment,42,0,unknown,55,val,PKU37,,,group_macro_training_scale,layer_recall,0.9509688165880916,ratio,512x512,512x512,1 px (physical spacing unverified),raw,0.5,0.5,spatial valid AND annotation-valid where available,none,sabids-evaluator-v0-20260828,,,,stage2_segment_roi_outside_fold0.csv,epoch=55;column=val_layer_recall,history_inferred,
legacy-E3b-old-4df632148f,legacy-E3b-old-4df632148f-history-val,E3b-old,segment,42,0,unknown,55,val,PKU37,,,group_macro_training_scale,layer_soft_dice,0.9359668260539624,ratio,512x512,512x512,1 px (physical spacing unverified),raw,0.5,0.5,spatial valid AND annotation-valid where available,none,sabids-evaluator-v0-20260828,,,,stage2_segment_roi_outside_fold0.csv,epoch=55;column=val_layer_soft_dice,history_inferred,
legacy-E3b-old-4df632148f,legacy-E3b-old-4df632148f-history-val,E3b-old,segment,42,0,unknown,55,val,PKU37,,,group_macro_training_scale,pred_layer_vessel_dice,0.5887509408063122,ratio,512x512,512x512,1 px (physical spacing unverified),raw,0.5,0.5,spatial valid AND annotation-valid where available,none,sabids-evaluator-v0-20260828,,,,stage2_segment_roi_outside_fold0.csv,epoch=55;column=val_pred_layer_vessel_dice,history_inferred,
legacy-E3b-old-4df632148f,legacy-E3b-old-4df632148f-history-val,E3b-old,segment,42,0,unknown,55,val,PKU37,,,group_macro_training_scale,psnr,34.32020372525033,dB,512x512,512x512,1 px (physical spacing unverified),raw,0.5,0.5,spatial valid AND annotation-valid where available,none,sabids-evaluator-v0-20260828,,,,stage2_segment_roi_outside_fold0.csv,epoch=55;column=val_psnr,history_inferred,
legacy-E3b-old-4df632148f,legacy-E3b-old-4df632148f-history-val,E3b-old,segment,42,0,unknown,55,val,PKU37,,,group_macro_training_scale,vessel_accuracy,0.9706377317848396,ratio,512x512,512x512,1 px (physical spacing unverified),raw,0.5,0.5,spatial valid AND annotation-valid where available,none,sabids-evaluator-v0-20260828,,,,stage2_segment_roi_outside_fold0.csv,epoch=55;column=val_vessel_accuracy,history_inferred,
legacy-E3b-old-4df632148f,legacy-E3b-old-4df632148f-history-val,E3b-old,segment,42,0,unknown,55,val,PKU37,,,group_macro_training_scale,vessel_area_fraction_mae,0.0384526492468747,px,512x512,512x512,1 px (physical spacing unverified),raw,0.5,0.5,spatial valid AND annotation-valid where available,none,sabids-evaluator-v0-20260828,,,,stage2_segment_roi_outside_fold0.csv,epoch=55;column=val_vessel_area_fraction_mae,history_inferred,
legacy-E3b-old-4df632148f,legacy-E3b-old-4df632148f-history-val,E3b-old,segment,42,0,unknown,55,val,PKU37,,,group_macro_training_scale,vessel_area_fraction_pred,0.4332906864765522,ratio,512x512,512x512,1 px (physical spacing unverified),raw,0.5,0.5,spatial valid AND annotation-valid where available,none,sabids-evaluator-v0-20260828,,,,stage2_segment_roi_outside_fold0.csv,epoch=55;column=val_vessel_area_fraction_pred,history_inferred,
legacy-E3b-old-4df632148f,legacy-E3b-old-4df632148f-history-val,E3b-old,segment,42,0,unknown,55,val,PKU37,,,group_macro_training_scale,vessel_area_fraction_true,0.4086859061871113,ratio,512x512,512x512,1 px (physical spacing unverified),raw,0.5,0.5,spatial valid AND annotation-valid where available,none,sabids-evaluator-v0-20260828,,,,stage2_segment_roi_outside_fold0.csv,epoch=55;column=val_vessel_area_fraction_true,history_inferred,
legacy-E3b-old-4df632148f,legacy-E3b-old-4df632148f-history-val,E3b-old,segment,42,0,unknown,55,val,PKU37,,,group_macro_training_scale,vessel_background_iou,0.9693804781568396,ratio,512x512,512x512,1 px (physical spacing unverified),raw,0.5,0.5,spatial valid AND annotation-valid where available,none,sabids-evaluator-v0-20260828,,,,stage2_segment_roi_outside_fold0.csv,epoch=55;column=val_vessel_background_iou,history_inferred,
legacy-E3b-old-4df632148f,legacy-E3b-old-4df632148f-history-val,E3b-old,segment,42,0,unknown,55,val,PKU37,,,group_macro_training_scale,vessel_dice,0.7379614645488443,ratio,512x512,512x512,1 px (physical spacing unverified),raw,0.5,0.5,spatial valid AND annotation-valid where available,none,sabids-evaluator-v0-20260828,,,,stage2_segment_roi_outside_fold0.csv,epoch=55;column=val_vessel_dice,history_inferred,
legacy-E3b-old-4df632148f,legacy-E3b-old-4df632148f-history-val,E3b-old,segment,42,0,unknown,55,val,PKU37,,,group_macro_training_scale,vessel_error_outside_gt_and_pred_layer_fraction,0.0411005235824884,ratio,512x512,512x512,1 px (physical spacing unverified),raw,0.5,0.5,spatial valid AND annotation-valid where available,none,sabids-evaluator-v0-20260828,,,,stage2_segment_roi_outside_fold0.csv,epoch=55;column=val_vessel_error_outside_gt_and_pred_layer_fraction,history_inferred,
legacy-E3b-old-4df632148f,legacy-E3b-old-4df632148f-history-val,E3b-old,segment,42,0,unknown,55,val,PKU37,,,group_macro_training_scale,vessel_error_outside_gt_and_pred_layer_pixels,619.3967479674798,px,512x512,512x512,1 px (physical spacing unverified),raw,0.5,0.5,spatial valid AND annotation-valid where available,none,sabids-evaluator-v0-20260828,,,,stage2_segment_roi_outside_fold0.csv,epoch=55;column=val_vessel_error_outside_gt_and_pred_layer_pixels,history_inferred,
legacy-E3b-old-4df632148f,legacy-E3b-old-4df632148f-history-val,E3b-old,segment,42,0,unknown,55,val,PKU37,,,group_macro_training_scale,vessel_error_outside_gt_inside_pred_layer_fraction,0.0055213400285469,ratio,512x512,512x512,1 px (physical spacing unverified),raw,0.5,0.5,spatial valid AND annotation-valid where available,none,sabids-evaluator-v0-20260828,,,,stage2_segment_roi_outside_fold0.csv,epoch=55;column=val_vessel_error_outside_gt_inside_pred_layer_fraction,history_inferred,
legacy-E3b-old-4df632148f,legacy-E3b-old-4df632148f-history-val,E3b-old,segment,42,0,unknown,55,val,PKU37,,,group_macro_training_scale,vessel_error_outside_gt_inside_pred_layer_pixels,90.27463414634146,px,512x512,512x512,1 px (physical spacing unverified),raw,0.5,0.5,spatial valid AND annotation-valid where available,none,sabids-evaluator-v0-20260828,,,,stage2_segment_roi_outside_fold0.csv,epoch=55;column=val_vessel_error_outside_gt_inside_pred_layer_pixels,history_inferred,
legacy-E3b-old-4df632148f,legacy-E3b-old-4df632148f-history-val,E3b-old,segment,42,0,unknown,55,val,PKU37,,,group_macro_training_scale,vessel_iou,0.5858156972116717,ratio,512x512,512x512,1 px (physical spacing unverified),raw,0.5,0.5,spatial valid AND annotation-valid where available,none,sabids-evaluator-v0-20260828,,,,stage2_segment_roi_outside_fold0.csv,epoch=55;column=val_vessel_iou,history_inferred,
legacy-E3b-old-4df632148f,legacy-E3b-old-4df632148f-history-val,E3b-old,segment,42,0,unknown,55,val,PKU37,,,group_macro_training_scale,vessel_miou,0.7775980876842556,ratio,512x512,512x512,1 px (physical spacing unverified),raw,0.5,0.5,spatial valid AND annotation-valid where available,none,sabids-evaluator-v0-20260828,,,,stage2_segment_roi_outside_fold0.csv,epoch=55;column=val_vessel_miou,history_inferred,
legacy-E3b-old-4df632148f,legacy-E3b-old-4df632148f-history-val,E3b-old,segment,42,0,unknown,55,val,PKU37,,,group_macro_training_scale,vessel_oracle_gt_layer_accuracy,0.9733449132656712,ratio,512x512,512x512,1 px (physical spacing unverified),raw,0.5,0.5,spatial valid AND annotation-valid where available,none,sabids-evaluator-v0-20260828,,,,stage2_segment_roi_outside_fold0.csv,epoch=55;column=val_vessel_oracle_gt_layer_accuracy,history_inferred,
legacy-E3b-old-4df632148f,legacy-E3b-old-4df632148f-history-val,E3b-old,segment,42,0,unknown,55,val,PKU37,,,group_macro_training_scale,vessel_oracle_gt_layer_background_iou,0.972203903673099,ratio,512x512,512x512,1 px (physical spacing unverified),raw,0.5,0.5,spatial valid AND annotation-valid where available,none,sabids-evaluator-v0-20260828,,,,stage2_segment_roi_outside_fold0.csv,epoch=55;column=val_vessel_oracle_gt_layer_background_iou,history_inferred,
legacy-E3b-old-4df632148f,legacy-E3b-old-4df632148f-history-val,E3b-old,segment,42,0,unknown,55,val,PKU37,,,group_macro_training_scale,vessel_oracle_gt_layer_dice,0.7565747793422716,ratio,512x512,512x512,1 px (physical spacing unverified),raw,0.5,0.5,spatial valid AND annotation-valid where available,none,sabids-evaluator-v0-20260828,,,,stage2_segment_roi_outside_fold0.csv,epoch=55;column=val_vessel_oracle_gt_layer_dice,history_inferred,
legacy-E3b-old-4df632148f,legacy-E3b-old-4df632148f-history-val,E3b-old,segment,42,0,unknown,55,val,PKU37,,,group_macro_training_scale,vessel_oracle_gt_layer_iou,0.6098546391265466,ratio,512x512,512x512,1 px (physical spacing unverified),raw,0.5,0.5,spatial valid AND annotation-valid where available,none,sabids-evaluator-v0-20260828,,,,stage2_segment_roi_outside_fold0.csv,epoch=55;column=val_vessel_oracle_gt_layer_iou,history_inferred,
legacy-E3b-old-4df632148f,legacy-E3b-old-4df632148f-history-val,E3b-old,segment,42,0,unknown,55,val,PKU37,,,group_macro_training_scale,vessel_oracle_gt_layer_miou,0.7910292713998229,ratio,512x512,512x512,1 px (physical spacing unverified),raw,0.5,0.5,spatial valid AND annotation-valid where available,none,sabids-evaluator-v0-20260828,,,,stage2_segment_roi_outside_fold0.csv,epoch=55;column=val_vessel_oracle_gt_layer_miou,history_inferred,
legacy-E3b-old-4df632148f,legacy-E3b-old-4df632148f-history-val,E3b-old,segment,42,0,unknown,55,val,PKU37,,,group_macro_training_scale,vessel_oracle_gt_layer_precision,0.7396693334809171,ratio,512x512,512x512,1 px (physical spacing unverified),raw,0.5,0.5,spatial valid AND annotation-valid where available,none,sabids-evaluator-v0-20260828,,,,stage2_segment_roi_outside_fold0.csv,epoch=55;column=val_vessel_oracle_gt_layer_precision,history_inferred,
legacy-E3b-old-4df632148f,legacy-E3b-old-4df632148f-history-val,E3b-old,segment,42,0,unknown,55,val,PKU37,,,group_macro_training_scale,vessel_oracle_gt_layer_recall,0.7795602022633584,ratio,512x512,512x512,1 px (physical spacing unverified),raw,0.5,0.5,spatial valid AND annotation-valid where available,none,sabids-evaluator-v0-20260828,,,,stage2_segment_roi_outside_fold0.csv,epoch=55;column=val_vessel_oracle_gt_layer_recall,history_inferred,
legacy-E3b-old-4df632148f,legacy-E3b-old-4df632148f-history-val,E3b-old,segment,42,0,unknown,55,val,PKU37,,,group_macro_training_scale,vessel_oracle_gt_layer_specificity,0.9841953834830912,ratio,512x512,512x512,1 px (physical spacing unverified),raw,0.5,0.5,spatial valid AND annotation-valid where available,none,sabids-evaluator-v0-20260828,,,,stage2_segment_roi_outside_fold0.csv,epoch=55;column=val_vessel_oracle_gt_layer_specificity,history_inferred,
legacy-E3b-old-4df632148f,legacy-E3b-old-4df632148f-history-val,E3b-old,segment,42,0,unknown,55,val,PKU37,,,group_macro_training_scale,vessel_outside_gt_layer_fraction,0.0466218636110354,ratio,512x512,512x512,1 px (physical spacing unverified),raw,0.5,0.5,spatial valid AND annotation-valid where available,none,sabids-evaluator-v0-20260828,,,,stage2_segment_roi_outside_fold0.csv,epoch=55;column=val_vessel_outside_gt_layer_fraction,history_inferred,
legacy-E3b-old-4df632148f,legacy-E3b-old-4df632148f-history-val,E3b-old,segment,42,0,unknown,55,val,PKU37,,,group_macro_training_scale,vessel_precision,0.7042941135874674,ratio,512x512,512x512,1 px (physical spacing unverified),raw,0.5,0.5,spatial valid AND annotation-valid where available,none,sabids-evaluator-v0-20260828,,,,stage2_segment_roi_outside_fold0.csv,epoch=55;column=val_vessel_precision,history_inferred,
legacy-E3b-old-4df632148f,legacy-E3b-old-4df632148f-history-val,E3b-old,segment,42,0,unknown,55,val,PKU37,,,group_macro_training_scale,vessel_pred_layer_soft_gate_accuracy,0.9728828777531364,ratio,512x512,512x512,1 px (physical spacing unverified),raw,0.5,0.5,spatial valid AND annotation-valid where available,none,sabids-evaluator-v0-20260828,,,,stage2_segment_roi_outside_fold0.csv,epoch=55;column=val_vessel_pred_layer_soft_gate_accuracy,history_inferred,
legacy-E3b-old-4df632148f,legacy-E3b-old-4df632148f-history-val,E3b-old,segment,42,0,unknown,55,val,PKU37,,,group_macro_training_scale,vessel_pred_layer_soft_gate_background_iou,0.9717367913285984,ratio,512x512,512x512,1 px (physical spacing unverified),raw,0.5,0.5,spatial valid AND annotation-valid where available,none,sabids-evaluator-v0-20260828,,,,stage2_segment_roi_outside_fold0.csv,epoch=55;column=val_vessel_pred_layer_soft_gate_background_iou,history_inferred,
legacy-E3b-old-4df632148f,legacy-E3b-old-4df632148f-history-val,E3b-old,segment,42,0,unknown,55,val,PKU37,,,group_macro_training_scale,vessel_pred_layer_soft_gate_dice,0.7513323932141788,ratio,512x512,512x512,1 px (physical spacing unverified),raw,0.5,0.5,spatial valid AND annotation-valid where available,none,sabids-evaluator-v0-20260828,,,,stage2_segment_roi_outside_fold0.csv,epoch=55;column=val_vessel_pred_layer_soft_gate_dice,history_inferred,
legacy-E3b-old-4df632148f,legacy-E3b-old-4df632148f-history-val,E3b-old,segment,42,0,unknown,55,val,PKU37,,,group_macro_training_scale,vessel_pred_layer_soft_gate_iou,0.6033013520613806,ratio,512x512,512x512,1 px (physical spacing unverified),raw,0.5,0.5,spatial valid AND annotation-valid where available,none,sabids-evaluator-v0-20260828,,,,stage2_segment_roi_outside_fold0.csv,epoch=55;column=val_vessel_pred_layer_soft_gate_iou,history_inferred,
legacy-E3b-old-4df632148f,legacy-E3b-old-4df632148f-history-val,E3b-old,segment,42,0,unknown,55,val,PKU37,,,group_macro_training_scale,vessel_pred_layer_soft_gate_miou,0.7875190716949895,ratio,512x512,512x512,1 px (physical spacing unverified),raw,0.5,0.5,spatial valid AND annotation-valid where available,none,sabids-evaluator-v0-20260828,,,,stage2_segment_roi_outside_fold0.csv,epoch=55;column=val_vessel_pred_layer_soft_gate_miou,history_inferred,
legacy-E3b-old-4df632148f,legacy-E3b-old-4df632148f-history-val,E3b-old,segment,42,0,unknown,55,val,PKU37,,,group_macro_training_scale,vessel_pred_layer_soft_gate_precision,0.7374791157632702,ratio,512x512,512x512,1 px (physical spacing unverified),raw,0.5,0.5,spatial valid AND annotation-valid where available,none,sabids-evaluator-v0-20260828,,,,stage2_segment_roi_outside_fold0.csv,epoch=55;column=val_vessel_pred_layer_soft_gate_precision,history_inferred,
legacy-E3b-old-4df632148f,legacy-E3b-old-4df632148f-history-val,E3b-old,segment,42,0,unknown,55,val,PKU37,,,group_macro_training_scale,vessel_pred_layer_soft_gate_recall,0.7707911622525961,ratio,512x512,512x512,1 px (physical spacing unverified),raw,0.5,0.5,spatial valid AND annotation-valid where available,none,sabids-evaluator-v0-20260828,,,,stage2_segment_roi_outside_fold0.csv,epoch=55;column=val_vessel_pred_layer_soft_gate_recall,history_inferred,
legacy-E3b-old-4df632148f,legacy-E3b-old-4df632148f-history-val,E3b-old,segment,42,0,unknown,55,val,PKU37,,,group_macro_training_scale,vessel_pred_layer_soft_gate_soft_dice,0.696760245767737,ratio,512x512,512x512,1 px (physical spacing unverified),raw,0.5,0.5,spatial valid AND annotation-valid where available,none,sabids-evaluator-v0-20260828,,,,stage2_segment_roi_outside_fold0.csv,epoch=55;column=val_vessel_pred_layer_soft_gate_soft_dice,history_inferred,
legacy-E3b-old-4df632148f,legacy-E3b-old-4df632148f-history-val,E3b-old,segment,42,0,unknown,55,val,PKU37,,,group_macro_training_scale,vessel_pred_layer_soft_gate_specificity,0.9841895433644224,ratio,512x512,512x512,1 px (physical spacing unverified),raw,0.5,0.5,spatial valid AND annotation-valid where available,none,sabids-evaluator-v0-20260828,,,,stage2_segment_roi_outside_fold0.csv,epoch=55;column=val_vessel_pred_layer_soft_gate_specificity,history_inferred,
legacy-E3b-old-4df632148f,legacy-E3b-old-4df632148f-history-val,E3b-old,segment,42,0,unknown,55,val,PKU37,,,group_macro_training_scale,vessel_recall,0.7795602022633584,ratio,512x512,512x512,1 px (physical spacing unverified),raw,0.5,0.5,spatial valid AND annotation-valid where available,none,sabids-evaluator-v0-20260828,,,,stage2_segment_roi_outside_fold0.csv,epoch=55;column=val_vessel_recall,history_inferred,
legacy-E3b-old-4df632148f,legacy-E3b-old-4df632148f-history-val,E3b-old,segment,42,0,unknown,55,val,PKU37,,,group_macro_training_scale,vessel_roi_accuracy,0.7949297537450869,ratio,512x512,512x512,1 px (physical spacing unverified),raw,0.5,0.5,spatial valid AND annotation-valid where available,none,sabids-evaluator-v0-20260828,,,,stage2_segment_roi_outside_fold0.csv,epoch=55;column=val_vessel_roi_accuracy,history_inferred,
legacy-E3b-old-4df632148f,legacy-E3b-old-4df632148f-history-val,E3b-old,segment,42,0,unknown,55,val,PKU37,,,group_macro_training_scale,vessel_roi_background_iou,0.6992752920071729,ratio,512x512,512x512,1 px (physical spacing unverified),raw,0.5,0.5,spatial valid AND annotation-valid where available,none,sabids-evaluator-v0-20260828,,,,stage2_segment_roi_outside_fold0.csv,epoch=55;column=val_vessel_roi_background_iou,history_inferred,
legacy-E3b-old-4df632148f,legacy-E3b-old-4df632148f-history-val,E3b-old,segment,42,0,unknown,55,val,PKU37,,,group_macro_training_scale,vessel_roi_dice,0.7565747793422716,ratio,512x512,512x512,1 px (physical spacing unverified),raw,0.5,0.5,spatial valid AND annotation-valid where available,none,sabids-evaluator-v0-20260828,,,,stage2_segment_roi_outside_fold0.csv,epoch=55;column=val_vessel_roi_dice,history_inferred,
legacy-E3b-old-4df632148f,legacy-E3b-old-4df632148f-history-val,E3b-old,segment,42,0,unknown,55,val,PKU37,,,group_macro_training_scale,vessel_roi_iou,0.6098546391265466,ratio,512x512,512x512,1 px (physical spacing unverified),raw,0.5,0.5,spatial valid AND annotation-valid where available,none,sabids-evaluator-v0-20260828,,,,stage2_segment_roi_outside_fold0.csv,epoch=55;column=val_vessel_roi_iou,history_inferred,
legacy-E3b-old-4df632148f,legacy-E3b-old-4df632148f-history-val,E3b-old,segment,42,0,unknown,55,val,PKU37,,,group_macro_training_scale,vessel_roi_miou,0.6545649655668595,ratio,512x512,512x512,1 px (physical spacing unverified),raw,0.5,0.5,spatial valid AND annotation-valid where available,none,sabids-evaluator-v0-20260828,,,,stage2_segment_roi_outside_fold0.csv,epoch=55;column=val_vessel_roi_miou,history_inferred,
legacy-E3b-old-4df632148f,legacy-E3b-old-4df632148f-history-val,E3b-old,segment,42,0,unknown,55,val,PKU37,,,group_macro_training_scale,vessel_roi_precision,0.7396693334809171,ratio,512x512,512x512,1 px (physical spacing unverified),raw,0.5,0.5,spatial valid AND annotation-valid where available,none,sabids-evaluator-v0-20260828,,,,stage2_segment_roi_outside_fold0.csv,epoch=55;column=val_vessel_roi_precision,history_inferred,
legacy-E3b-old-4df632148f,legacy-E3b-old-4df632148f-history-val,E3b-old,segment,42,0,unknown,55,val,PKU37,,,group_macro_training_scale,vessel_roi_recall,0.7795602022633584,ratio,512x512,512x512,1 px (physical spacing unverified),raw,0.5,0.5,spatial valid AND annotation-valid where available,none,sabids-evaluator-v0-20260828,,,,stage2_segment_roi_outside_fold0.csv,epoch=55;column=val_vessel_roi_recall,history_inferred,
legacy-E3b-old-4df632148f,legacy-E3b-old-4df632148f-history-val,E3b-old,segment,42,0,unknown,55,val,PKU37,,,group_macro_training_scale,vessel_roi_specificity,0.8073022737331467,ratio,512x512,512x512,1 px (physical spacing unverified),raw,0.5,0.5,spatial valid AND annotation-valid where available,none,sabids-evaluator-v0-20260828,,,,stage2_segment_roi_outside_fold0.csv,epoch=55;column=val_vessel_roi_specificity,history_inferred,
legacy-E3b-old-4df632148f,legacy-E3b-old-4df632148f-history-val,E3b-old,segment,42,0,unknown,55,val,PKU37,,,group_macro_training_scale,vessel_soft_dice,0.6761848471672997,ratio,512x512,512x512,1 px (physical spacing unverified),raw,0.5,0.5,spatial valid AND annotation-valid where available,none,sabids-evaluator-v0-20260828,,,,stage2_segment_roi_outside_fold0.csv,epoch=55;column=val_vessel_soft_dice,history_inferred,
legacy-E3b-old-4df632148f,legacy-E3b-old-4df632148f-history-val,E3b-old,segment,42,0,unknown,55,val,PKU37,,,group_macro_training_scale,vessel_specificity,0.98133687992161,ratio,512x512,512x512,1 px (physical spacing unverified),raw,0.5,0.5,spatial valid AND annotation-valid where available,none,sabids-evaluator-v0-20260828,,,,stage2_segment_roi_outside_fold0.csv,epoch=55;column=val_vessel_specificity,history_inferred,
legacy-E3b-old-4df632148f,legacy-E3b-old-4df632148f-history-val,E3b-old,segment,42,0,unknown,55,val,PKU37,,,group_macro_training_scale,whole_layer_baseline_vessel_dice,0.5795256266104193,ratio,512x512,512x512,1 px (physical spacing unverified),raw,0.5,0.5,spatial valid AND annotation-valid where available,none,sabids-evaluator-v0-20260828,,,,stage2_segment_roi_outside_fold0.csv,epoch=55;column=val_whole_layer_baseline_vessel_dice,history_inferred,
legacy-E3b-old-4df632148f,legacy-E3b-old-4df632148f-history-val,E3b-old,segment,42,0,unknown,55,val,PKU37,,,group_macro_training_scale,denoise_probe_max_abs_diff,0.0,ratio,512x512,512x512,1 px (physical spacing unverified),raw,0.5,0.5,spatial valid AND annotation-valid where available,none,sabids-evaluator-v0-20260828,,,,stage2_segment_roi_outside_fold0.csv,epoch=55;column=val_denoise_probe_max_abs_diff,history_inferred,
current-f0-stage2_segment_roi_outside_fold0,current-f0-e3b-v0-one-frame-original-geometry,E3b,segment,42,0,b85ea0c87d7d49a446b1d3ff5a513a21433654b1d9098b91f83cca4edd220495,52,val,PKU37,pku_0006,pku_0006_f01,frame,original_height,640.0,ratio,512x512,640x640,1 px (physical spacing unverified),raw,0.5,0.35,spatial valid AND annotation-valid where available,none,sabids-evaluator-v0-20260828,1.0,1.0,1.0,runs/current/stage2_segment_roi_outside_fold0/validity_v0/frame_metrics.csv,pku_0006_f01;column=original_height,observed,
current-f0-stage2_segment_roi_outside_fold0,current-f0-e3b-v0-one-frame-original-geometry,E3b,segment,42,0,b85ea0c87d7d49a446b1d3ff5a513a21433654b1d9098b91f83cca4edd220495,52,val,PKU37,pku_0006,pku_0006_f01,frame,original_width,640.0,ratio,512x512,640x640,1 px (physical spacing unverified),raw,0.5,0.35,spatial valid AND annotation-valid where available,none,sabids-evaluator-v0-20260828,1.0,1.0,1.0,runs/current/stage2_segment_roi_outside_fold0/validity_v0/frame_metrics.csv,pku_0006_f01;column=original_width,observed,
current-f0-stage2_segment_roi_outside_fold0,current-f0-e3b-v0-one-frame-original-geometry,E3b,segment,42,0,b85ea0c87d7d49a446b1d3ff5a513a21433654b1d9098b91f83cca4edd220495,52,val,PKU37,pku_0006,pku_0006_f01,frame,model_input_height,512.0,ratio,512x512,640x640,1 px (physical spacing unverified),raw,0.5,0.35,spatial valid AND annotation-valid where available,none,sabids-evaluator-v0-20260828,1.0,1.0,1.0,runs/current/stage2_segment_roi_outside_fold0/validity_v0/frame_metrics.csv,pku_0006_f01;column=model_input_height,observed,
current-f0-stage2_segment_roi_outside_fold0,current-f0-e3b-v0-one-frame-original-geometry,E3b,segment,42,0,b85ea0c87d7d49a446b1d3ff5a513a21433654b1d9098b91f83cca4edd220495,52,val,PKU37,pku_0006,pku_0006_f01,frame,model_input_width,512.0,ratio,512x512,640x640,1 px (physical spacing unverified),raw,0.5,0.35,spatial valid AND annotation-valid where available,none,sabids-evaluator-v0-20260828,1.0,1.0,1.0,runs/current/stage2_segment_roi_outside_fold0/validity_v0/frame_metrics.csv,pku_0006_f01;column=model_input_width,observed,
current-f0-stage2_segment_roi_outside_fold0,current-f0-e3b-v0-one-frame-original-geometry,E3b,segment,42,0,b85ea0c87d7d49a446b1d3ff5a513a21433654b1d9098b91f83cca4edd220495,52,val,PKU37,pku_0006,pku_0006_f01,frame,manifest_group_frames,50.0,ratio,512x512,640x640,1 px (physical spacing unverified),raw,0.5,0.35,spatial valid AND annotation-valid where available,none,sabids-evaluator-v0-20260828,1.0,1.0,1.0,runs/current/stage2_segment_roi_outside_fold0/validity_v0/frame_metrics.csv,pku_0006_f01;column=manifest_group_frames,observed,
current-f0-stage2_segment_roi_outside_fold0,current-f0-e3b-v0-one-frame-original-geometry,E3b,segment,42,0,b85ea0c87d7d49a446b1d3ff5a513a21433654b1d9098b91f83cca4edd220495,52,val,PKU37,pku_0006,pku_0006_f01,frame,evaluation_height,640.0,ratio,512x512,640x640,1 px (physical spacing unverified),raw,0.5,0.35,spatial valid AND annotation-valid where available,none,sabids-evaluator-v0-20260828,1.0,1.0,1.0,runs/current/stage2_segment_roi_outside_fold0/validity_v0/frame_metrics.csv,pku_0006_f01;column=evaluation_height,observed,
current-f0-stage2_segment_roi_outside_fold0,current-f0-e3b-v0-one-frame-original-geometry,E3b,segment,42,0,b85ea0c87d7d49a446b1d3ff5a513a21433654b1d9098b91f83cca4edd220495,52,val,PKU37,pku_0006,pku_0006_f01,frame,evaluation_width,640.0,ratio,512x512,640x640,1 px (physical spacing unverified),raw,0.5,0.35,spatial valid AND annotation-valid where available,none,sabids-evaluator-v0-20260828,1.0,1.0,1.0,runs/current/stage2_segment_roi_outside_fold0/validity_v0/frame_metrics.csv,pku_0006_f01;column=evaluation_width,observed,
current-f0-stage2_segment_roi_outside_fold0,current-f0-e3b-v0-one-frame-original-geometry,E3b,segment,42,0,b85ea0c87d7d49a446b1d3ff5a513a21433654b1d9098b91f83cca4edd220495,52,val,PKU37,pku_0006,pku_0006_f01,frame,pred_layer_vessel_dice,0.6202690129725787,ratio,512x512,640x640,1 px (physical spacing unverified),raw,0.5,0.35,spatial valid AND annotation-valid where available,none,sabids-evaluator-v0-20260828,1.0,1.0,1.0,runs/current/stage2_segment_roi_outside_fold0/validity_v0/frame_metrics.csv,pku_0006_f01;column=pred_layer_vessel_dice,observed,
current-f0-stage2_segment_roi_outside_fold0,current-f0-e3b-v0-one-frame-original-geometry,E3b,segment,42,0,b85ea0c87d7d49a446b1d3ff5a513a21433654b1d9098b91f83cca4edd220495,52,val,PKU37,pku_0006,pku_0006_f01,frame,pred_vessel_fraction_of_layer,0.4558808631344342,ratio,512x512,640x640,1 px (physical spacing unverified),raw,0.5,0.35,spatial valid AND annotation-valid where available,none,sabids-evaluator-v0-20260828,1.0,1.0,1.0,runs/current/stage2_segment_roi_outside_fold0/validity_v0/frame_metrics.csv,pku_0006_f01;column=pred_vessel_fraction_of_layer,observed,
current-f0-stage2_segment_roi_outside_fold0,current-f0-e3b-v0-one-frame-original-geometry,E3b,segment,42,0,b85ea0c87d7d49a446b1d3ff5a513a21433654b1d9098b91f83cca4edd220495,52,val,PKU37,pku_0006,pku_0006_f01,frame,pred_vessel_outside_layer_fraction,0.0299285021377501,ratio,512x512,640x640,1 px (physical spacing unverified),raw,0.5,0.35,spatial valid AND annotation-valid where available,none,sabids-evaluator-v0-20260828,1.0,1.0,1.0,runs/current/stage2_segment_roi_outside_fold0/validity_v0/frame_metrics.csv,pku_0006_f01;column=pred_vessel_outside_layer_fraction,observed,
current-f0-stage2_segment_roi_outside_fold0,current-f0-e3b-v0-one-frame-original-geometry,E3b,segment,42,0,b85ea0c87d7d49a446b1d3ff5a513a21433654b1d9098b91f83cca4edd220495,52,val,PKU37,pku_0006,pku_0006_f01,frame,psnr,34.85902770620106,dB,512x512,640x640,1 px (physical spacing unverified),raw,0.5,0.35,spatial valid AND annotation-valid where available,none,sabids-evaluator-v0-20260828,1.0,1.0,1.0,runs/current/stage2_segment_roi_outside_fold0/validity_v0/frame_metrics.csv,pku_0006_f01;column=psnr,observed,
current-f0-stage2_segment_roi_outside_fold0,current-f0-e3b-v0-one-frame-original-geometry,E3b,segment,42,0,b85ea0c87d7d49a446b1d3ff5a513a21433654b1d9098b91f83cca4edd220495,52,val,PKU37,pku_0006,pku_0006_f01,frame,psnr_noisy,25.71227819687914,dB,512x512,640x640,1 px (physical spacing unverified),raw,0.5,0.35,spatial valid AND annotation-valid where available,none,sabids-evaluator-v0-20260828,1.0,1.0,1.0,runs/current/stage2_segment_roi_outside_fold0/validity_v0/frame_metrics.csv,pku_0006_f01;column=psnr_noisy,observed,
current-f0-stage2_segment_roi_outside_fold0,current-f0-e3b-v0-one-frame-original-geometry,E3b,segment,42,0,b85ea0c87d7d49a446b1d3ff5a513a21433654b1d9098b91f83cca4edd220495,52,val,PKU37,pku_0006,pku_0006_f01,frame,psnr_gain_db,9.14674950932192,dB,512x512,640x640,1 px (physical spacing unverified),raw,0.5,0.35,spatial valid AND annotation-valid where available,none,sabids-evaluator-v0-20260828,1.0,1.0,1.0,runs/current/stage2_segment_roi_outside_fold0/validity_v0/frame_metrics.csv,pku_0006_f01;column=psnr_gain_db,observed,
current-f0-stage2_segment_roi_outside_fold0,current-f0-e3b-v0-one-frame-original-geometry,E3b,segment,42,0,b85ea0c87d7d49a446b1d3ff5a513a21433654b1d9098b91f83cca4edd220495,52,val,PKU37,pku_0006,pku_0006_f01,frame,ssim,0.9108872674489706,ratio,512x512,640x640,1 px (physical spacing unverified),raw,0.5,0.35,spatial valid AND annotation-valid where available,none,sabids-evaluator-v0-20260828,1.0,1.0,1.0,runs/current/stage2_segment_roi_outside_fold0/validity_v0/frame_metrics.csv,pku_0006_f01;column=ssim,observed,
current-f0-stage2_segment_roi_outside_fold0,current-f0-e3b-v0-one-frame-original-geometry,E3b,segment,42,0,b85ea0c87d7d49a446b1d3ff5a513a21433654b1d9098b91f83cca4edd220495,52,val,PKU37,pku_0006,pku_0006_f01,frame,ssim_noisy,0.3945914266190896,ratio,512x512,640x640,1 px (physical spacing unverified),raw,0.5,0.35,spatial valid AND annotation-valid where available,none,sabids-evaluator-v0-20260828,1.0,1.0,1.0,runs/current/stage2_segment_roi_outside_fold0/validity_v0/frame_metrics.csv,pku_0006_f01;column=ssim_noisy,observed,
current-f0-stage2_segment_roi_outside_fold0,current-f0-e3b-v0-one-frame-original-geometry,E3b,segment,42,0,b85ea0c87d7d49a446b1d3ff5a513a21433654b1d9098b91f83cca4edd220495,52,val,PKU37,pku_0006,pku_0006_f01,frame,ssim_gain,0.516295840829881,ratio,512x512,640x640,1 px (physical spacing unverified),raw,0.5,0.35,spatial valid AND annotation-valid where available,none,sabids-evaluator-v0-20260828,1.0,1.0,1.0,runs/current/stage2_segment_roi_outside_fold0/validity_v0/frame_metrics.csv,pku_0006_f01;column=ssim_gain,observed,
current-f0-stage2_segment_roi_outside_fold0,current-f0-e3b-v0-one-frame-original-geometry,E3b,segment,42,0,b85ea0c87d7d49a446b1d3ff5a513a21433654b1d9098b91f83cca4edd220495,52,val,PKU37,pku_0006,pku_0006_f01,frame,rmse,0.0180737659766827,ratio,512x512,640x640,1 px (physical spacing unverified),raw,0.5,0.35,spatial valid AND annotation-valid where available,none,sabids-evaluator-v0-20260828,1.0,1.0,1.0,runs/current/stage2_segment_roi_outside_fold0/validity_v0/frame_metrics.csv,pku_0006_f01;column=rmse,observed,
current-f0-stage2_segment_roi_outside_fold0,current-f0-e3b-v0-one-frame-original-geometry,E3b,segment,42,0,b85ea0c87d7d49a446b1d3ff5a513a21433654b1d9098b91f83cca4edd220495,52,val,PKU37,pku_0006,pku_0006_f01,frame,rmse_noisy,0.0518067230247306,ratio,512x512,640x640,1 px (physical spacing unverified),raw,0.5,0.35,spatial valid AND annotation-valid where available,none,sabids-evaluator-v0-20260828,1.0,1.0,1.0,runs/current/stage2_segment_roi_outside_fold0/validity_v0/frame_metrics.csv,pku_0006_f01;column=rmse_noisy,observed,
current-f0-stage2_segment_roi_outside_fold0,current-f0-e3b-v0-one-frame-original-geometry,E3b,segment,42,0,b85ea0c87d7d49a446b1d3ff5a513a21433654b1d9098b91f83cca4edd220495,52,val,PKU37,pku_0006,pku_0006_f01,frame,rmse_reduction,0.0337329570480479,ratio,512x512,640x640,1 px (physical spacing unverified),raw,0.5,0.35,spatial valid AND annotation-valid where available,none,sabids-evaluator-v0-20260828,1.0,1.0,1.0,runs/current/stage2_segment_roi_outside_fold0/validity_v0/frame_metrics.csv,pku_0006_f01;column=rmse_reduction,observed,
current-f0-stage2_segment_roi_outside_fold0,current-f0-e3b-v0-one-frame-original-geometry,E3b,segment,42,0,b85ea0c87d7d49a446b1d3ff5a513a21433654b1d9098b91f83cca4edd220495,52,val,PKU37,pku_0006,pku_0006_f01,frame,epi,0.7329001632744722,ratio,512x512,640x640,1 px (physical spacing unverified),raw,0.5,0.35,spatial valid AND annotation-valid where available,none,sabids-evaluator-v0-20260828,1.0,1.0,1.0,runs/current/stage2_segment_roi_outside_fold0/validity_v0/frame_metrics.csv,pku_0006_f01;column=epi,observed,
current-f0-stage2_segment_roi_outside_fold0,current-f0-e3b-v0-one-frame-original-geometry,E3b,segment,42,0,b85ea0c87d7d49a446b1d3ff5a513a21433654b1d9098b91f83cca4edd220495,52,val,PKU37,pku_0006,pku_0006_f01,frame,epi_noisy,0.2800810216685137,ratio,512x512,640x640,1 px (physical spacing unverified),raw,0.5,0.35,spatial valid AND annotation-valid where available,none,sabids-evaluator-v0-20260828,1.0,1.0,1.0,runs/current/stage2_segment_roi_outside_fold0/validity_v0/frame_metrics.csv,pku_0006_f01;column=epi_noisy,observed,
current-f0-stage2_segment_roi_outside_fold0,current-f0-e3b-v0-one-frame-original-geometry,E3b,segment,42,0,b85ea0c87d7d49a446b1d3ff5a513a21433654b1d9098b91f83cca4edd220495,52,val,PKU37,pku_0006,pku_0006_f01,frame,epi_gain,0.4528191416059585,ratio,512x512,640x640,1 px (physical spacing unverified),raw,0.5,0.35,spatial valid AND annotation-valid where available,none,sabids-evaluator-v0-20260828,1.0,1.0,1.0,runs/current/stage2_segment_roi_outside_fold0/validity_v0/frame_metrics.csv,pku_0006_f01;column=epi_gain,observed,
current-f0-stage2_segment_roi_outside_fold0,current-f0-e3b-v0-one-frame-original-geometry,E3b,segment,42,0,b85ea0c87d7d49a446b1d3ff5a513a21433654b1d9098b91f83cca4edd220495,52,val,PKU37,pku_0006,pku_0006_f01,frame,snr_noisy_db,13.130714465481894,dB,512x512,640x640,1 px (physical spacing unverified),raw,0.5,0.35,spatial valid AND annotation-valid where available,none,sabids-evaluator-v0-20260828,1.0,1.0,1.0,runs/current/stage2_segment_roi_outside_fold0/validity_v0/frame_metrics.csv,pku_0006_f01;column=snr_noisy_db,observed,
current-f0-stage2_segment_roi_outside_fold0,current-f0-e3b-v0-one-frame-original-geometry,E3b,segment,42,0,b85ea0c87d7d49a446b1d3ff5a513a21433654b1d9098b91f83cca4edd220495,52,val,PKU37,pku_0006,pku_0006_f01,frame,snr_denoised_db,22.277463819836,dB,512x512,640x640,1 px (physical spacing unverified),raw,0.5,0.35,spatial valid AND annotation-valid where available,none,sabids-evaluator-v0-20260828,1.0,1.0,1.0,runs/current/stage2_segment_roi_outside_fold0/validity_v0/frame_metrics.csv,pku_0006_f01;column=snr_denoised_db,observed,
current-f0-stage2_segment_roi_outside_fold0,current-f0-e3b-v0-one-frame-original-geometry,E3b,segment,42,0,b85ea0c87d7d49a446b1d3ff5a513a21433654b1d9098b91f83cca4edd220495,52,val,PKU37,pku_0006,pku_0006_f01,frame,snr_gain_db,9.146749354354109,dB,512x512,640x640,1 px (physical spacing unverified),raw,0.5,0.35,spatial valid AND annotation-valid where available,none,sabids-evaluator-v0-20260828,1.0,1.0,1.0,runs/current/stage2_segment_roi_outside_fold0/validity_v0/frame_metrics.csv,pku_0006_f01;column=snr_gain_db,observed,
current-f0-stage2_segment_roi_outside_fold0,current-f0-e3b-v0-one-frame-original-geometry,E3b,segment,42,0,b85ea0c87d7d49a446b1d3ff5a513a21433654b1d9098b91f83cca4edd220495,52,val,PKU37,pku_0006,pku_0006_f01,frame,cnr_noisy_auto,1.9111744854306645,ratio,512x512,640x640,1 px (physical spacing unverified),raw,0.5,0.35,spatial valid AND annotation-valid where available,none,sabids-evaluator-v0-20260828,1.0,1.0,1.0,runs/current/stage2_segment_roi_outside_fold0/validity_v0/frame_metrics.csv,pku_0006_f01;column=cnr_noisy_auto,observed,
current-f0-stage2_segment_roi_outside_fold0,current-f0-e3b-v0-one-frame-original-geometry,E3b,segment,42,0,b85ea0c87d7d49a446b1d3ff5a513a21433654b1d9098b91f83cca4edd220495,52,val,PKU37,pku_0006,pku_0006_f01,frame,cnr_denoised_auto,2.298224325376045,ratio,512x512,640x640,1 px (physical spacing unverified),raw,0.5,0.35,spatial valid AND annotation-valid where available,none,sabids-evaluator-v0-20260828,1.0,1.0,1.0,runs/current/stage2_segment_roi_outside_fold0/validity_v0/frame_metrics.csv,pku_0006_f01;column=cnr_denoised_auto,observed,
current-f0-stage2_segment_roi_outside_fold0,current-f0-e3b-v0-one-frame-original-geometry,E3b,segment,42,0,b85ea0c87d7d49a446b1d3ff5a513a21433654b1d9098b91f83cca4edd220495,52,val,PKU37,pku_0006,pku_0006_f01,frame,cnr_clean_auto,2.327403573598172,ratio,512x512,640x640,1 px (physical spacing unverified),raw,0.5,0.35,spatial valid AND annotation-valid where available,none,sabids-evaluator-v0-20260828,1.0,1.0,1.0,runs/current/stage2_segment_roi_outside_fold0/validity_v0/frame_metrics.csv,pku_0006_f01;column=cnr_clean_auto,observed,
current-f0-stage2_segment_roi_outside_fold0,current-f0-e3b-v0-one-frame-original-geometry,E3b,segment,42,0,b85ea0c87d7d49a446b1d3ff5a513a21433654b1d9098b91f83cca4edd220495,52,val,PKU37,pku_0006,pku_0006_f01,frame,cnr_error_auto,0.0291792482221269,ratio,512x512,640x640,1 px (physical spacing unverified),raw,0.5,0.35,spatial valid AND annotation-valid where available,none,sabids-evaluator-v0-20260828,1.0,1.0,1.0,runs/current/stage2_segment_roi_outside_fold0/validity_v0/frame_metrics.csv,pku_0006_f01;column=cnr_error_auto,observed,
current-f0-stage2_segment_roi_outside_fold0,current-f0-e3b-v0-one-frame-original-geometry,E3b,segment,42,0,b85ea0c87d7d49a446b1d3ff5a513a21433654b1d9098b91f83cca4edd220495,52,val,PKU37,pku_0006,pku_0006_f01,frame,layer_roi_mse,0.0006003936869092,ratio,512x512,640x640,1 px (physical spacing unverified),raw,0.5,0.35,spatial valid AND annotation-valid where available,none,sabids-evaluator-v0-20260828,1.0,1.0,1.0,runs/current/stage2_segment_roi_outside_fold0/validity_v0/frame_metrics.csv,pku_0006_f01;column=layer_roi_mse,observed,
current-f0-stage2_segment_roi_outside_fold0,current-f0-e3b-v0-one-frame-original-geometry,E3b,segment,42,0,b85ea0c87d7d49a446b1d3ff5a513a21433654b1d9098b91f83cca4edd220495,52,val,PKU37,pku_0006,pku_0006_f01,frame,layer_roi_mse_noisy,0.0033195759169757,ratio,512x512,640x640,1 px (physical spacing unverified),raw,0.5,0.35,spatial valid AND annotation-valid where available,none,sabids-evaluator-v0-20260828,1.0,1.0,1.0,runs/current/stage2_segment_roi_outside_fold0/validity_v0/frame_metrics.csv,pku_0006_f01;column=layer_roi_mse_noisy,observed,
current-f0-stage2_segment_roi_outside_fold0,current-f0-e3b-v0-one-frame-original-geometry,E3b,segment,42,0,b85ea0c87d7d49a446b1d3ff5a513a21433654b1d9098b91f83cca4edd220495,52,val,PKU37,pku_0006,pku_0006_f01,frame,layer_roi_psnr,32.21563882975903,dB,512x512,640x640,1 px (physical spacing unverified),raw,0.5,0.35,spatial valid AND annotation-valid where available,none,sabids-evaluator-v0-20260828,1.0,1.0,1.0,runs/current/stage2_segment_roi_outside_fold0/validity_v0/frame_metrics.csv,pku_0006_f01;column=layer_roi_psnr,observed,
current-f0-stage2_segment_roi_outside_fold0,current-f0-e3b-v0-one-frame-original-geometry,E3b,segment,42,0,b85ea0c87d7d49a446b1d3ff5a513a21433654b1d9098b91f83cca4edd220495,52,val,PKU37,pku_0006,pku_0006_f01,frame,layer_roi_psnr_noisy,24.78917394814429,dB,512x512,640x640,1 px (physical spacing unverified),raw,0.5,0.35,spatial valid AND annotation-valid where available,none,sabids-evaluator-v0-20260828,1.0,1.0,1.0,runs/current/stage2_segment_roi_outside_fold0/validity_v0/frame_metrics.csv,pku_0006_f01;column=layer_roi_psnr_noisy,observed,
current-f0-stage2_segment_roi_outside_fold0,current-f0-e3b-v0-one-frame-original-geometry,E3b,segment,42,0,b85ea0c87d7d49a446b1d3ff5a513a21433654b1d9098b91f83cca4edd220495,52,val,PKU37,pku_0006,pku_0006_f01,frame,layer_dice,0.9281501009555168,ratio,512x512,640x640,1 px (physical spacing unverified),raw,0.5,0.35,spatial valid AND annotation-valid where available,none,sabids-evaluator-v0-20260828,1.0,1.0,1.0,runs/current/stage2_segment_roi_outside_fold0/validity_v0/frame_metrics.csv,pku_0006_f01;column=layer_dice,observed,
current-f0-stage2_segment_roi_outside_fold0,current-f0-e3b-v0-one-frame-original-geometry,E3b,segment,42,0,b85ea0c87d7d49a446b1d3ff5a513a21433654b1d9098b91f83cca4edd220495,52,val,PKU37,pku_0006,pku_0006_f01,frame,layer_iou,0.8659329088747523,ratio,512x512,640x640,1 px (physical spacing unverified),raw,0.5,0.35,spatial valid AND annotation-valid where available,none,sabids-evaluator-v0-20260828,1.0,1.0,1.0,runs/current/stage2_segment_roi_outside_fold0/validity_v0/frame_metrics.csv,pku_0006_f01;column=layer_iou,observed,
current-f0-stage2_segment_roi_outside_fold0,current-f0-e3b-v0-one-frame-original-geometry,E3b,segment,42,0,b85ea0c87d7d49a446b1d3ff5a513a21433654b1d9098b91f83cca4edd220495,52,val,PKU37,pku_0006,pku_0006_f01,frame,layer_background_iou,0.9771714953245486,ratio,512x512,640x640,1 px (physical spacing unverified),raw,0.5,0.35,spatial valid AND annotation-valid where available,none,sabids-evaluator-v0-20260828,1.0,1.0,1.0,runs/current/stage2_segment_roi_outside_fold0/validity_v0/frame_metrics.csv,pku_0006_f01;column=layer_background_iou,observed,
current-f0-stage2_segment_roi_outside_fold0,current-f0-e3b-v0-one-frame-original-geometry,E3b,segment,42,0,b85ea0c87d7d49a446b1d3ff5a513a21433654b1d9098b91f83cca4edd220495,52,val,PKU37,pku_0006,pku_0006_f01,frame,layer_miou,0.9215522020996504,ratio,512x512,640x640,1 px (physical spacing unverified),raw,0.5,0.35,spatial valid AND annotation-valid where available,none,sabids-evaluator-v0-20260828,1.0,1.0,1.0,runs/current/stage2_segment_roi_outside_fold0/validity_v0/frame_metrics.csv,pku_0006_f01;column=layer_miou,observed,
current-f0-stage2_segment_roi_outside_fold0,current-f0-e3b-v0-one-frame-original-geometry,E3b,segment,42,0,b85ea0c87d7d49a446b1d3ff5a513a21433654b1d9098b91f83cca4edd220495,52,val,PKU37,pku_0006,pku_0006_f01,frame,layer_precision,0.8886975314914278,ratio,512x512,640x640,1 px (physical spacing unverified),raw,0.5,0.35,spatial valid AND annotation-valid where available,none,sabids-evaluator-v0-20260828,1.0,1.0,1.0,runs/current/stage2_segment_roi_outside_fold0/validity_v0/frame_metrics.csv,pku_0006_f01;column=layer_precision,observed,
current-f0-stage2_segment_roi_outside_fold0,current-f0-e3b-v0-one-frame-original-geometry,E3b,segment,42,0,b85ea0c87d7d49a446b1d3ff5a513a21433654b1d9098b91f83cca4edd220495,52,val,PKU37,pku_0006,pku_0006_f01,frame,layer_recall,0.9712682917832984,ratio,512x512,640x640,1 px (physical spacing unverified),raw,0.5,0.35,spatial valid AND annotation-valid where available,none,sabids-evaluator-v0-20260828,1.0,1.0,1.0,runs/current/stage2_segment_roi_outside_fold0/validity_v0/frame_metrics.csv,pku_0006_f01;column=layer_recall,observed,
current-f0-stage2_segment_roi_outside_fold0,current-f0-e3b-v0-one-frame-original-geometry,E3b,segment,42,0,b85ea0c87d7d49a446b1d3ff5a513a21433654b1d9098b91f83cca4edd220495,52,val,PKU37,pku_0006,pku_0006_f01,frame,layer_specificity,0.9814523548925844,ratio,512x512,640x640,1 px (physical spacing unverified),raw,0.5,0.35,spatial valid AND annotation-valid where available,none,sabids-evaluator-v0-20260828,1.0,1.0,1.0,runs/current/stage2_segment_roi_outside_fold0/validity_v0/frame_metrics.csv,pku_0006_f01;column=layer_specificity,observed,
current-f0-stage2_segment_roi_outside_fold0,current-f0-e3b-v0-one-frame-original-geometry,E3b,segment,42,0,b85ea0c87d7d49a446b1d3ff5a513a21433654b1d9098b91f83cca4edd220495,52,val,PKU37,pku_0006,pku_0006_f01,frame,layer_accuracy,0.9801049804687986,ratio,512x512,640x640,1 px (physical spacing unverified),raw,0.5,0.35,spatial valid AND annotation-valid where available,none,sabids-evaluator-v0-20260828,1.0,1.0,1.0,runs/current/stage2_segment_roi_outside_fold0/validity_v0/frame_metrics.csv,pku_0006_f01;column=layer_accuracy,observed,
current-f0-stage2_segment_roi_outside_fold0,current-f0-e3b-v0-one-frame-original-geometry,E3b,segment,42,0,b85ea0c87d7d49a446b1d3ff5a513a21433654b1d9098b91f83cca4edd220495,52,val,PKU37,pku_0006,pku_0006_f01,frame,layer_hd95,21.412553213720194,px,512x512,640x640,1 px (physical spacing unverified),raw,0.5,0.35,spatial valid AND annotation-valid where available,none,sabids-evaluator-v0-20260828,1.0,1.0,1.0,runs/current/stage2_segment_roi_outside_fold0/validity_v0/frame_metrics.csv,pku_0006_f01;column=layer_hd95,observed,
current-f0-stage2_segment_roi_outside_fold0,current-f0-e3b-v0-one-frame-original-geometry,E3b,segment,42,0,b85ea0c87d7d49a446b1d3ff5a513a21433654b1d9098b91f83cca4edd220495,52,val,PKU37,pku_0006,pku_0006_f01,frame,layer_assd,6.330803227115395,px,512x512,640x640,1 px (physical spacing unverified),raw,0.5,0.35,spatial valid AND annotation-valid where available,none,sabids-evaluator-v0-20260828,1.0,1.0,1.0,runs/current/stage2_segment_roi_outside_fold0/validity_v0/frame_metrics.csv,pku_0006_f01;column=layer_assd,observed,
current-f0-stage2_segment_roi_outside_fold0,current-f0-e3b-v0-one-frame-original-geometry,E3b,segment,42,0,b85ea0c87d7d49a446b1d3ff5a513a21433654b1d9098b91f83cca4edd220495,52,val,PKU37,pku_0006,pku_0006_f01,frame,upper_boundary_mae,4.5703125,px,512x512,640x640,1 px (physical spacing unverified),raw,0.5,0.35,spatial valid AND annotation-valid where available,none,sabids-evaluator-v0-20260828,1.0,1.0,1.0,runs/current/stage2_segment_roi_outside_fold0/validity_v0/frame_metrics.csv,pku_0006_f01;column=upper_boundary_mae,observed,
current-f0-stage2_segment_roi_outside_fold0,current-f0-e3b-v0-one-frame-original-geometry,E3b,segment,42,0,b85ea0c87d7d49a446b1d3ff5a513a21433654b1d9098b91f83cca4edd220495,52,val,PKU37,pku_0006,pku_0006_f01,frame,lower_boundary_mae,9.8609375,px,512x512,640x640,1 px (physical spacing unverified),raw,0.5,0.35,spatial valid AND annotation-valid where available,none,sabids-evaluator-v0-20260828,1.0,1.0,1.0,runs/current/stage2_segment_roi_outside_fold0/validity_v0/frame_metrics.csv,pku_0006_f01;column=lower_boundary_mae,observed,
current-f0-stage2_segment_roi_outside_fold0,current-f0-e3b-v0-one-frame-original-geometry,E3b,segment,42,0,b85ea0c87d7d49a446b1d3ff5a513a21433654b1d9098b91f83cca4edd220495,52,val,PKU37,pku_0006,pku_0006_f01,frame,thickness_mae,13.815625,px,512x512,640x640,1 px (physical spacing unverified),raw,0.5,0.35,spatial valid AND annotation-valid where available,none,sabids-evaluator-v0-20260828,1.0,1.0,1.0,runs/current/stage2_segment_roi_outside_fold0/validity_v0/frame_metrics.csv,pku_0006_f01;column=thickness_mae,observed,
current-f0-stage2_segment_roi_outside_fold0,current-f0-e3b-v0-one-frame-original-geometry,E3b,segment,42,0,b85ea0c87d7d49a446b1d3ff5a513a21433654b1d9098b91f83cca4edd220495,52,val,PKU37,pku_0006,pku_0006_f01,frame,layer_surface_dice,0.610126582278481,ratio,512x512,640x640,1 px (physical spacing unverified),raw,0.5,0.35,spatial valid AND annotation-valid where available,none,sabids-evaluator-v0-20260828,1.0,1.0,1.0,runs/current/stage2_segment_roi_outside_fold0/validity_v0/frame_metrics.csv,pku_0006_f01;column=layer_surface_dice,observed,
current-f0-stage2_segment_roi_outside_fold0,current-f0-e3b-v0-one-frame-original-geometry,E3b,segment,42,0,b85ea0c87d7d49a446b1d3ff5a513a21433654b1d9098b91f83cca4edd220495,52,val,PKU37,pku_0006,pku_0006_f01,frame,upper_boundary_signed_bias,-3.7921875,ratio,512x512,640x640,1 px (physical spacing unverified),raw,0.5,0.35,spatial valid AND annotation-valid where available,none,sabids-evaluator-v0-20260828,1.0,1.0,1.0,runs/current/stage2_segment_roi_outside_fold0/validity_v0/frame_metrics.csv,pku_0006_f01;column=upper_boundary_signed_bias,observed,
current-f0-stage2_segment_roi_outside_fold0,current-f0-e3b-v0-one-frame-original-geometry,E3b,segment,42,0,b85ea0c87d7d49a446b1d3ff5a513a21433654b1d9098b91f83cca4edd220495,52,val,PKU37,pku_0006,pku_0006_f01,frame,lower_boundary_signed_bias,7.5578125,ratio,512x512,640x640,1 px (physical spacing unverified),raw,0.5,0.35,spatial valid AND annotation-valid where available,none,sabids-evaluator-v0-20260828,1.0,1.0,1.0,runs/current/stage2_segment_roi_outside_fold0/validity_v0/frame_metrics.csv,pku_0006_f01;column=lower_boundary_signed_bias,observed,
current-f0-stage2_segment_roi_outside_fold0,current-f0-e3b-v0-one-frame-original-geometry,E3b,segment,42,0,b85ea0c87d7d49a446b1d3ff5a513a21433654b1d9098b91f83cca4edd220495,52,val,PKU37,pku_0006,pku_0006_f01,frame,thickness_signed_bias,11.35,ratio,512x512,640x640,1 px (physical spacing unverified),raw,0.5,0.35,spatial valid AND annotation-valid where available,none,sabids-evaluator-v0-20260828,1.0,1.0,1.0,runs/current/stage2_segment_roi_outside_fold0/validity_v0/frame_metrics.csv,pku_0006_f01;column=thickness_signed_bias,observed,
current-f0-stage2_segment_roi_outside_fold0,current-f0-e3b-v0-one-frame-original-geometry,E3b,segment,42,0,b85ea0c87d7d49a446b1d3ff5a513a21433654b1d9098b91f83cca4edd220495,52,val,PKU37,pku_0006,pku_0006_f01,frame,layer_component_count,3.0,ratio,512x512,640x640,1 px (physical spacing unverified),raw,0.5,0.35,spatial valid AND annotation-valid where available,none,sabids-evaluator-v0-20260828,1.0,1.0,1.0,runs/current/stage2_segment_roi_outside_fold0/validity_v0/frame_metrics.csv,pku_0006_f01;column=layer_component_count,observed,
current-f0-stage2_segment_roi_outside_fold0,current-f0-e3b-v0-one-frame-original-geometry,E3b,segment,42,0,b85ea0c87d7d49a446b1d3ff5a513a21433654b1d9098b91f83cca4edd220495,52,val,PKU37,pku_0006,pku_0006_f01,frame,layer_extra_component_area_ratio,0.0104514908992672,ratio,512x512,640x640,1 px (physical spacing unverified),raw,0.5,0.35,spatial valid AND annotation-valid where available,none,sabids-evaluator-v0-20260828,1.0,1.0,1.0,runs/current/stage2_segment_roi_outside_fold0/validity_v0/frame_metrics.csv,pku_0006_f01;column=layer_extra_component_area_ratio,observed,
current-f0-stage2_segment_roi_outside_fold0,current-f0-e3b-v0-one-frame-original-geometry,E3b,segment,42,0,b85ea0c87d7d49a446b1d3ff5a513a21433654b1d9098b91f83cca4edd220495,52,val,PKU37,pku_0006,pku_0006_f01,frame,layer_hole_pixels,0.0,px,512x512,640x640,1 px (physical spacing unverified),raw,0.5,0.35,spatial valid AND annotation-valid where available,none,sabids-evaluator-v0-20260828,1.0,1.0,1.0,runs/current/stage2_segment_roi_outside_fold0/validity_v0/frame_metrics.csv,pku_0006_f01;column=layer_hole_pixels,observed,
current-f0-stage2_segment_roi_outside_fold0,current-f0-e3b-v0-one-frame-original-geometry,E3b,segment,42,0,b85ea0c87d7d49a446b1d3ff5a513a21433654b1d9098b91f83cca4edd220495,52,val,PKU37,pku_0006,pku_0006_f01,frame,layer_hole_area_ratio,0.0,ratio,512x512,640x640,1 px (physical spacing unverified),raw,0.5,0.35,spatial valid AND annotation-valid where available,none,sabids-evaluator-v0-20260828,1.0,1.0,1.0,runs/current/stage2_segment_roi_outside_fold0/validity_v0/frame_metrics.csv,pku_0006_f01;column=layer_hole_area_ratio,observed,
current-f0-stage2_segment_roi_outside_fold0,current-f0-e3b-v0-one-frame-original-geometry,E3b,segment,42,0,b85ea0c87d7d49a446b1d3ff5a513a21433654b1d9098b91f83cca4edd220495,52,val,PKU37,pku_0006,pku_0006_f01,frame,lower_boundary_roughness_pred,0.8949843260188087,px,512x512,640x640,1 px (physical spacing unverified),raw,0.5,0.35,spatial valid AND annotation-valid where available,none,sabids-evaluator-v0-20260828,1.0,1.0,1.0,runs/current/stage2_segment_roi_outside_fold0/validity_v0/frame_metrics.csv,pku_0006_f01;column=lower_boundary_roughness_pred,observed,
current-f0-stage2_segment_roi_outside_fold0,current-f0-e3b-v0-one-frame-original-geometry,E3b,segment,42,0,b85ea0c87d7d49a446b1d3ff5a513a21433654b1d9098b91f83cca4edd220495,52,val,PKU37,pku_0006,pku_0006_f01,frame,lower_boundary_roughness_true,0.6144200626959248,px,512x512,640x640,1 px (physical spacing unverified),raw,0.5,0.35,spatial valid AND annotation-valid where available,none,sabids-evaluator-v0-20260828,1.0,1.0,1.0,runs/current/stage2_segment_roi_outside_fold0/validity_v0/frame_metrics.csv,pku_0006_f01;column=lower_boundary_roughness_true,observed,
current-f0-stage2_segment_roi_outside_fold0,current-f0-e3b-v0-one-frame-original-geometry,E3b,segment,42,0,b85ea0c87d7d49a446b1d3ff5a513a21433654b1d9098b91f83cca4edd220495,52,val,PKU37,pku_0006,pku_0006_f01,frame,layer_valid_column_fraction,1.0,ratio,512x512,640x640,1 px (physical spacing unverified),raw,0.5,0.35,spatial valid AND annotation-valid where available,none,sabids-evaluator-v0-20260828,1.0,1.0,1.0,runs/current/stage2_segment_roi_outside_fold0/validity_v0/frame_metrics.csv,pku_0006_f01;column=layer_valid_column_fraction,observed,
current-f0-stage2_segment_roi_outside_fold0,current-f0-e3b-v0-one-frame-original-geometry,E3b,segment,42,0,b85ea0c87d7d49a446b1d3ff5a513a21433654b1d9098b91f83cca4edd220495,52,val,PKU37,pku_0006,pku_0006_f01,frame,vessel_stroma_cnr_noisy,0.5434817700380022,ratio,512x512,640x640,1 px (physical spacing unverified),raw,0.5,0.35,spatial valid AND annotation-valid where available,none,sabids-evaluator-v0-20260828,1.0,1.0,1.0,runs/current/stage2_segment_roi_outside_fold0/validity_v0/frame_metrics.csv,pku_0006_f01;column=vessel_stroma_cnr_noisy,observed,
current-f0-stage2_segment_roi_outside_fold0,current-f0-e3b-v0-one-frame-original-geometry,E3b,segment,42,0,b85ea0c87d7d49a446b1d3ff5a513a21433654b1d9098b91f83cca4edd220495,52,val,PKU37,pku_0006,pku_0006_f01,frame,vessel_stroma_cnr_denoised,0.6328339592776958,ratio,512x512,640x640,1 px (physical spacing unverified),raw,0.5,0.35,spatial valid AND annotation-valid where available,none,sabids-evaluator-v0-20260828,1.0,1.0,1.0,runs/current/stage2_segment_roi_outside_fold0/validity_v0/frame_metrics.csv,pku_0006_f01;column=vessel_stroma_cnr_denoised,observed,
current-f0-stage2_segment_roi_outside_fold0,current-f0-e3b-v0-one-frame-original-geometry,E3b,segment,42,0,b85ea0c87d7d49a446b1d3ff5a513a21433654b1d9098b91f83cca4edd220495,52,val,PKU37,pku_0006,pku_0006_f01,frame,vessel_stroma_cnr_clean,0.7381352537326323,ratio,512x512,640x640,1 px (physical spacing unverified),raw,0.5,0.35,spatial valid AND annotation-valid where available,none,sabids-evaluator-v0-20260828,1.0,1.0,1.0,runs/current/stage2_segment_roi_outside_fold0/validity_v0/frame_metrics.csv,pku_0006_f01;column=vessel_stroma_cnr_clean,observed,
current-f0-stage2_segment_roi_outside_fold0,current-f0-e3b-v0-one-frame-original-geometry,E3b,segment,42,0,b85ea0c87d7d49a446b1d3ff5a513a21433654b1d9098b91f83cca4edd220495,52,val,PKU37,pku_0006,pku_0006_f01,frame,vessel_dice,0.6858522094383411,ratio,512x512,640x640,1 px (physical spacing unverified),raw,0.5,0.35,spatial valid AND annotation-valid where available,none,sabids-evaluator-v0-20260828,1.0,1.0,1.0,runs/current/stage2_segment_roi_outside_fold0/validity_v0/frame_metrics.csv,pku_0006_f01;column=vessel_dice,observed,
current-f0-stage2_segment_roi_outside_fold0,current-f0-e3b-v0-one-frame-original-geometry,E3b,segment,42,0,b85ea0c87d7d49a446b1d3ff5a513a21433654b1d9098b91f83cca4edd220495,52,val,PKU37,pku_0006,pku_0006_f01,frame,vessel_iou,0.5218988414956548,ratio,512x512,640x640,1 px (physical spacing unverified),raw,0.5,0.35,spatial valid AND annotation-valid where available,none,sabids-evaluator-v0-20260828,1.0,1.0,1.0,runs/current/stage2_segment_roi_outside_fold0/validity_v0/frame_metrics.csv,pku_0006_f01;column=vessel_iou,observed,
current-f0-stage2_segment_roi_outside_fold0,current-f0-e3b-v0-one-frame-original-geometry,E3b,segment,42,0,b85ea0c87d7d49a446b1d3ff5a513a21433654b1d9098b91f83cca4edd220495,52,val,PKU37,pku_0006,pku_0006_f01,frame,vessel_background_iou,0.9612496405643046,ratio,512x512,640x640,1 px (physical spacing unverified),raw,0.5,0.35,spatial valid AND annotation-valid where available,none,sabids-evaluator-v0-20260828,1.0,1.0,1.0,runs/current/stage2_segment_roi_outside_fold0/validity_v0/frame_metrics.csv,pku_0006_f01;column=vessel_background_iou,observed,
current-f0-stage2_segment_roi_outside_fold0,current-f0-e3b-v0-one-frame-original-geometry,E3b,segment,42,0,b85ea0c87d7d49a446b1d3ff5a513a21433654b1d9098b91f83cca4edd220495,52,val,PKU37,pku_0006,pku_0006_f01,frame,vessel_miou,0.7415742410299797,ratio,512x512,640x640,1 px (physical spacing unverified),raw,0.5,0.35,spatial valid AND annotation-valid where available,none,sabids-evaluator-v0-20260828,1.0,1.0,1.0,runs/current/stage2_segment_roi_outside_fold0/validity_v0/frame_metrics.csv,pku_0006_f01;column=vessel_miou,observed,
current-f0-stage2_segment_roi_outside_fold0,current-f0-e3b-v0-one-frame-original-geometry,E3b,segment,42,0,b85ea0c87d7d49a446b1d3ff5a513a21433654b1d9098b91f83cca4edd220495,52,val,PKU37,pku_0006,pku_0006_f01,frame,vessel_precision,0.5972406855316624,ratio,512x512,640x640,1 px (physical spacing unverified),raw,0.5,0.35,spatial valid AND annotation-valid where available,none,sabids-evaluator-v0-20260828,1.0,1.0,1.0,runs/current/stage2_segment_roi_outside_fold0/validity_v0/frame_metrics.csv,pku_0006_f01;column=vessel_precision,observed,
current-f0-stage2_segment_roi_outside_fold0,current-f0-e3b-v0-one-frame-original-geometry,E3b,segment,42,0,b85ea0c87d7d49a446b1d3ff5a513a21433654b1d9098b91f83cca4edd220495,52,val,PKU37,pku_0006,pku_0006_f01,frame,vessel_recall,0.8053388886291682,ratio,512x512,640x640,1 px (physical spacing unverified),raw,0.5,0.35,spatial valid AND annotation-valid where available,none,sabids-evaluator-v0-20260828,1.0,1.0,1.0,runs/current/stage2_segment_roi_outside_fold0/validity_v0/frame_metrics.csv,pku_0006_f01;column=vessel_recall,observed,
current-f0-stage2_segment_roi_outside_fold0,current-f0-e3b-v0-one-frame-original-geometry,E3b,segment,42,0,b85ea0c87d7d49a446b1d3ff5a513a21433654b1d9098b91f83cca4edd220495,52,val,PKU37,pku_0006,pku_0006_f01,frame,vessel_specificity,0.971179481642098,ratio,512x512,640x640,1 px (physical spacing unverified),raw,0.5,0.35,spatial valid AND annotation-valid where available,none,sabids-evaluator-v0-20260828,1.0,1.0,1.0,runs/current/stage2_segment_roi_outside_fold0/validity_v0/frame_metrics.csv,pku_0006_f01;column=vessel_specificity,observed,
current-f0-stage2_segment_roi_outside_fold0,current-f0-e3b-v0-one-frame-original-geometry,E3b,segment,42,0,b85ea0c87d7d49a446b1d3ff5a513a21433654b1d9098b91f83cca4edd220495,52,val,PKU37,pku_0006,pku_0006_f01,frame,vessel_accuracy,0.9628222656250908,ratio,512x512,640x640,1 px (physical spacing unverified),raw,0.5,0.35,spatial valid AND annotation-valid where available,none,sabids-evaluator-v0-20260828,1.0,1.0,1.0,runs/current/stage2_segment_roi_outside_fold0/validity_v0/frame_metrics.csv,pku_0006_f01;column=vessel_accuracy,observed,
current-f0-stage2_segment_roi_outside_fold0,current-f0-e3b-v0-one-frame-original-geometry,E3b,segment,42,0,b85ea0c87d7d49a446b1d3ff5a513a21433654b1d9098b91f83cca4edd220495,52,val,PKU37,pku_0006,pku_0006_f01,frame,vessel_soft_dice,0.622877917053294,ratio,512x512,640x640,1 px (physical spacing unverified),raw,0.5,0.35,spatial valid AND annotation-valid where available,none,sabids-evaluator-v0-20260828,1.0,1.0,1.0,runs/current/stage2_segment_roi_outside_fold0/validity_v0/frame_metrics.csv,pku_0006_f01;column=vessel_soft_dice,observed,
current-f0-stage2_segment_roi_outside_fold0,current-f0-e3b-v0-one-frame-original-geometry,E3b,segment,42,0,b85ea0c87d7d49a446b1d3ff5a513a21433654b1d9098b91f83cca4edd220495,52,val,PKU37,pku_0006,pku_0006_f01,frame,vessel_roi_dice,0.6961055276445539,ratio,512x512,640x640,1 px (physical spacing unverified),raw,0.5,0.35,spatial valid AND annotation-valid where available,none,sabids-evaluator-v0-20260828,1.0,1.0,1.0,runs/current/stage2_segment_roi_outside_fold0/validity_v0/frame_metrics.csv,pku_0006_f01;column=vessel_roi_dice,observed,
current-f0-stage2_segment_roi_outside_fold0,current-f0-e3b-v0-one-frame-original-geometry,E3b,segment,42,0,b85ea0c87d7d49a446b1d3ff5a513a21433654b1d9098b91f83cca4edd220495,52,val,PKU37,pku_0006,pku_0006_f01,frame,vessel_roi_iou,0.5338664611383928,ratio,512x512,640x640,1 px (physical spacing unverified),raw,0.5,0.35,spatial valid AND annotation-valid where available,none,sabids-evaluator-v0-20260828,1.0,1.0,1.0,runs/current/stage2_segment_roi_outside_fold0/validity_v0/frame_metrics.csv,pku_0006_f01;column=vessel_roi_iou,observed,
current-f0-stage2_segment_roi_outside_fold0,current-f0-e3b-v0-one-frame-original-geometry,E3b,segment,42,0,b85ea0c87d7d49a446b1d3ff5a513a21433654b1d9098b91f83cca4edd220495,52,val,PKU37,pku_0006,pku_0006_f01,frame,vessel_roi_background_iou,0.613660562190863,ratio,512x512,640x640,1 px (physical spacing unverified),raw,0.5,0.35,spatial valid AND annotation-valid where available,none,sabids-evaluator-v0-20260828,1.0,1.0,1.0,runs/current/stage2_segment_roi_outside_fold0/validity_v0/frame_metrics.csv,pku_0006_f01;column=vessel_roi_background_iou,observed,
current-f0-stage2_segment_roi_outside_fold0,current-f0-e3b-v0-one-frame-original-geometry,E3b,segment,42,0,b85ea0c87d7d49a446b1d3ff5a513a21433654b1d9098b91f83cca4edd220495,52,val,PKU37,pku_0006,pku_0006_f01,frame,vessel_roi_miou,0.5737635116646278,ratio,512x512,640x640,1 px (physical spacing unverified),raw,0.5,0.35,spatial valid AND annotation-valid where available,none,sabids-evaluator-v0-20260828,1.0,1.0,1.0,runs/current/stage2_segment_roi_outside_fold0/validity_v0/frame_metrics.csv,pku_0006_f01;column=vessel_roi_miou,observed,
current-f0-stage2_segment_roi_outside_fold0,current-f0-e3b-v0-one-frame-original-geometry,E3b,segment,42,0,b85ea0c87d7d49a446b1d3ff5a513a21433654b1d9098b91f83cca4edd220495,52,val,PKU37,pku_0006,pku_0006_f01,frame,vessel_roi_precision,0.612965079847599,ratio,512x512,640x640,1 px (physical spacing unverified),raw,0.5,0.35,spatial valid AND annotation-valid where available,none,sabids-evaluator-v0-20260828,1.0,1.0,1.0,runs/current/stage2_segment_roi_outside_fold0/validity_v0/frame_metrics.csv,pku_0006_f01;column=vessel_roi_precision,observed,
current-f0-stage2_segment_roi_outside_fold0,current-f0-e3b-v0-one-frame-original-geometry,E3b,segment,42,0,b85ea0c87d7d49a446b1d3ff5a513a21433654b1d9098b91f83cca4edd220495,52,val,PKU37,pku_0006,pku_0006_f01,frame,vessel_roi_recall,0.8053388886291682,ratio,512x512,640x640,1 px (physical spacing unverified),raw,0.5,0.35,spatial valid AND annotation-valid where available,none,sabids-evaluator-v0-20260828,1.0,1.0,1.0,runs/current/stage2_segment_roi_outside_fold0/validity_v0/frame_metrics.csv,pku_0006_f01;column=vessel_roi_recall,observed,
current-f0-stage2_segment_roi_outside_fold0,current-f0-e3b-v0-one-frame-original-geometry,E3b,segment,42,0,b85ea0c87d7d49a446b1d3ff5a513a21433654b1d9098b91f83cca4edd220495,52,val,PKU37,pku_0006,pku_0006_f01,frame,vessel_roi_specificity,0.6871535022447942,ratio,512x512,640x640,1 px (physical spacing unverified),raw,0.5,0.35,spatial valid AND annotation-valid where available,none,sabids-evaluator-v0-20260828,1.0,1.0,1.0,runs/current/stage2_segment_roi_outside_fold0/validity_v0/frame_metrics.csv,pku_0006_f01;column=vessel_roi_specificity,observed,
current-f0-stage2_segment_roi_outside_fold0,current-f0-e3b-v0-one-frame-original-geometry,E3b,segment,42,0,b85ea0c87d7d49a446b1d3ff5a513a21433654b1d9098b91f83cca4edd220495,52,val,PKU37,pku_0006,pku_0006_f01,frame,vessel_roi_accuracy,0.7321695484539468,ratio,512x512,640x640,1 px (physical spacing unverified),raw,0.5,0.35,spatial valid AND annotation-valid where available,none,sabids-evaluator-v0-20260828,1.0,1.0,1.0,runs/current/stage2_segment_roi_outside_fold0/validity_v0/frame_metrics.csv,pku_0006_f01;column=vessel_roi_accuracy,observed,
current-f0-stage2_segment_roi_outside_fold0,current-f0-e3b-v0-one-frame-original-geometry,E3b,segment,42,0,b85ea0c87d7d49a446b1d3ff5a513a21433654b1d9098b91f83cca4edd220495,52,val,PKU37,pku_0006,pku_0006_f01,frame,vessel_area_fraction_pred,0.5004336513443192,ratio,512x512,640x640,1 px (physical spacing unverified),raw,0.5,0.35,spatial valid AND annotation-valid where available,none,sabids-evaluator-v0-20260828,1.0,1.0,1.0,runs/current/stage2_segment_roi_outside_fold0/validity_v0/frame_metrics.csv,pku_0006_f01;column=vessel_area_fraction_pred,observed,
current-f0-stage2_segment_roi_outside_fold0,current-f0-e3b-v0-one-frame-original-geometry,E3b,segment,42,0,b85ea0c87d7d49a446b1d3ff5a513a21433654b1d9098b91f83cca4edd220495,52,val,PKU37,pku_0006,pku_0006_f01,frame,vessel_area_fraction_true,0.3808935063017844,ratio,512x512,640x640,1 px (physical spacing unverified),raw,0.5,0.35,spatial valid AND annotation-valid where available,none,sabids-evaluator-v0-20260828,1.0,1.0,1.0,runs/current/stage2_segment_roi_outside_fold0/validity_v0/frame_metrics.csv,pku_0006_f01;column=vessel_area_fraction_true,observed,
current-f0-stage2_segment_roi_outside_fold0,current-f0-e3b-v0-one-frame-original-geometry,E3b,segment,42,0,b85ea0c87d7d49a446b1d3ff5a513a21433654b1d9098b91f83cca4edd220495,52,val,PKU37,pku_0006,pku_0006_f01,frame,vessel_area_fraction_mae,0.1195401450425347,px,512x512,640x640,1 px (physical spacing unverified),raw,0.5,0.35,spatial valid AND annotation-valid where available,none,sabids-evaluator-v0-20260828,1.0,1.0,1.0,runs/current/stage2_segment_roi_outside_fold0/validity_v0/frame_metrics.csv,pku_0006_f01;column=vessel_area_fraction_mae,observed,
current-f0-stage2_segment_roi_outside_fold0,current-f0-e3b-v0-one-frame-original-geometry,E3b,segment,42,0,b85ea0c87d7d49a446b1d3ff5a513a21433654b1d9098b91f83cca4edd220495,52,val,PKU37,pku_0006,pku_0006_f01,frame,vessel_outside_gt_layer_fraction,0.0256530018323572,ratio,512x512,640x640,1 px (physical spacing unverified),raw,0.5,0.35,spatial valid AND annotation-valid where available,none,sabids-evaluator-v0-20260828,1.0,1.0,1.0,runs/current/stage2_segment_roi_outside_fold0/validity_v0/frame_metrics.csv,pku_0006_f01;column=vessel_outside_gt_layer_fraction,observed,
current-f0-stage2_segment_roi_outside_fold0,current-f0-e3b-v0-one-frame-original-geometry,E3b,segment,42,0,b85ea0c87d7d49a446b1d3ff5a513a21433654b1d9098b91f83cca4edd220495,52,val,PKU37,pku_0006,pku_0006_f01,frame,vessel_error_outside_gt_and_pred_layer_pixels,414.0,px,512x512,640x640,1 px (physical spacing unverified),raw,0.5,0.35,spatial valid AND annotation-valid where available,none,sabids-evaluator-v0-20260828,1.0,1.0,1.0,runs/current/stage2_segment_roi_outside_fold0/validity_v0/frame_metrics.csv,pku_0006_f01;column=vessel_error_outside_gt_and_pred_layer_pixels,observed,
current-f0-stage2_segment_roi_outside_fold0,current-f0-e3b-v0-one-frame-original-geometry,E3b,segment,42,0,b85ea0c87d7d49a446b1d3ff5a513a21433654b1d9098b91f83cca4edd220495,52,val,PKU37,pku_0006,pku_0006_f01,frame,vessel_error_outside_gt_and_pred_layer_fraction,0.0148744296338878,ratio,512x512,640x640,1 px (physical spacing unverified),raw,0.5,0.35,spatial valid AND annotation-valid where available,none,sabids-evaluator-v0-20260828,1.0,1.0,1.0,runs/current/stage2_segment_roi_outside_fold0/validity_v0/frame_metrics.csv,pku_0006_f01;column=vessel_error_outside_gt_and_pred_layer_fraction,observed,
current-f0-stage2_segment_roi_outside_fold0,current-f0-e3b-v0-one-frame-original-geometry,E3b,segment,42,0,b85ea0c87d7d49a446b1d3ff5a513a21433654b1d9098b91f83cca4edd220495,52,val,PKU37,pku_0006,pku_0006_f01,frame,vessel_error_outside_gt_inside_pred_layer_pixels,300.0,px,512x512,640x640,1 px (physical spacing unverified),raw,0.5,0.35,spatial valid AND annotation-valid where available,none,sabids-evaluator-v0-20260828,1.0,1.0,1.0,runs/current/stage2_segment_roi_outside_fold0/validity_v0/frame_metrics.csv,pku_0006_f01;column=vessel_error_outside_gt_inside_pred_layer_pixels,observed,
current-f0-stage2_segment_roi_outside_fold0,current-f0-e3b-v0-one-frame-original-geometry,E3b,segment,42,0,b85ea0c87d7d49a446b1d3ff5a513a21433654b1d9098b91f83cca4edd220495,52,val,PKU37,pku_0006,pku_0006_f01,frame,vessel_error_outside_gt_inside_pred_layer_fraction,0.0107785721984694,ratio,512x512,640x640,1 px (physical spacing unverified),raw,0.5,0.35,spatial valid AND annotation-valid where available,none,sabids-evaluator-v0-20260828,1.0,1.0,1.0,runs/current/stage2_segment_roi_outside_fold0/validity_v0/frame_metrics.csv,pku_0006_f01;column=vessel_error_outside_gt_inside_pred_layer_fraction,observed,
current-f0-stage2_segment_roi_outside_fold0,current-f0-e3b-v0-one-frame-original-geometry,E3b,segment,42,0,b85ea0c87d7d49a446b1d3ff5a513a21433654b1d9098b91f83cca4edd220495,52,val,PKU37,pku_0006,pku_0006_f01,frame,gt_vessel_outside_pred_layer_pixels,1042.0,px,512x512,640x640,1 px (physical spacing unverified),raw,0.5,0.35,spatial valid AND annotation-valid where available,none,sabids-evaluator-v0-20260828,1.0,1.0,1.0,runs/current/stage2_segment_roi_outside_fold0/validity_v0/frame_metrics.csv,pku_0006_f01;column=gt_vessel_outside_pred_layer_pixels,observed,
current-f0-stage2_segment_roi_outside_fold0,current-f0-e3b-v0-one-frame-original-geometry,E3b,segment,42,0,b85ea0c87d7d49a446b1d3ff5a513a21433654b1d9098b91f83cca4edd220495,52,val,PKU37,pku_0006,pku_0006_f01,frame,gt_vessel_outside_pred_layer_fraction,0.0504820502882612,ratio,512x512,640x640,1 px (physical spacing unverified),raw,0.5,0.35,spatial valid AND annotation-valid where available,none,sabids-evaluator-v0-20260828,1.0,1.0,1.0,runs/current/stage2_segment_roi_outside_fold0/validity_v0/frame_metrics.csv,pku_0006_f01;column=gt_vessel_outside_pred_layer_fraction,observed,
current-f0-stage2_segment_roi_outside_fold0,current-f0-e3b-v0-one-frame-original-geometry,E3b,segment,42,0,b85ea0c87d7d49a446b1d3ff5a513a21433654b1d9098b91f83cca4edd220495,52,val,PKU37,pku_0006,pku_0006_f01,frame,vessel_oracle_gt_layer_dice,0.6961055276445539,ratio,512x512,640x640,1 px (physical spacing unverified),raw,0.5,0.35,spatial valid AND annotation-valid where available,none,sabids-evaluator-v0-20260828,1.0,1.0,1.0,runs/current/stage2_segment_roi_outside_fold0/validity_v0/frame_metrics.csv,pku_0006_f01;column=vessel_oracle_gt_layer_dice,observed,
current-f0-stage2_segment_roi_outside_fold0,current-f0-e3b-v0-one-frame-original-geometry,E3b,segment,42,0,b85ea0c87d7d49a446b1d3ff5a513a21433654b1d9098b91f83cca4edd220495,52,val,PKU37,pku_0006,pku_0006_f01,frame,vessel_oracle_gt_layer_iou,0.5338664611383928,ratio,512x512,640x640,1 px (physical spacing unverified),raw,0.5,0.35,spatial valid AND annotation-valid where available,none,sabids-evaluator-v0-20260828,1.0,1.0,1.0,runs/current/stage2_segment_roi_outside_fold0/validity_v0/frame_metrics.csv,pku_0006_f01;column=vessel_oracle_gt_layer_iou,observed,
current-f0-stage2_segment_roi_outside_fold0,current-f0-e3b-v0-one-frame-original-geometry,E3b,segment,42,0,b85ea0c87d7d49a446b1d3ff5a513a21433654b1d9098b91f83cca4edd220495,52,val,PKU37,pku_0006,pku_0006_f01,frame,vessel_oracle_gt_layer_background_iou,0.963066540790013,ratio,512x512,640x640,1 px (physical spacing unverified),raw,0.5,0.35,spatial valid AND annotation-valid where available,none,sabids-evaluator-v0-20260828,1.0,1.0,1.0,runs/current/stage2_segment_roi_outside_fold0/validity_v0/frame_metrics.csv,pku_0006_f01;column=vessel_oracle_gt_layer_background_iou,observed,
current-f0-stage2_segment_roi_outside_fold0,current-f0-e3b-v0-one-frame-original-geometry,E3b,segment,42,0,b85ea0c87d7d49a446b1d3ff5a513a21433654b1d9098b91f83cca4edd220495,52,val,PKU37,pku_0006,pku_0006_f01,frame,vessel_oracle_gt_layer_miou,0.7484665009642029,ratio,512x512,640x640,1 px (physical spacing unverified),raw,0.5,0.35,spatial valid AND annotation-valid where available,none,sabids-evaluator-v0-20260828,1.0,1.0,1.0,runs/current/stage2_segment_roi_outside_fold0/validity_v0/frame_metrics.csv,pku_0006_f01;column=vessel_oracle_gt_layer_miou,observed,
current-f0-stage2_segment_roi_outside_fold0,current-f0-e3b-v0-one-frame-original-geometry,E3b,segment,42,0,b85ea0c87d7d49a446b1d3ff5a513a21433654b1d9098b91f83cca4edd220495,52,val,PKU37,pku_0006,pku_0006_f01,frame,vessel_oracle_gt_layer_precision,0.612965079847599,ratio,512x512,640x640,1 px (physical spacing unverified),raw,0.5,0.35,spatial valid AND annotation-valid where available,none,sabids-evaluator-v0-20260828,1.0,1.0,1.0,runs/current/stage2_segment_roi_outside_fold0/validity_v0/frame_metrics.csv,pku_0006_f01;column=vessel_oracle_gt_layer_precision,observed,
current-f0-stage2_segment_roi_outside_fold0,current-f0-e3b-v0-one-frame-original-geometry,E3b,segment,42,0,b85ea0c87d7d49a446b1d3ff5a513a21433654b1d9098b91f83cca4edd220495,52,val,PKU37,pku_0006,pku_0006_f01,frame,vessel_oracle_gt_layer_recall,0.8053388886291682,ratio,512x512,640x640,1 px (physical spacing unverified),raw,0.5,0.35,spatial valid AND annotation-valid where available,none,sabids-evaluator-v0-20260828,1.0,1.0,1.0,runs/current/stage2_segment_roi_outside_fold0/validity_v0/frame_metrics.csv,pku_0006_f01;column=vessel_oracle_gt_layer_recall,observed,
current-f0-stage2_segment_roi_outside_fold0,current-f0-e3b-v0-one-frame-original-geometry,E3b,segment,42,0,b85ea0c87d7d49a446b1d3ff5a513a21433654b1d9098b91f83cca4edd220495,52,val,PKU37,pku_0006,pku_0006_f01,frame,vessel_oracle_gt_layer_specificity,0.9730151506971866,ratio,512x512,640x640,1 px (physical spacing unverified),raw,0.5,0.35,spatial valid AND annotation-valid where available,none,sabids-evaluator-v0-20260828,1.0,1.0,1.0,runs/current/stage2_segment_roi_outside_fold0/validity_v0/frame_metrics.csv,pku_0006_f01;column=vessel_oracle_gt_layer_specificity,observed,
current-f0-stage2_segment_roi_outside_fold0,current-f0-e3b-v0-one-frame-original-geometry,E3b,segment,42,0,b85ea0c87d7d49a446b1d3ff5a513a21433654b1d9098b91f83cca4edd220495,52,val,PKU37,pku_0006,pku_0006_f01,frame,vessel_oracle_gt_layer_accuracy,0.9645654296875864,ratio,512x512,640x640,1 px (physical spacing unverified),raw,0.5,0.35,spatial valid AND annotation-valid where available,none,sabids-evaluator-v0-20260828,1.0,1.0,1.0,runs/current/stage2_segment_roi_outside_fold0/validity_v0/frame_metrics.csv,pku_0006_f01;column=vessel_oracle_gt_layer_accuracy,observed,
current-f0-stage2_segment_roi_outside_fold0,current-f0-e3b-v0-one-frame-original-geometry,E3b,segment,42,0,b85ea0c87d7d49a446b1d3ff5a513a21433654b1d9098b91f83cca4edd220495,52,val,PKU37,pku_0006,pku_0006_f01,frame,vessel_pred_layer_soft_gate_dice,0.685705879887242,ratio,512x512,640x640,1 px (physical spacing unverified),soft_gate,0.5,0.35,spatial valid AND annotation-valid where available,none,sabids-evaluator-v0-20260828,1.0,1.0,1.0,runs/current/stage2_segment_roi_outside_fold0/validity_v0/frame_metrics.csv,pku_0006_f01;column=vessel_pred_layer_soft_gate_dice,observed,
current-f0-stage2_segment_roi_outside_fold0,current-f0-e3b-v0-one-frame-original-geometry,E3b,segment,42,0,b85ea0c87d7d49a446b1d3ff5a513a21433654b1d9098b91f83cca4edd220495,52,val,PKU37,pku_0006,pku_0006_f01,frame,vessel_pred_layer_soft_gate_iou,0.5217293978599428,ratio,512x512,640x640,1 px (physical spacing unverified),soft_gate,0.5,0.35,spatial valid AND annotation-valid where available,none,sabids-evaluator-v0-20260828,1.0,1.0,1.0,runs/current/stage2_segment_roi_outside_fold0/validity_v0/frame_metrics.csv,pku_0006_f01;column=vessel_pred_layer_soft_gate_iou,observed,
current-f0-stage2_segment_roi_outside_fold0,current-f0-e3b-v0-one-frame-original-geometry,E3b,segment,42,0,b85ea0c87d7d49a446b1d3ff5a513a21433654b1d9098b91f83cca4edd220495,52,val,PKU37,pku_0006,pku_0006_f01,frame,vessel_pred_layer_soft_gate_background_iou,0.9619715982049608,ratio,512x512,640x640,1 px (physical spacing unverified),soft_gate,0.5,0.35,spatial valid AND annotation-valid where available,none,sabids-evaluator-v0-20260828,1.0,1.0,1.0,runs/current/stage2_segment_roi_outside_fold0/validity_v0/frame_metrics.csv,pku_0006_f01;column=vessel_pred_layer_soft_gate_background_iou,observed,
current-f0-stage2_segment_roi_outside_fold0,current-f0-e3b-v0-one-frame-original-geometry,E3b,segment,42,0,b85ea0c87d7d49a446b1d3ff5a513a21433654b1d9098b91f83cca4edd220495,52,val,PKU37,pku_0006,pku_0006_f01,frame,vessel_pred_layer_soft_gate_miou,0.7418504980324518,ratio,512x512,640x640,1 px (physical spacing unverified),soft_gate,0.5,0.35,spatial valid AND annotation-valid where available,none,sabids-evaluator-v0-20260828,1.0,1.0,1.0,runs/current/stage2_segment_roi_outside_fold0/validity_v0/frame_metrics.csv,pku_0006_f01;column=vessel_pred_layer_soft_gate_miou,observed,
current-f0-stage2_segment_roi_outside_fold0,current-f0-e3b-v0-one-frame-original-geometry,E3b,segment,42,0,b85ea0c87d7d49a446b1d3ff5a513a21433654b1d9098b91f83cca4edd220495,52,val,PKU37,pku_0006,pku_0006_f01,frame,vessel_pred_layer_soft_gate_precision,0.6054926702688628,ratio,512x512,640x640,1 px (physical spacing unverified),soft_gate,0.5,0.35,spatial valid AND annotation-valid where available,none,sabids-evaluator-v0-20260828,1.0,1.0,1.0,runs/current/stage2_segment_roi_outside_fold0/validity_v0/frame_metrics.csv,pku_0006_f01;column=vessel_pred_layer_soft_gate_precision,observed,
current-f0-stage2_segment_roi_outside_fold0,current-f0-e3b-v0-one-frame-original-geometry,E3b,segment,42,0,b85ea0c87d7d49a446b1d3ff5a513a21433654b1d9098b91f83cca4edd220495,52,val,PKU37,pku_0006,pku_0006_f01,frame,vessel_pred_layer_soft_gate_recall,0.7904171309631114,ratio,512x512,640x640,1 px (physical spacing unverified),soft_gate,0.5,0.35,spatial valid AND annotation-valid where available,none,sabids-evaluator-v0-20260828,1.0,1.0,1.0,runs/current/stage2_segment_roi_outside_fold0/validity_v0/frame_metrics.csv,pku_0006_f01;column=vessel_pred_layer_soft_gate_recall,observed,
current-f0-stage2_segment_roi_outside_fold0,current-f0-e3b-v0-one-frame-original-geometry,E3b,segment,42,0,b85ea0c87d7d49a446b1d3ff5a513a21433654b1d9098b91f83cca4edd220495,52,val,PKU37,pku_0006,pku_0006_f01,frame,vessel_pred_layer_soft_gate_specificity,0.9726706413787246,ratio,512x512,640x640,1 px (physical spacing unverified),soft_gate,0.5,0.35,spatial valid AND annotation-valid where available,none,sabids-evaluator-v0-20260828,1.0,1.0,1.0,runs/current/stage2_segment_roi_outside_fold0/validity_v0/frame_metrics.csv,pku_0006_f01;column=vessel_pred_layer_soft_gate_specificity,observed,
current-f0-stage2_segment_roi_outside_fold0,current-f0-e3b-v0-one-frame-original-geometry,E3b,segment,42,0,b85ea0c87d7d49a446b1d3ff5a513a21433654b1d9098b91f83cca4edd220495,52,val,PKU37,pku_0006,pku_0006_f01,frame,vessel_pred_layer_soft_gate_accuracy,0.9634863281250892,ratio,512x512,640x640,1 px (physical spacing unverified),soft_gate,0.5,0.35,spatial valid AND annotation-valid where available,none,sabids-evaluator-v0-20260828,1.0,1.0,1.0,runs/current/stage2_segment_roi_outside_fold0/validity_v0/frame_metrics.csv,pku_0006_f01;column=vessel_pred_layer_soft_gate_accuracy,observed,
current-f0-stage2_segment_roi_outside_fold0,current-f0-e3b-v0-one-frame-original-geometry,E3b,segment,42,0,b85ea0c87d7d49a446b1d3ff5a513a21433654b1d9098b91f83cca4edd220495,52,val,PKU37,pku_0006,pku_0006_f01,frame,vessel_pred_layer_soft_gate_soft_dice,0.6252573216861648,ratio,512x512,640x640,1 px (physical spacing unverified),soft_gate,0.5,0.35,spatial valid AND annotation-valid where available,none,sabids-evaluator-v0-20260828,1.0,1.0,1.0,runs/current/stage2_segment_roi_outside_fold0/validity_v0/frame_metrics.csv,pku_0006_f01;column=vessel_pred_layer_soft_gate_soft_dice,observed,
current-f0-stage2_segment_roi_outside_fold0,current-f0-e3b-v0-one-frame-original-geometry,E3b,segment,42,0,b85ea0c87d7d49a446b1d3ff5a513a21433654b1d9098b91f83cca4edd220495,52,val,PKU37,pku_0006,pku_0006_f01,frame,vessel_gt_component_small_count,1.0,ratio,512x512,640x640,1 px (physical spacing unverified),raw,0.5,0.35,spatial valid AND annotation-valid where available,none,sabids-evaluator-v0-20260828,1.0,1.0,1.0,runs/current/stage2_segment_roi_outside_fold0/validity_v0/frame_metrics.csv,pku_0006_f01;column=vessel_gt_component_small_count,observed,
current-f0-stage2_segment_roi_outside_fold0,current-f0-e3b-v0-one-frame-original-geometry,E3b,segment,42,0,b85ea0c87d7d49a446b1d3ff5a513a21433654b1d9098b91f83cca4edd220495,52,val,PKU37,pku_0006,pku_0006_f01,frame,vessel_gt_component_small_pixels,110.0,px,512x512,640x640,1 px (physical spacing unverified),raw,0.5,0.35,spatial valid AND annotation-valid where available,none,sabids-evaluator-v0-20260828,1.0,1.0,1.0,runs/current/stage2_segment_roi_outside_fold0/validity_v0/frame_metrics.csv,pku_0006_f01;column=vessel_gt_component_small_pixels,observed,
current-f0-stage2_segment_roi_outside_fold0,current-f0-e3b-v0-one-frame-original-geometry,E3b,segment,42,0,b85ea0c87d7d49a446b1d3ff5a513a21433654b1d9098b91f83cca4edd220495,52,val,PKU37,pku_0006,pku_0006_f01,frame,vessel_gt_component_small_pixel_recall,0.7909090909090909,ratio,512x512,640x640,1 px (physical spacing unverified),raw,0.5,0.35,spatial valid AND annotation-valid where available,none,sabids-evaluator-v0-20260828,1.0,1.0,1.0,runs/current/stage2_segment_roi_outside_fold0/validity_v0/frame_metrics.csv,pku_0006_f01;column=vessel_gt_component_small_pixel_recall,observed,
current-f0-stage2_segment_roi_outside_fold0,current-f0-e3b-v0-one-frame-original-geometry,E3b,segment,42,0,b85ea0c87d7d49a446b1d3ff5a513a21433654b1d9098b91f83cca4edd220495,52,val,PKU37,pku_0006,pku_0006_f01,frame,vessel_gt_component_small_detection_recall,1.0,ratio,512x512,640x640,1 px (physical spacing unverified),raw,0.5,0.35,spatial valid AND annotation-valid where available,none,sabids-evaluator-v0-20260828,1.0,1.0,1.0,runs/current/stage2_segment_roi_outside_fold0/validity_v0/frame_metrics.csv,pku_0006_f01;column=vessel_gt_component_small_detection_recall,observed,
current-f0-stage2_segment_roi_outside_fold0,current-f0-e3b-v0-one-frame-original-geometry,E3b,segment,42,0,b85ea0c87d7d49a446b1d3ff5a513a21433654b1d9098b91f83cca4edd220495,52,val,PKU37,pku_0006,pku_0006_f01,frame,vessel_gt_component_medium_count,12.0,ratio,512x512,640x640,1 px (physical spacing unverified),raw,0.5,0.35,spatial valid AND annotation-valid where available,none,sabids-evaluator-v0-20260828,1.0,1.0,1.0,runs/current/stage2_segment_roi_outside_fold0/validity_v0/frame_metrics.csv,pku_0006_f01;column=vessel_gt_component_medium_count,observed,
current-f0-stage2_segment_roi_outside_fold0,current-f0-e3b-v0-one-frame-original-geometry,E3b,segment,42,0,b85ea0c87d7d49a446b1d3ff5a513a21433654b1d9098b91f83cca4edd220495,52,val,PKU37,pku_0006,pku_0006_f01,frame,vessel_gt_component_medium_pixels,2532.0,px,512x512,640x640,1 px (physical spacing unverified),raw,0.5,0.35,spatial valid AND annotation-valid where available,none,sabids-evaluator-v0-20260828,1.0,1.0,1.0,runs/current/stage2_segment_roi_outside_fold0/validity_v0/frame_metrics.csv,pku_0006_f01;column=vessel_gt_component_medium_pixels,observed,
current-f0-stage2_segment_roi_outside_fold0,current-f0-e3b-v0-one-frame-original-geometry,E3b,segment,42,0,b85ea0c87d7d49a446b1d3ff5a513a21433654b1d9098b91f83cca4edd220495,52,val,PKU37,pku_0006,pku_0006_f01,frame,vessel_gt_component_medium_pixel_recall,0.806477093206951,ratio,512x512,640x640,1 px (physical spacing unverified),raw,0.5,0.35,spatial valid AND annotation-valid where available,none,sabids-evaluator-v0-20260828,1.0,1.0,1.0,runs/current/stage2_segment_roi_outside_fold0/validity_v0/frame_metrics.csv,pku_0006_f01;column=vessel_gt_component_medium_pixel_recall,observed,
current-f0-stage2_segment_roi_outside_fold0,current-f0-e3b-v0-one-frame-original-geometry,E3b,segment,42,0,b85ea0c87d7d49a446b1d3ff5a513a21433654b1d9098b91f83cca4edd220495,52,val,PKU37,pku_0006,pku_0006_f01,frame,vessel_gt_component_medium_detection_recall,1.0,ratio,512x512,640x640,1 px (physical spacing unverified),raw,0.5,0.35,spatial valid AND annotation-valid where available,none,sabids-evaluator-v0-20260828,1.0,1.0,1.0,runs/current/stage2_segment_roi_outside_fold0/validity_v0/frame_metrics.csv,pku_0006_f01;column=vessel_gt_component_medium_detection_recall,observed,
current-f0-stage2_segment_roi_outside_fold0,current-f0-e3b-v0-one-frame-original-geometry,E3b,segment,42,0,b85ea0c87d7d49a446b1d3ff5a513a21433654b1d9098b91f83cca4edd220495,52,val,PKU37,pku_0006,pku_0006_f01,frame,vessel_gt_component_large_count,23.0,ratio,512x512,640x640,1 px (physical spacing unverified),raw,0.5,0.35,spatial valid AND annotation-valid where available,none,sabids-evaluator-v0-20260828,1.0,1.0,1.0,runs/current/stage2_segment_roi_outside_fold0/validity_v0/frame_metrics.csv,pku_0006_f01;column=vessel_gt_component_large_count,observed,
current-f0-stage2_segment_roi_outside_fold0,current-f0-e3b-v0-one-frame-original-geometry,E3b,segment,42,0,b85ea0c87d7d49a446b1d3ff5a513a21433654b1d9098b91f83cca4edd220495,52,val,PKU37,pku_0006,pku_0006_f01,frame,vessel_gt_component_large_pixels,17999.0,px,512x512,640x640,1 px (physical spacing unverified),raw,0.5,0.35,spatial valid AND annotation-valid where available,none,sabids-evaluator-v0-20260828,1.0,1.0,1.0,runs/current/stage2_segment_roi_outside_fold0/validity_v0/frame_metrics.csv,pku_0006_f01;column=vessel_gt_component_large_pixels,observed,
current-f0-stage2_segment_roi_outside_fold0,current-f0-e3b-v0-one-frame-original-geometry,E3b,segment,42,0,b85ea0c87d7d49a446b1d3ff5a513a21433654b1d9098b91f83cca4edd220495,52,val,PKU37,pku_0006,pku_0006_f01,frame,vessel_gt_component_large_pixel_recall,0.8052669592755153,ratio,512x512,640x640,1 px (physical spacing unverified),raw,0.5,0.35,spatial valid AND annotation-valid where available,none,sabids-evaluator-v0-20260828,1.0,1.0,1.0,runs/current/stage2_segment_roi_outside_fold0/validity_v0/frame_metrics.csv,pku_0006_f01;column=vessel_gt_component_large_pixel_recall,observed,
current-f0-stage2_segment_roi_outside_fold0,current-f0-e3b-v0-one-frame-original-geometry,E3b,segment,42,0,b85ea0c87d7d49a446b1d3ff5a513a21433654b1d9098b91f83cca4edd220495,52,val,PKU37,pku_0006,pku_0006_f01,frame,vessel_gt_component_large_detection_recall,1.0,ratio,512x512,640x640,1 px (physical spacing unverified),raw,0.5,0.35,spatial valid AND annotation-valid where available,none,sabids-evaluator-v0-20260828,1.0,1.0,1.0,runs/current/stage2_segment_roi_outside_fold0/validity_v0/frame_metrics.csv,pku_0006_f01;column=vessel_gt_component_large_detection_recall,observed,
current-f0-stage2_segment_roi_outside_fold0,current-f0-e3b-v0-one-frame-original-geometry,E3b,segment,42,0,b85ea0c87d7d49a446b1d3ff5a513a21433654b1d9098b91f83cca4edd220495,52,val,PKU37,pku_0006,pku_0006_f01,frame,vessel_boundary_band_dice,0.6772591857124262,ratio,512x512,640x640,1 px (physical spacing unverified),raw,0.5,0.35,spatial valid AND annotation-valid where available,none,sabids-evaluator-v0-20260828,1.0,1.0,1.0,runs/current/stage2_segment_roi_outside_fold0/validity_v0/frame_metrics.csv,pku_0006_f01;column=vessel_boundary_band_dice,observed,
current-f0-stage2_segment_roi_outside_fold0,current-f0-e3b-v0-one-frame-original-geometry,E3b,segment,42,0,b85ea0c87d7d49a446b1d3ff5a513a21433654b1d9098b91f83cca4edd220495,52,val,PKU37,pku_0006,pku_0006_f01,frame,vessel_boundary_band_iou,0.5120120120401933,ratio,512x512,640x640,1 px (physical spacing unverified),raw,0.5,0.35,spatial valid AND annotation-valid where available,none,sabids-evaluator-v0-20260828,1.0,1.0,1.0,runs/current/stage2_segment_roi_outside_fold0/validity_v0/frame_metrics.csv,pku_0006_f01;column=vessel_boundary_band_iou,observed,
current-f0-stage2_segment_roi_outside_fold0,current-f0-e3b-v0-one-frame-original-geometry,E3b,segment,42,0,b85ea0c87d7d49a446b1d3ff5a513a21433654b1d9098b91f83cca4edd220495,52,val,PKU37,pku_0006,pku_0006_f01,frame,vessel_boundary_band_background_iou,0.361106910678882,ratio,512x512,640x640,1 px (physical spacing unverified),raw,0.5,0.35,spatial valid AND annotation-valid where available,none,sabids-evaluator-v0-20260828,1.0,1.0,1.0,runs/current/stage2_segment_roi_outside_fold0/validity_v0/frame_metrics.csv,pku_0006_f01;column=vessel_boundary_band_background_iou,observed,
current-f0-stage2_segment_roi_outside_fold0,current-f0-e3b-v0-one-frame-original-geometry,E3b,segment,42,0,b85ea0c87d7d49a446b1d3ff5a513a21433654b1d9098b91f83cca4edd220495,52,val,PKU37,pku_0006,pku_0006_f01,frame,vessel_boundary_band_miou,0.4365594613595376,ratio,512x512,640x640,1 px (physical spacing unverified),raw,0.5,0.35,spatial valid AND annotation-valid where available,none,sabids-evaluator-v0-20260828,1.0,1.0,1.0,runs/current/stage2_segment_roi_outside_fold0/validity_v0/frame_metrics.csv,pku_0006_f01;column=vessel_boundary_band_miou,observed,
current-f0-stage2_segment_roi_outside_fold0,current-f0-e3b-v0-one-frame-original-geometry,E3b,segment,42,0,b85ea0c87d7d49a446b1d3ff5a513a21433654b1d9098b91f83cca4edd220495,52,val,PKU37,pku_0006,pku_0006_f01,frame,vessel_boundary_band_precision,0.6061807739910994,ratio,512x512,640x640,1 px (physical spacing unverified),raw,0.5,0.35,spatial valid AND annotation-valid where available,none,sabids-evaluator-v0-20260828,1.0,1.0,1.0,runs/current/stage2_segment_roi_outside_fold0/validity_v0/frame_metrics.csv,pku_0006_f01;column=vessel_boundary_band_precision,observed,
current-f0-stage2_segment_roi_outside_fold0,current-f0-e3b-v0-one-frame-original-geometry,E3b,segment,42,0,b85ea0c87d7d49a446b1d3ff5a513a21433654b1d9098b91f83cca4edd220495,52,val,PKU37,pku_0006,pku_0006_f01,frame,vessel_boundary_band_recall,0.7672204915397005,ratio,512x512,640x640,1 px (physical spacing unverified),raw,0.5,0.35,spatial valid AND annotation-valid where available,none,sabids-evaluator-v0-20260828,1.0,1.0,1.0,runs/current/stage2_segment_roi_outside_fold0/validity_v0/frame_metrics.csv,pku_0006_f01;column=vessel_boundary_band_recall,observed,
current-f0-stage2_segment_roi_outside_fold0,current-f0-e3b-v0-one-frame-original-geometry,E3b,segment,42,0,b85ea0c87d7d49a446b1d3ff5a513a21433654b1d9098b91f83cca4edd220495,52,val,PKU37,pku_0006,pku_0006_f01,frame,vessel_boundary_band_specificity,0.4533029613275149,ratio,512x512,640x640,1 px (physical spacing unverified),raw,0.5,0.35,spatial valid AND annotation-valid where available,none,sabids-evaluator-v0-20260828,1.0,1.0,1.0,runs/current/stage2_segment_roi_outside_fold0/validity_v0/frame_metrics.csv,pku_0006_f01;column=vessel_boundary_band_specificity,observed,
current-f0-stage2_segment_roi_outside_fold0,current-f0-e3b-v0-one-frame-original-geometry,E3b,segment,42,0,b85ea0c87d7d49a446b1d3ff5a513a21433654b1d9098b91f83cca4edd220495,52,val,PKU37,pku_0006,pku_0006_f01,frame,vessel_boundary_band_accuracy,0.6175086004156478,ratio,512x512,640x640,1 px (physical spacing unverified),raw,0.5,0.35,spatial valid AND annotation-valid where available,none,sabids-evaluator-v0-20260828,1.0,1.0,1.0,runs/current/stage2_segment_roi_outside_fold0/validity_v0/frame_metrics.csv,pku_0006_f01;column=vessel_boundary_band_accuracy,observed,
current-f0-stage2_segment_roi_outside_fold0,current-f0-e3b-v0-one-frame-original-geometry,E3b,segment,42,0,b85ea0c87d7d49a446b1d3ff5a513a21433654b1d9098b91f83cca4edd220495,52,val,PKU37,pku_0006,pku_0006_f01,frame,vessel_boundary_band_fp_pixels,5760.0,px,512x512,640x640,1 px (physical spacing unverified),raw,0.5,0.35,spatial valid AND annotation-valid where available,none,sabids-evaluator-v0-20260828,1.0,1.0,1.0,runs/current/stage2_segment_roi_outside_fold0/validity_v0/frame_metrics.csv,pku_0006_f01;column=vessel_boundary_band_fp_pixels,observed,
current-f0-stage2_segment_roi_outside_fold0,current-f0-e3b-v0-one-frame-original-geometry,E3b,segment,42,0,b85ea0c87d7d49a446b1d3ff5a513a21433654b1d9098b91f83cca4edd220495,52,val,PKU37,pku_0006,pku_0006_f01,frame,vessel_boundary_band_fn_pixels,2690.0,px,512x512,640x640,1 px (physical spacing unverified),raw,0.5,0.35,spatial valid AND annotation-valid where available,none,sabids-evaluator-v0-20260828,1.0,1.0,1.0,runs/current/stage2_segment_roi_outside_fold0/validity_v0/frame_metrics.csv,pku_0006_f01;column=vessel_boundary_band_fn_pixels,observed,
current-f0-stage2_segment_roi_outside_fold0,current-f0-e3b-v0-one-frame-original-geometry,E3b,segment,42,0,b85ea0c87d7d49a446b1d3ff5a513a21433654b1d9098b91f83cca4edd220495,52,val,PKU37,pku_0006,pku_0006_f01,frame,whole_layer_baseline_vessel_dice,0.5516623904272014,ratio,512x512,640x640,1 px (physical spacing unverified),raw,0.5,0.35,spatial valid AND annotation-valid where available,none,sabids-evaluator-v0-20260828,1.0,1.0,1.0,runs/current/stage2_segment_roi_outside_fold0/validity_v0/frame_metrics.csv,pku_0006_f01;column=whole_layer_baseline_vessel_dice,observed,
current-f0-stage2_segment_roi_outside_fold0,current-f0-e3b-v0-one-frame-original-geometry,E3b,segment,42,0,b85ea0c87d7d49a446b1d3ff5a513a21433654b1d9098b91f83cca4edd220495,52,val,PKU37,pku_0006,pku_0006_f01,frame,empty_baseline_vessel_dice,4.844726514953504e-11,ratio,512x512,640x640,1 px (physical spacing unverified),raw,0.5,0.35,spatial valid AND annotation-valid where available,none,sabids-evaluator-v0-20260828,1.0,1.0,1.0,runs/current/stage2_segment_roi_outside_fold0/validity_v0/frame_metrics.csv,pku_0006_f01;column=empty_baseline_vessel_dice,observed,
current-f0-stage2_segment_roi_outside_fold0,current-f0-e3b-v0-one-frame-original-geometry,E3b,segment,42,0,b85ea0c87d7d49a446b1d3ff5a513a21433654b1d9098b91f83cca4edd220495,52,val,PKU37,pku_0006,pku_0006_f01,frame,vessel_hd95,12.36931687685298,px,512x512,640x640,1 px (physical spacing unverified),raw,0.5,0.35,spatial valid AND annotation-valid where available,none,sabids-evaluator-v0-20260828,1.0,1.0,1.0,runs/current/stage2_segment_roi_outside_fold0/validity_v0/frame_metrics.csv,pku_0006_f01;column=vessel_hd95,observed,
current-f0-stage2_segment_roi_outside_fold0,current-f0-e3b-v0-one-frame-original-geometry,E3b,segment,42,0,b85ea0c87d7d49a446b1d3ff5a513a21433654b1d9098b91f83cca4edd220495,52,val,PKU37,pku_0006,pku_0006_f01,frame,vessel_assd,4.62080727335833,px,512x512,640x640,1 px (physical spacing unverified),raw,0.5,0.35,spatial valid AND annotation-valid where available,none,sabids-evaluator-v0-20260828,1.0,1.0,1.0,runs/current/stage2_segment_roi_outside_fold0/validity_v0/frame_metrics.csv,pku_0006_f01;column=vessel_assd,observed,
current-f0-stage2_segment_roi_outside_fold0,current-f0-e3b-v0-one-frame-original-geometry,E3b,segment,42,0,b85ea0c87d7d49a446b1d3ff5a513a21433654b1d9098b91f83cca4edd220495,52,val,PKU37,pku_0006,pku_0006_f01,frame,p1_empty_input,0.0,ratio,512x512,640x640,1 px (physical spacing unverified),p1,0.5,0.35,spatial valid AND annotation-valid where available,p0-p3-v1,sabids-evaluator-v0-20260828,1.0,1.0,1.0,runs/current/stage2_segment_roi_outside_fold0/validity_v0/frame_metrics.csv,pku_0006_f01;column=p1_empty_input,observed,
current-f0-stage2_segment_roi_outside_fold0,current-f0-e3b-v0-one-frame-original-geometry,E3b,segment,42,0,b85ea0c87d7d49a446b1d3ff5a513a21433654b1d9098b91f83cca4edd220495,52,val,PKU37,pku_0006,pku_0006_f01,frame,p1_component_count,3.0,ratio,512x512,640x640,1 px (physical spacing unverified),p1,0.5,0.35,spatial valid AND annotation-valid where available,p0-p3-v1,sabids-evaluator-v0-20260828,1.0,1.0,1.0,runs/current/stage2_segment_roi_outside_fold0/validity_v0/frame_metrics.csv,pku_0006_f01;column=p1_component_count,observed,
current-f0-stage2_segment_roi_outside_fold0,current-f0-e3b-v0-one-frame-original-geometry,E3b,segment,42,0,b85ea0c87d7d49a446b1d3ff5a513a21433654b1d9098b91f83cca4edd220495,52,val,PKU37,pku_0006,pku_0006_f01,frame,p1_removed_pixels,619.0,px,512x512,640x640,1 px (physical spacing unverified),p1,0.5,0.35,spatial valid AND annotation-valid where available,p0-p3-v1,sabids-evaluator-v0-20260828,1.0,1.0,1.0,runs/current/stage2_segment_roi_outside_fold0/validity_v0/frame_metrics.csv,pku_0006_f01;column=p1_removed_pixels,observed,
current-f0-stage2_segment_roi_outside_fold0,current-f0-e3b-v0-one-frame-original-geometry,E3b,segment,42,0,b85ea0c87d7d49a446b1d3ff5a513a21433654b1d9098b91f83cca4edd220495,52,val,PKU37,pku_0006,pku_0006_f01,frame,p1_filled_pixels,0.0,px,512x512,640x640,1 px (physical spacing unverified),p1,0.5,0.35,spatial valid AND annotation-valid where available,p0-p3-v1,sabids-evaluator-v0-20260828,1.0,1.0,1.0,runs/current/stage2_segment_roi_outside_fold0/validity_v0/frame_metrics.csv,pku_0006_f01;column=p1_filled_pixels,observed,
current-f0-stage2_segment_roi_outside_fold0,current-f0-e3b-v0-one-frame-original-geometry,E3b,segment,42,0,b85ea0c87d7d49a446b1d3ff5a513a21433654b1d9098b91f83cca4edd220495,52,val,PKU37,pku_0006,pku_0006_f01,frame,p1_main_fraction,0.9895485091007328,ratio,512x512,640x640,1 px (physical spacing unverified),p1,0.5,0.35,spatial valid AND annotation-valid where available,p0-p3-v1,sabids-evaluator-v0-20260828,1.0,1.0,1.0,runs/current/stage2_segment_roi_outside_fold0/validity_v0/frame_metrics.csv,pku_0006_f01;column=p1_main_fraction,observed,
current-f0-stage2_segment_roi_outside_fold0,current-f0-e3b-v0-one-frame-original-geometry,E3b,segment,42,0,b85ea0c87d7d49a446b1d3ff5a513a21433654b1d9098b91f83cca4edd220495,52,val,PKU37,pku_0006,pku_0006_f01,frame,p1_cleanup_failed,0.0,ratio,512x512,640x640,1 px (physical spacing unverified),p1,0.5,0.35,spatial valid AND annotation-valid where available,p0-p3-v1,sabids-evaluator-v0-20260828,1.0,1.0,1.0,runs/current/stage2_segment_roi_outside_fold0/validity_v0/frame_metrics.csv,pku_0006_f01;column=p1_cleanup_failed,observed,
current-f0-stage2_segment_roi_outside_fold0,current-f0-e3b-v0-one-frame-original-geometry,E3b,segment,42,0,b85ea0c87d7d49a446b1d3ff5a513a21433654b1d9098b91f83cca4edd220495,52,val,PKU37,pku_0006,pku_0006_f01,frame,p2_empty_input,0.0,ratio,512x512,640x640,1 px (physical spacing unverified),p2,0.5,0.35,spatial valid AND annotation-valid where available,p0-p3-v1,sabids-evaluator-v0-20260828,1.0,1.0,1.0,runs/current/stage2_segment_roi_outside_fold0/validity_v0/frame_metrics.csv,pku_0006_f01;column=p2_empty_input,observed,
current-f0-stage2_segment_roi_outside_fold0,current-f0-e3b-v0-one-frame-original-geometry,E3b,segment,42,0,b85ea0c87d7d49a446b1d3ff5a513a21433654b1d9098b91f83cca4edd220495,52,val,PKU37,pku_0006,pku_0006_f01,frame,p2_changed_columns,50.0,ratio,512x512,640x640,1 px (physical spacing unverified),p2,0.5,0.35,spatial valid AND annotation-valid where available,p0-p3-v1,sabids-evaluator-v0-20260828,1.0,1.0,1.0,runs/current/stage2_segment_roi_outside_fold0/validity_v0/frame_metrics.csv,pku_0006_f01;column=p2_changed_columns,observed,
current-f0-stage2_segment_roi_outside_fold0,current-f0-e3b-v0-one-frame-original-geometry,E3b,segment,42,0,b85ea0c87d7d49a446b1d3ff5a513a21433654b1d9098b91f83cca4edd220495,52,val,PKU37,pku_0006,pku_0006_f01,frame,p2_mean_abs_displacement,0.1828125,px,512x512,640x640,1 px (physical spacing unverified),p2,0.5,0.35,spatial valid AND annotation-valid where available,p0-p3-v1,sabids-evaluator-v0-20260828,1.0,1.0,1.0,runs/current/stage2_segment_roi_outside_fold0/validity_v0/frame_metrics.csv,pku_0006_f01;column=p2_mean_abs_displacement,observed,
current-f0-stage2_segment_roi_outside_fold0,current-f0-e3b-v0-one-frame-original-geometry,E3b,segment,42,0,b85ea0c87d7d49a446b1d3ff5a513a21433654b1d9098b91f83cca4edd220495,52,val,PKU37,pku_0006,pku_0006_f01,frame,p2_max_abs_displacement,8.0,px,512x512,640x640,1 px (physical spacing unverified),p2,0.5,0.35,spatial valid AND annotation-valid where available,p0-p3-v1,sabids-evaluator-v0-20260828,1.0,1.0,1.0,runs/current/stage2_segment_roi_outside_fold0/validity_v0/frame_metrics.csv,pku_0006_f01;column=p2_max_abs_displacement,observed,
current-f0-stage2_segment_roi_outside_fold0,current-f0-e3b-v0-one-frame-original-geometry,E3b,segment,42,0,b85ea0c87d7d49a446b1d3ff5a513a21433654b1d9098b91f83cca4edd220495,52,val,PKU37,pku_0006,pku_0006_f01,frame,p2_regularization_failed,0.0,ratio,512x512,640x640,1 px (physical spacing unverified),p2,0.5,0.35,spatial valid AND annotation-valid where available,p0-p3-v1,sabids-evaluator-v0-20260828,1.0,1.0,1.0,runs/current/stage2_segment_roi_outside_fold0/validity_v0/frame_metrics.csv,pku_0006_f01;column=p2_regularization_failed,observed,
current-f0-stage2_segment_roi_outside_fold0,current-f0-e3b-v0-one-frame-original-geometry,E3b,segment,42,0,b85ea0c87d7d49a446b1d3ff5a513a21433654b1d9098b91f83cca4edd220495,52,val,PKU37,pku_0006,pku_0006_f01,frame,p0_layer_dice,0.9281501009555168,ratio,512x512,640x640,1 px (physical spacing unverified),p0,0.5,0.35,spatial valid AND annotation-valid where available,p0-p3-v1,sabids-evaluator-v0-20260828,1.0,1.0,1.0,runs/current/stage2_segment_roi_outside_fold0/validity_v0/frame_metrics.csv,pku_0006_f01;column=p0_layer_dice,observed,
current-f0-stage2_segment_roi_outside_fold0,current-f0-e3b-v0-one-frame-original-geometry,E3b,segment,42,0,b85ea0c87d7d49a446b1d3ff5a513a21433654b1d9098b91f83cca4edd220495,52,val,PKU37,pku_0006,pku_0006_f01,frame,p0_layer_iou,0.8659329088747523,ratio,512x512,640x640,1 px (physical spacing unverified),p0,0.5,0.35,spatial valid AND annotation-valid where available,p0-p3-v1,sabids-evaluator-v0-20260828,1.0,1.0,1.0,runs/current/stage2_segment_roi_outside_fold0/validity_v0/frame_metrics.csv,pku_0006_f01;column=p0_layer_iou,observed,
current-f0-stage2_segment_roi_outside_fold0,current-f0-e3b-v0-one-frame-original-geometry,E3b,segment,42,0,b85ea0c87d7d49a446b1d3ff5a513a21433654b1d9098b91f83cca4edd220495,52,val,PKU37,pku_0006,pku_0006_f01,frame,p0_layer_background_iou,0.9771714953245486,ratio,512x512,640x640,1 px (physical spacing unverified),p0,0.5,0.35,spatial valid AND annotation-valid where available,p0-p3-v1,sabids-evaluator-v0-20260828,1.0,1.0,1.0,runs/current/stage2_segment_roi_outside_fold0/validity_v0/frame_metrics.csv,pku_0006_f01;column=p0_layer_background_iou,observed,
current-f0-stage2_segment_roi_outside_fold0,current-f0-e3b-v0-one-frame-original-geometry,E3b,segment,42,0,b85ea0c87d7d49a446b1d3ff5a513a21433654b1d9098b91f83cca4edd220495,52,val,PKU37,pku_0006,pku_0006_f01,frame,p0_layer_miou,0.9215522020996504,ratio,512x512,640x640,1 px (physical spacing unverified),p0,0.5,0.35,spatial valid AND annotation-valid where available,p0-p3-v1,sabids-evaluator-v0-20260828,1.0,1.0,1.0,runs/current/stage2_segment_roi_outside_fold0/validity_v0/frame_metrics.csv,pku_0006_f01;column=p0_layer_miou,observed,
current-f0-stage2_segment_roi_outside_fold0,current-f0-e3b-v0-one-frame-original-geometry,E3b,segment,42,0,b85ea0c87d7d49a446b1d3ff5a513a21433654b1d9098b91f83cca4edd220495,52,val,PKU37,pku_0006,pku_0006_f01,frame,p0_layer_precision,0.8886975314914278,ratio,512x512,640x640,1 px (physical spacing unverified),p0,0.5,0.35,spatial valid AND annotation-valid where available,p0-p3-v1,sabids-evaluator-v0-20260828,1.0,1.0,1.0,runs/current/stage2_segment_roi_outside_fold0/validity_v0/frame_metrics.csv,pku_0006_f01;column=p0_layer_precision,observed,
current-f0-stage2_segment_roi_outside_fold0,current-f0-e3b-v0-one-frame-original-geometry,E3b,segment,42,0,b85ea0c87d7d49a446b1d3ff5a513a21433654b1d9098b91f83cca4edd220495,52,val,PKU37,pku_0006,pku_0006_f01,frame,p0_layer_recall,0.9712682917832984,ratio,512x512,640x640,1 px (physical spacing unverified),p0,0.5,0.35,spatial valid AND annotation-valid where available,p0-p3-v1,sabids-evaluator-v0-20260828,1.0,1.0,1.0,runs/current/stage2_segment_roi_outside_fold0/validity_v0/frame_metrics.csv,pku_0006_f01;column=p0_layer_recall,observed,
current-f0-stage2_segment_roi_outside_fold0,current-f0-e3b-v0-one-frame-original-geometry,E3b,segment,42,0,b85ea0c87d7d49a446b1d3ff5a513a21433654b1d9098b91f83cca4edd220495,52,val,PKU37,pku_0006,pku_0006_f01,frame,p0_layer_specificity,0.9814523548925844,ratio,512x512,640x640,1 px (physical spacing unverified),p0,0.5,0.35,spatial valid AND annotation-valid where available,p0-p3-v1,sabids-evaluator-v0-20260828,1.0,1.0,1.0,runs/current/stage2_segment_roi_outside_fold0/validity_v0/frame_metrics.csv,pku_0006_f01;column=p0_layer_specificity,observed,
current-f0-stage2_segment_roi_outside_fold0,current-f0-e3b-v0-one-frame-original-geometry,E3b,segment,42,0,b85ea0c87d7d49a446b1d3ff5a513a21433654b1d9098b91f83cca4edd220495,52,val,PKU37,pku_0006,pku_0006_f01,frame,p0_layer_accuracy,0.9801049804687986,ratio,512x512,640x640,1 px (physical spacing unverified),p0,0.5,0.35,spatial valid AND annotation-valid where available,p0-p3-v1,sabids-evaluator-v0-20260828,1.0,1.0,1.0,runs/current/stage2_segment_roi_outside_fold0/validity_v0/frame_metrics.csv,pku_0006_f01;column=p0_layer_accuracy,observed,
current-f0-stage2_segment_roi_outside_fold0,current-f0-e3b-v0-one-frame-original-geometry,E3b,segment,42,0,b85ea0c87d7d49a446b1d3ff5a513a21433654b1d9098b91f83cca4edd220495,52,val,PKU37,pku_0006,pku_0006_f01,frame,p0_upper_boundary_mae,4.5703125,px,512x512,640x640,1 px (physical spacing unverified),p0,0.5,0.35,spatial valid AND annotation-valid where available,p0-p3-v1,sabids-evaluator-v0-20260828,1.0,1.0,1.0,runs/current/stage2_segment_roi_outside_fold0/validity_v0/frame_metrics.csv,pku_0006_f01;column=p0_upper_boundary_mae,observed,
current-f0-stage2_segment_roi_outside_fold0,current-f0-e3b-v0-one-frame-original-geometry,E3b,segment,42,0,b85ea0c87d7d49a446b1d3ff5a513a21433654b1d9098b91f83cca4edd220495,52,val,PKU37,pku_0006,pku_0006_f01,frame,p0_lower_boundary_mae,9.8609375,px,512x512,640x640,1 px (physical spacing unverified),p0,0.5,0.35,spatial valid AND annotation-valid where available,p0-p3-v1,sabids-evaluator-v0-20260828,1.0,1.0,1.0,runs/current/stage2_segment_roi_outside_fold0/validity_v0/frame_metrics.csv,pku_0006_f01;column=p0_lower_boundary_mae,observed,
current-f0-stage2_segment_roi_outside_fold0,current-f0-e3b-v0-one-frame-original-geometry,E3b,segment,42,0,b85ea0c87d7d49a446b1d3ff5a513a21433654b1d9098b91f83cca4edd220495,52,val,PKU37,pku_0006,pku_0006_f01,frame,p0_thickness_mae,13.815625,px,512x512,640x640,1 px (physical spacing unverified),p0,0.5,0.35,spatial valid AND annotation-valid where available,p0-p3-v1,sabids-evaluator-v0-20260828,1.0,1.0,1.0,runs/current/stage2_segment_roi_outside_fold0/validity_v0/frame_metrics.csv,pku_0006_f01;column=p0_thickness_mae,observed,
current-f0-stage2_segment_roi_outside_fold0,current-f0-e3b-v0-one-frame-original-geometry,E3b,segment,42,0,b85ea0c87d7d49a446b1d3ff5a513a21433654b1d9098b91f83cca4edd220495,52,val,PKU37,pku_0006,pku_0006_f01,frame,p1_layer_dice,0.9326583804683358,ratio,512x512,640x640,1 px (physical spacing unverified),p1,0.5,0.35,spatial valid AND annotation-valid where available,p0-p3-v1,sabids-evaluator-v0-20260828,1.0,1.0,1.0,runs/current/stage2_segment_roi_outside_fold0/validity_v0/frame_metrics.csv,pku_0006_f01;column=p1_layer_dice,observed,
current-f0-stage2_segment_roi_outside_fold0,current-f0-e3b-v0-one-frame-original-geometry,E3b,segment,42,0,b85ea0c87d7d49a446b1d3ff5a513a21433654b1d9098b91f83cca4edd220495,52,val,PKU37,pku_0006,pku_0006_f01,frame,p1_layer_iou,0.873814309685303,ratio,512x512,640x640,1 px (physical spacing unverified),p1,0.5,0.35,spatial valid AND annotation-valid where available,p0-p3-v1,sabids-evaluator-v0-20260828,1.0,1.0,1.0,runs/current/stage2_segment_roi_outside_fold0/validity_v0/frame_metrics.csv,pku_0006_f01;column=p1_layer_iou,observed,
current-f0-stage2_segment_roi_outside_fold0,current-f0-e3b-v0-one-frame-original-geometry,E3b,segment,42,0,b85ea0c87d7d49a446b1d3ff5a513a21433654b1d9098b91f83cca4edd220495,52,val,PKU37,pku_0006,pku_0006_f01,frame,p1_layer_background_iou,0.9787226294752122,ratio,512x512,640x640,1 px (physical spacing unverified),p1,0.5,0.35,spatial valid AND annotation-valid where available,p0-p3-v1,sabids-evaluator-v0-20260828,1.0,1.0,1.0,runs/current/stage2_segment_roi_outside_fold0/validity_v0/frame_metrics.csv,pku_0006_f01;column=p1_layer_background_iou,observed,
current-f0-stage2_segment_roi_outside_fold0,current-f0-e3b-v0-one-frame-original-geometry,E3b,segment,42,0,b85ea0c87d7d49a446b1d3ff5a513a21433654b1d9098b91f83cca4edd220495,52,val,PKU37,pku_0006,pku_0006_f01,frame,p1_layer_miou,0.9262684695802575,ratio,512x512,640x640,1 px (physical spacing unverified),p1,0.5,0.35,spatial valid AND annotation-valid where available,p0-p3-v1,sabids-evaluator-v0-20260828,1.0,1.0,1.0,runs/current/stage2_segment_roi_outside_fold0/validity_v0/frame_metrics.csv,pku_0006_f01;column=p1_layer_miou,observed,
current-f0-stage2_segment_roi_outside_fold0,current-f0-e3b-v0-one-frame-original-geometry,E3b,segment,42,0,b85ea0c87d7d49a446b1d3ff5a513a21433654b1d9098b91f83cca4edd220495,52,val,PKU37,pku_0006,pku_0006_f01,frame,p1_layer_precision,0.8975207739707284,ratio,512x512,640x640,1 px (physical spacing unverified),p1,0.5,0.35,spatial valid AND annotation-valid where available,p0-p3-v1,sabids-evaluator-v0-20260828,1.0,1.0,1.0,runs/current/stage2_segment_roi_outside_fold0/validity_v0/frame_metrics.csv,pku_0006_f01;column=p1_layer_precision,observed,
current-f0-stage2_segment_roi_outside_fold0,current-f0-e3b-v0-one-frame-original-geometry,E3b,segment,42,0,b85ea0c87d7d49a446b1d3ff5a513a21433654b1d9098b91f83cca4edd220495,52,val,PKU37,pku_0006,pku_0006_f01,frame,p1_layer_recall,0.9706593345763936,ratio,512x512,640x640,1 px (physical spacing unverified),p1,0.5,0.35,spatial valid AND annotation-valid where available,p0-p3-v1,sabids-evaluator-v0-20260828,1.0,1.0,1.0,runs/current/stage2_segment_roi_outside_fold0/validity_v0/frame_metrics.csv,pku_0006_f01;column=p1_layer_recall,observed,
current-f0-stage2_segment_roi_outside_fold0,current-f0-e3b-v0-one-frame-original-geometry,E3b,segment,42,0,b85ea0c87d7d49a446b1d3ff5a513a21433654b1d9098b91f83cca4edd220495,52,val,PKU37,pku_0006,pku_0006_f01,frame,p1_layer_specificity,0.9831011595092328,ratio,512x512,640x640,1 px (physical spacing unverified),p1,0.5,0.35,spatial valid AND annotation-valid where available,p0-p3-v1,sabids-evaluator-v0-20260828,1.0,1.0,1.0,runs/current/stage2_segment_roi_outside_fold0/validity_v0/frame_metrics.csv,pku_0006_f01;column=p1_layer_specificity,observed,
current-f0-stage2_segment_roi_outside_fold0,current-f0-e3b-v0-one-frame-original-geometry,E3b,segment,42,0,b85ea0c87d7d49a446b1d3ff5a513a21433654b1d9098b91f83cca4edd220495,52,val,PKU37,pku_0006,pku_0006_f01,frame,p1_layer_accuracy,0.9814550781250452,ratio,512x512,640x640,1 px (physical spacing unverified),p1,0.5,0.35,spatial valid AND annotation-valid where available,p0-p3-v1,sabids-evaluator-v0-20260828,1.0,1.0,1.0,runs/current/stage2_segment_roi_outside_fold0/validity_v0/frame_metrics.csv,pku_0006_f01;column=p1_layer_accuracy,observed,
current-f0-stage2_segment_roi_outside_fold0,current-f0-e3b-v0-one-frame-original-geometry,E3b,segment,42,0,b85ea0c87d7d49a446b1d3ff5a513a21433654b1d9098b91f83cca4edd220495,52,val,PKU37,pku_0006,pku_0006_f01,frame,p1_upper_boundary_mae,1.2265625,px,512x512,640x640,1 px (physical spacing unverified),p1,0.5,0.35,spatial valid AND annotation-valid where available,p0-p3-v1,sabids-evaluator-v0-20260828,1.0,1.0,1.0,runs/current/stage2_segment_roi_outside_fold0/validity_v0/frame_metrics.csv,pku_0006_f01;column=p1_upper_boundary_mae,observed,
current-f0-stage2_segment_roi_outside_fold0,current-f0-e3b-v0-one-frame-original-geometry,E3b,segment,42,0,b85ea0c87d7d49a446b1d3ff5a513a21433654b1d9098b91f83cca4edd220495,52,val,PKU37,pku_0006,pku_0006_f01,frame,p1_lower_boundary_mae,9.8609375,px,512x512,640x640,1 px (physical spacing unverified),p1,0.5,0.35,spatial valid AND annotation-valid where available,p0-p3-v1,sabids-evaluator-v0-20260828,1.0,1.0,1.0,runs/current/stage2_segment_roi_outside_fold0/validity_v0/frame_metrics.csv,pku_0006_f01;column=p1_lower_boundary_mae,observed,
current-f0-stage2_segment_roi_outside_fold0,current-f0-e3b-v0-one-frame-original-geometry,E3b,segment,42,0,b85ea0c87d7d49a446b1d3ff5a513a21433654b1d9098b91f83cca4edd220495,52,val,PKU37,pku_0006,pku_0006_f01,frame,p1_thickness_mae,10.35,px,512x512,640x640,1 px (physical spacing unverified),p1,0.5,0.35,spatial valid AND annotation-valid where available,p0-p3-v1,sabids-evaluator-v0-20260828,1.0,1.0,1.0,runs/current/stage2_segment_roi_outside_fold0/validity_v0/frame_metrics.csv,pku_0006_f01;column=p1_thickness_mae,observed,
current-f0-stage2_segment_roi_outside_fold0,current-f0-e3b-v0-one-frame-original-geometry,E3b,segment,42,0,b85ea0c87d7d49a446b1d3ff5a513a21433654b1d9098b91f83cca4edd220495,52,val,PKU37,pku_0006,pku_0006_f01,frame,p2_layer_dice,0.9375876145055448,ratio,512x512,640x640,1 px (physical spacing unverified),p2,0.5,0.35,spatial valid AND annotation-valid where available,p0-p3-v1,sabids-evaluator-v0-20260828,1.0,1.0,1.0,runs/current/stage2_segment_roi_outside_fold0/validity_v0/frame_metrics.csv,pku_0006_f01;column=p2_layer_dice,observed,
current-f0-stage2_segment_roi_outside_fold0,current-f0-e3b-v0-one-frame-original-geometry,E3b,segment,42,0,b85ea0c87d7d49a446b1d3ff5a513a21433654b1d9098b91f83cca4edd220495,52,val,PKU37,pku_0006,pku_0006_f01,frame,p2_layer_iou,0.8825081741401386,ratio,512x512,640x640,1 px (physical spacing unverified),p2,0.5,0.35,spatial valid AND annotation-valid where available,p0-p3-v1,sabids-evaluator-v0-20260828,1.0,1.0,1.0,runs/current/stage2_segment_roi_outside_fold0/validity_v0/frame_metrics.csv,pku_0006_f01;column=p2_layer_iou,observed,
current-f0-stage2_segment_roi_outside_fold0,current-f0-e3b-v0-one-frame-original-geometry,E3b,segment,42,0,b85ea0c87d7d49a446b1d3ff5a513a21433654b1d9098b91f83cca4edd220495,52,val,PKU37,pku_0006,pku_0006_f01,frame,p2_layer_background_iou,0.98013904631516,ratio,512x512,640x640,1 px (physical spacing unverified),p2,0.5,0.35,spatial valid AND annotation-valid where available,p0-p3-v1,sabids-evaluator-v0-20260828,1.0,1.0,1.0,runs/current/stage2_segment_roi_outside_fold0/validity_v0/frame_metrics.csv,pku_0006_f01;column=p2_layer_background_iou,observed,
current-f0-stage2_segment_roi_outside_fold0,current-f0-e3b-v0-one-frame-original-geometry,E3b,segment,42,0,b85ea0c87d7d49a446b1d3ff5a513a21433654b1d9098b91f83cca4edd220495,52,val,PKU37,pku_0006,pku_0006_f01,frame,p2_layer_miou,0.9313236102276492,ratio,512x512,640x640,1 px (physical spacing unverified),p2,0.5,0.35,spatial valid AND annotation-valid where available,p0-p3-v1,sabids-evaluator-v0-20260828,1.0,1.0,1.0,runs/current/stage2_segment_roi_outside_fold0/validity_v0/frame_metrics.csv,pku_0006_f01;column=p2_layer_miou,observed,
current-f0-stage2_segment_roi_outside_fold0,current-f0-e3b-v0-one-frame-original-geometry,E3b,segment,42,0,b85ea0c87d7d49a446b1d3ff5a513a21433654b1d9098b91f83cca4edd220495,52,val,PKU37,pku_0006,pku_0006_f01,frame,p2_layer_precision,0.8976904376030239,ratio,512x512,640x640,1 px (physical spacing unverified),p2,0.5,0.35,spatial valid AND annotation-valid where available,p0-p3-v1,sabids-evaluator-v0-20260828,1.0,1.0,1.0,runs/current/stage2_segment_roi_outside_fold0/validity_v0/frame_metrics.csv,pku_0006_f01;column=p2_layer_precision,observed,
current-f0-stage2_segment_roi_outside_fold0,current-f0-e3b-v0-one-frame-original-geometry,E3b,segment,42,0,b85ea0c87d7d49a446b1d3ff5a513a21433654b1d9098b91f83cca4edd220495,52,val,PKU37,pku_0006,pku_0006_f01,frame,p2_layer_recall,0.9811961395807202,ratio,512x512,640x640,1 px (physical spacing unverified),p2,0.5,0.35,spatial valid AND annotation-valid where available,p0-p3-v1,sabids-evaluator-v0-20260828,1.0,1.0,1.0,runs/current/stage2_segment_roi_outside_fold0/validity_v0/frame_metrics.csv,pku_0006_f01;column=p2_layer_recall,observed,
current-f0-stage2_segment_roi_outside_fold0,current-f0-e3b-v0-one-frame-original-geometry,E3b,segment,42,0,b85ea0c87d7d49a446b1d3ff5a513a21433654b1d9098b91f83cca4edd220495,52,val,PKU37,pku_0006,pku_0006_f01,frame,p2_layer_specificity,0.9829492218824426,ratio,512x512,640x640,1 px (physical spacing unverified),p2,0.5,0.35,spatial valid AND annotation-valid where available,p0-p3-v1,sabids-evaluator-v0-20260828,1.0,1.0,1.0,runs/current/stage2_segment_roi_outside_fold0/validity_v0/frame_metrics.csv,pku_0006_f01;column=p2_layer_specificity,observed,
current-f0-stage2_segment_roi_outside_fold0,current-f0-e3b-v0-one-frame-original-geometry,E3b,segment,42,0,b85ea0c87d7d49a446b1d3ff5a513a21433654b1d9098b91f83cca4edd220495,52,val,PKU37,pku_0006,pku_0006_f01,frame,p2_layer_accuracy,0.9827172851562922,ratio,512x512,640x640,1 px (physical spacing unverified),p2,0.5,0.35,spatial valid AND annotation-valid where available,p0-p3-v1,sabids-evaluator-v0-20260828,1.0,1.0,1.0,runs/current/stage2_segment_roi_outside_fold0/validity_v0/frame_metrics.csv,pku_0006_f01;column=p2_layer_accuracy,observed,
current-f0-stage2_segment_roi_outside_fold0,current-f0-e3b-v0-one-frame-original-geometry,E3b,segment,42,0,b85ea0c87d7d49a446b1d3ff5a513a21433654b1d9098b91f83cca4edd220495,52,val,PKU37,pku_0006,pku_0006_f01,frame,p2_upper_boundary_mae,1.2265625,px,512x512,640x640,1 px (physical spacing unverified),p2,0.5,0.35,spatial valid AND annotation-valid where available,p0-p3-v1,sabids-evaluator-v0-20260828,1.0,1.0,1.0,runs/current/stage2_segment_roi_outside_fold0/validity_v0/frame_metrics.csv,pku_0006_f01;column=p2_upper_boundary_mae,observed,
current-f0-stage2_segment_roi_outside_fold0,current-f0-e3b-v0-one-frame-original-geometry,E3b,segment,42,0,b85ea0c87d7d49a446b1d3ff5a513a21433654b1d9098b91f83cca4edd220495,52,val,PKU37,pku_0006,pku_0006_f01,frame,p2_lower_boundary_mae,9.834375,px,512x512,640x640,1 px (physical spacing unverified),p2,0.5,0.35,spatial valid AND annotation-valid where available,p0-p3-v1,sabids-evaluator-v0-20260828,1.0,1.0,1.0,runs/current/stage2_segment_roi_outside_fold0/validity_v0/frame_metrics.csv,pku_0006_f01;column=p2_lower_boundary_mae,observed,
current-f0-stage2_segment_roi_outside_fold0,current-f0-e3b-v0-one-frame-original-geometry,E3b,segment,42,0,b85ea0c87d7d49a446b1d3ff5a513a21433654b1d9098b91f83cca4edd220495,52,val,PKU37,pku_0006,pku_0006_f01,frame,p2_thickness_mae,10.3359375,px,512x512,640x640,1 px (physical spacing unverified),p2,0.5,0.35,spatial valid AND annotation-valid where available,p0-p3-v1,sabids-evaluator-v0-20260828,1.0,1.0,1.0,runs/current/stage2_segment_roi_outside_fold0/validity_v0/frame_metrics.csv,pku_0006_f01;column=p2_thickness_mae,observed,
current-f0-stage2_segment_roi_outside_fold0,current-f0-e3b-v0-one-frame-original-geometry,E3b,segment,42,0,b85ea0c87d7d49a446b1d3ff5a513a21433654b1d9098b91f83cca4edd220495,52,val,PKU37,pku_0006,pku_0006_f01,frame,p0_vessel_dice,0.6858522094383411,ratio,512x512,640x640,1 px (physical spacing unverified),p0,0.5,0.35,spatial valid AND annotation-valid where available,p0-p3-v1,sabids-evaluator-v0-20260828,1.0,1.0,1.0,runs/current/stage2_segment_roi_outside_fold0/validity_v0/frame_metrics.csv,pku_0006_f01;column=p0_vessel_dice,observed,
current-f0-stage2_segment_roi_outside_fold0,current-f0-e3b-v0-one-frame-original-geometry,E3b,segment,42,0,b85ea0c87d7d49a446b1d3ff5a513a21433654b1d9098b91f83cca4edd220495,52,val,PKU37,pku_0006,pku_0006_f01,frame,p0_vessel_iou,0.5218988414956548,ratio,512x512,640x640,1 px (physical spacing unverified),p0,0.5,0.35,spatial valid AND annotation-valid where available,p0-p3-v1,sabids-evaluator-v0-20260828,1.0,1.0,1.0,runs/current/stage2_segment_roi_outside_fold0/validity_v0/frame_metrics.csv,pku_0006_f01;column=p0_vessel_iou,observed,
current-f0-stage2_segment_roi_outside_fold0,current-f0-e3b-v0-one-frame-original-geometry,E3b,segment,42,0,b85ea0c87d7d49a446b1d3ff5a513a21433654b1d9098b91f83cca4edd220495,52,val,PKU37,pku_0006,pku_0006_f01,frame,p0_vessel_background_iou,0.9612496405643046,ratio,512x512,640x640,1 px (physical spacing unverified),p0,0.5,0.35,spatial valid AND annotation-valid where available,p0-p3-v1,sabids-evaluator-v0-20260828,1.0,1.0,1.0,runs/current/stage2_segment_roi_outside_fold0/validity_v0/frame_metrics.csv,pku_0006_f01;column=p0_vessel_background_iou,observed,
current-f0-stage2_segment_roi_outside_fold0,current-f0-e3b-v0-one-frame-original-geometry,E3b,segment,42,0,b85ea0c87d7d49a446b1d3ff5a513a21433654b1d9098b91f83cca4edd220495,52,val,PKU37,pku_0006,pku_0006_f01,frame,p0_vessel_miou,0.7415742410299797,ratio,512x512,640x640,1 px (physical spacing unverified),p0,0.5,0.35,spatial valid AND annotation-valid where available,p0-p3-v1,sabids-evaluator-v0-20260828,1.0,1.0,1.0,runs/current/stage2_segment_roi_outside_fold0/validity_v0/frame_metrics.csv,pku_0006_f01;column=p0_vessel_miou,observed,
current-f0-stage2_segment_roi_outside_fold0,current-f0-e3b-v0-one-frame-original-geometry,E3b,segment,42,0,b85ea0c87d7d49a446b1d3ff5a513a21433654b1d9098b91f83cca4edd220495,52,val,PKU37,pku_0006,pku_0006_f01,frame,p0_vessel_precision,0.5972406855316624,ratio,512x512,640x640,1 px (physical spacing unverified),p0,0.5,0.35,spatial valid AND annotation-valid where available,p0-p3-v1,sabids-evaluator-v0-20260828,1.0,1.0,1.0,runs/current/stage2_segment_roi_outside_fold0/validity_v0/frame_metrics.csv,pku_0006_f01;column=p0_vessel_precision,observed,
current-f0-stage2_segment_roi_outside_fold0,current-f0-e3b-v0-one-frame-original-geometry,E3b,segment,42,0,b85ea0c87d7d49a446b1d3ff5a513a21433654b1d9098b91f83cca4edd220495,52,val,PKU37,pku_0006,pku_0006_f01,frame,p0_vessel_recall,0.8053388886291682,ratio,512x512,640x640,1 px (physical spacing unverified),p0,0.5,0.35,spatial valid AND annotation-valid where available,p0-p3-v1,sabids-evaluator-v0-20260828,1.0,1.0,1.0,runs/current/stage2_segment_roi_outside_fold0/validity_v0/frame_metrics.csv,pku_0006_f01;column=p0_vessel_recall,observed,
current-f0-stage2_segment_roi_outside_fold0,current-f0-e3b-v0-one-frame-original-geometry,E3b,segment,42,0,b85ea0c87d7d49a446b1d3ff5a513a21433654b1d9098b91f83cca4edd220495,52,val,PKU37,pku_0006,pku_0006_f01,frame,p0_vessel_specificity,0.971179481642098,ratio,512x512,640x640,1 px (physical spacing unverified),p0,0.5,0.35,spatial valid AND annotation-valid where available,p0-p3-v1,sabids-evaluator-v0-20260828,1.0,1.0,1.0,runs/current/stage2_segment_roi_outside_fold0/validity_v0/frame_metrics.csv,pku_0006_f01;column=p0_vessel_specificity,observed,
current-f0-stage2_segment_roi_outside_fold0,current-f0-e3b-v0-one-frame-original-geometry,E3b,segment,42,0,b85ea0c87d7d49a446b1d3ff5a513a21433654b1d9098b91f83cca4edd220495,52,val,PKU37,pku_0006,pku_0006_f01,frame,p0_vessel_accuracy,0.9628222656250908,ratio,512x512,640x640,1 px (physical spacing unverified),p0,0.5,0.35,spatial valid AND annotation-valid where available,p0-p3-v1,sabids-evaluator-v0-20260828,1.0,1.0,1.0,runs/current/stage2_segment_roi_outside_fold0/validity_v0/frame_metrics.csv,pku_0006_f01;column=p0_vessel_accuracy,observed,
current-f0-stage2_segment_roi_outside_fold0,current-f0-e3b-v0-one-frame-original-geometry,E3b,segment,42,0,b85ea0c87d7d49a446b1d3ff5a513a21433654b1d9098b91f83cca4edd220495,52,val,PKU37,pku_0006,pku_0006_f01,frame,p3_raw_pixels,27833.0,px,512x512,640x640,1 px (physical spacing unverified),p3,0.5,0.35,spatial valid AND annotation-valid where available,p0-p3-v1,sabids-evaluator-v0-20260828,1.0,1.0,1.0,runs/current/stage2_segment_roi_outside_fold0/validity_v0/frame_metrics.csv,pku_0006_f01;column=p3_raw_pixels,observed,
current-f0-stage2_segment_roi_outside_fold0,current-f0-e3b-v0-one-frame-original-geometry,E3b,segment,42,0,b85ea0c87d7d49a446b1d3ff5a513a21433654b1d9098b91f83cca4edd220495,52,val,PKU37,pku_0006,pku_0006_f01,frame,p3_final_pixels,27216.0,px,512x512,640x640,1 px (physical spacing unverified),p3,0.5,0.35,spatial valid AND annotation-valid where available,p0-p3-v1,sabids-evaluator-v0-20260828,1.0,1.0,1.0,runs/current/stage2_segment_roi_outside_fold0/validity_v0/frame_metrics.csv,pku_0006_f01;column=p3_final_pixels,observed,
current-f0-stage2_segment_roi_outside_fold0,current-f0-e3b-v0-one-frame-original-geometry,E3b,segment,42,0,b85ea0c87d7d49a446b1d3ff5a513a21433654b1d9098b91f83cca4edd220495,52,val,PKU37,pku_0006,pku_0006_f01,frame,p3_removed_pixels,617.0,px,512x512,640x640,1 px (physical spacing unverified),p3,0.5,0.35,spatial valid AND annotation-valid where available,p0-p3-v1,sabids-evaluator-v0-20260828,1.0,1.0,1.0,runs/current/stage2_segment_roi_outside_fold0/validity_v0/frame_metrics.csv,pku_0006_f01;column=p3_removed_pixels,observed,
current-f0-stage2_segment_roi_outside_fold0,current-f0-e3b-v0-one-frame-original-geometry,E3b,segment,42,0,b85ea0c87d7d49a446b1d3ff5a513a21433654b1d9098b91f83cca4edd220495,52,val,PKU37,pku_0006,pku_0006_f01,frame,p3_removed_fraction,0.0221679301548521,ratio,512x512,640x640,1 px (physical spacing unverified),p3,0.5,0.35,spatial valid AND annotation-valid where available,p0-p3-v1,sabids-evaluator-v0-20260828,1.0,1.0,1.0,runs/current/stage2_segment_roi_outside_fold0/validity_v0/frame_metrics.csv,pku_0006_f01;column=p3_removed_fraction,observed,
current-f0-stage2_segment_roi_outside_fold0,current-f0-e3b-v0-one-frame-original-geometry,E3b,segment,42,0,b85ea0c87d7d49a446b1d3ff5a513a21433654b1d9098b91f83cca4edd220495,52,val,PKU37,pku_0006,pku_0006_f01,frame,p3_empty_raw,0.0,ratio,512x512,640x640,1 px (physical spacing unverified),p3,0.5,0.35,spatial valid AND annotation-valid where available,p0-p3-v1,sabids-evaluator-v0-20260828,1.0,1.0,1.0,runs/current/stage2_segment_roi_outside_fold0/validity_v0/frame_metrics.csv,pku_0006_f01;column=p3_empty_raw,observed,
current-f0-stage2_segment_roi_outside_fold0,current-f0-e3b-v0-one-frame-original-geometry,E3b,segment,42,0,b85ea0c87d7d49a446b1d3ff5a513a21433654b1d9098b91f83cca4edd220495,52,val,PKU37,pku_0006,pku_0006_f01,frame,p3_empty_final,0.0,ratio,512x512,640x640,1 px (physical spacing unverified),p3,0.5,0.35,spatial valid AND annotation-valid where available,p0-p3-v1,sabids-evaluator-v0-20260828,1.0,1.0,1.0,runs/current/stage2_segment_roi_outside_fold0/validity_v0/frame_metrics.csv,pku_0006_f01;column=p3_empty_final,observed,
current-f0-stage2_segment_roi_outside_fold0,current-f0-e3b-v0-one-frame-original-geometry,E3b,segment,42,0,b85ea0c87d7d49a446b1d3ff5a513a21433654b1d9098b91f83cca4edd220495,52,val,PKU37,pku_0006,pku_0006_f01,frame,p3_outside_final_layer_pixels,0.0,px,512x512,640x640,1 px (physical spacing unverified),p3,0.5,0.35,spatial valid AND annotation-valid where available,p0-p3-v1,sabids-evaluator-v0-20260828,1.0,1.0,1.0,runs/current/stage2_segment_roi_outside_fold0/validity_v0/frame_metrics.csv,pku_0006_f01;column=p3_outside_final_layer_pixels,observed,
current-f0-stage2_segment_roi_outside_fold0,current-f0-e3b-v0-one-frame-original-geometry,E3b,segment,42,0,b85ea0c87d7d49a446b1d3ff5a513a21433654b1d9098b91f83cca4edd220495,52,val,PKU37,pku_0006,pku_0006_f01,frame,p3_removed_tp,82.0,ratio,512x512,640x640,1 px (physical spacing unverified),p3,0.5,0.35,spatial valid AND annotation-valid where available,p0-p3-v1,sabids-evaluator-v0-20260828,1.0,1.0,1.0,runs/current/stage2_segment_roi_outside_fold0/validity_v0/frame_metrics.csv,pku_0006_f01;column=p3_removed_tp,observed,
current-f0-stage2_segment_roi_outside_fold0,current-f0-e3b-v0-one-frame-original-geometry,E3b,segment,42,0,b85ea0c87d7d49a446b1d3ff5a513a21433654b1d9098b91f83cca4edd220495,52,val,PKU37,pku_0006,pku_0006_f01,frame,p3_removed_fp,535.0,ratio,512x512,640x640,1 px (physical spacing unverified),p3,0.5,0.35,spatial valid AND annotation-valid where available,p0-p3-v1,sabids-evaluator-v0-20260828,1.0,1.0,1.0,runs/current/stage2_segment_roi_outside_fold0/validity_v0/frame_metrics.csv,pku_0006_f01;column=p3_removed_fp,observed,
current-f0-stage2_segment_roi_outside_fold0,current-f0-e3b-v0-one-frame-original-geometry,E3b,segment,42,0,b85ea0c87d7d49a446b1d3ff5a513a21433654b1d9098b91f83cca4edd220495,52,val,PKU37,pku_0006,pku_0006_f01,frame,p3_vessel_dice,0.6912677351340187,ratio,512x512,640x640,1 px (physical spacing unverified),p3,0.5,0.35,spatial valid AND annotation-valid where available,p0-p3-v1,sabids-evaluator-v0-20260828,1.0,1.0,1.0,runs/current/stage2_segment_roi_outside_fold0/validity_v0/frame_metrics.csv,pku_0006_f01;column=p3_vessel_dice,observed,
current-f0-stage2_segment_roi_outside_fold0,current-f0-e3b-v0-one-frame-original-geometry,E3b,segment,42,0,b85ea0c87d7d49a446b1d3ff5a513a21433654b1d9098b91f83cca4edd220495,52,val,PKU37,pku_0006,pku_0006_f01,frame,p3_vessel_iou,0.5281964491145678,ratio,512x512,640x640,1 px (physical spacing unverified),p3,0.5,0.35,spatial valid AND annotation-valid where available,p0-p3-v1,sabids-evaluator-v0-20260828,1.0,1.0,1.0,runs/current/stage2_segment_roi_outside_fold0/validity_v0/frame_metrics.csv,pku_0006_f01;column=p3_vessel_iou,observed,
current-f0-stage2_segment_roi_outside_fold0,current-f0-e3b-v0-one-frame-original-geometry,E3b,segment,42,0,b85ea0c87d7d49a446b1d3ff5a513a21433654b1d9098b91f83cca4edd220495,52,val,PKU37,pku_0006,pku_0006_f01,frame,p3_vessel_background_iou,0.9624102234016716,ratio,512x512,640x640,1 px (physical spacing unverified),p3,0.5,0.35,spatial valid AND annotation-valid where available,p0-p3-v1,sabids-evaluator-v0-20260828,1.0,1.0,1.0,runs/current/stage2_segment_roi_outside_fold0/validity_v0/frame_metrics.csv,pku_0006_f01;column=p3_vessel_background_iou,observed,
current-f0-stage2_segment_roi_outside_fold0,current-f0-e3b-v0-one-frame-original-geometry,E3b,segment,42,0,b85ea0c87d7d49a446b1d3ff5a513a21433654b1d9098b91f83cca4edd220495,52,val,PKU37,pku_0006,pku_0006_f01,frame,p3_vessel_miou,0.7453033362581196,ratio,512x512,640x640,1 px (physical spacing unverified),p3,0.5,0.35,spatial valid AND annotation-valid where available,p0-p3-v1,sabids-evaluator-v0-20260828,1.0,1.0,1.0,runs/current/stage2_segment_roi_outside_fold0/validity_v0/frame_metrics.csv,pku_0006_f01;column=p3_vessel_miou,observed,
current-f0-stage2_segment_roi_outside_fold0,current-f0-e3b-v0-one-frame-original-geometry,E3b,segment,42,0,b85ea0c87d7d49a446b1d3ff5a513a21433654b1d9098b91f83cca4edd220495,52,val,PKU37,pku_0006,pku_0006_f01,frame,p3_vessel_precision,0.607767489726346,ratio,512x512,640x640,1 px (physical spacing unverified),p3,0.5,0.35,spatial valid AND annotation-valid where available,p0-p3-v1,sabids-evaluator-v0-20260828,1.0,1.0,1.0,runs/current/stage2_segment_roi_outside_fold0/validity_v0/frame_metrics.csv,pku_0006_f01;column=p3_vessel_precision,observed,
current-f0-stage2_segment_roi_outside_fold0,current-f0-e3b-v0-one-frame-original-geometry,E3b,segment,42,0,b85ea0c87d7d49a446b1d3ff5a513a21433654b1d9098b91f83cca4edd220495,52,val,PKU37,pku_0006,pku_0006_f01,frame,p3_vessel_recall,0.8013662128869063,ratio,512x512,640x640,1 px (physical spacing unverified),p3,0.5,0.35,spatial valid AND annotation-valid where available,p0-p3-v1,sabids-evaluator-v0-20260828,1.0,1.0,1.0,runs/current/stage2_segment_roi_outside_fold0/validity_v0/frame_metrics.csv,pku_0006_f01;column=p3_vessel_recall,observed,
current-f0-stage2_segment_roi_outside_fold0,current-f0-e3b-v0-one-frame-original-geometry,E3b,segment,42,0,b85ea0c87d7d49a446b1d3ff5a513a21433654b1d9098b91f83cca4edd220495,52,val,PKU37,pku_0006,pku_0006_f01,frame,p3_vessel_specificity,0.9725549479508828,ratio,512x512,640x640,1 px (physical spacing unverified),p3,0.5,0.35,spatial valid AND annotation-valid where available,p0-p3-v1,sabids-evaluator-v0-20260828,1.0,1.0,1.0,runs/current/stage2_segment_roi_outside_fold0/validity_v0/frame_metrics.csv,pku_0006_f01;column=p3_vessel_specificity,observed,
current-f0-stage2_segment_roi_outside_fold0,current-f0-e3b-v0-one-frame-original-geometry,E3b,segment,42,0,b85ea0c87d7d49a446b1d3ff5a513a21433654b1d9098b91f83cca4edd220495,52,val,PKU37,pku_0006,pku_0006_f01,frame,p3_vessel_accuracy,0.963928222656338,ratio,512x512,640x640,1 px (physical spacing unverified),p3,0.5,0.35,spatial valid AND annotation-valid where available,p0-p3-v1,sabids-evaluator-v0-20260828,1.0,1.0,1.0,runs/current/stage2_segment_roi_outside_fold0/validity_v0/frame_metrics.csv,pku_0006_f01;column=p3_vessel_accuracy,observed,
current-f0-stage2_segment_roi_outside_fold0,current-f0-e3b-v0-one-frame-original-geometry,E3b,segment,42,0,b85ea0c87d7d49a446b1d3ff5a513a21433654b1d9098b91f83cca4edd220495,52,val,PKU37,pku_0012,pku_0012_f01,frame,original_height,640.0,ratio,512x512,640x640,1 px (physical spacing unverified),raw,0.5,0.35,spatial valid AND annotation-valid where available,none,sabids-evaluator-v0-20260828,1.0,1.0,1.0,runs/current/stage2_segment_roi_outside_fold0/validity_v0/frame_metrics.csv,pku_0012_f01;column=original_height,observed,
current-f0-stage2_segment_roi_outside_fold0,current-f0-e3b-v0-one-frame-original-geometry,E3b,segment,42,0,b85ea0c87d7d49a446b1d3ff5a513a21433654b1d9098b91f83cca4edd220495,52,val,PKU37,pku_0012,pku_0012_f01,frame,original_width,640.0,ratio,512x512,640x640,1 px (physical spacing unverified),raw,0.5,0.35,spatial valid AND annotation-valid where available,none,sabids-evaluator-v0-20260828,1.0,1.0,1.0,runs/current/stage2_segment_roi_outside_fold0/validity_v0/frame_metrics.csv,pku_0012_f01;column=original_width,observed,
current-f0-stage2_segment_roi_outside_fold0,current-f0-e3b-v0-one-frame-original-geometry,E3b,segment,42,0,b85ea0c87d7d49a446b1d3ff5a513a21433654b1d9098b91f83cca4edd220495,52,val,PKU37,pku_0012,pku_0012_f01,frame,model_input_height,512.0,ratio,512x512,640x640,1 px (physical spacing unverified),raw,0.5,0.35,spatial valid AND annotation-valid where available,none,sabids-evaluator-v0-20260828,1.0,1.0,1.0,runs/current/stage2_segment_roi_outside_fold0/validity_v0/frame_metrics.csv,pku_0012_f01;column=model_input_height,observed,
current-f0-stage2_segment_roi_outside_fold0,current-f0-e3b-v0-one-frame-original-geometry,E3b,segment,42,0,b85ea0c87d7d49a446b1d3ff5a513a21433654b1d9098b91f83cca4edd220495,52,val,PKU37,pku_0012,pku_0012_f01,frame,model_input_width,512.0,ratio,512x512,640x640,1 px (physical spacing unverified),raw,0.5,0.35,spatial valid AND annotation-valid where available,none,sabids-evaluator-v0-20260828,1.0,1.0,1.0,runs/current/stage2_segment_roi_outside_fold0/validity_v0/frame_metrics.csv,pku_0012_f01;column=model_input_width,observed,
current-f0-stage2_segment_roi_outside_fold0,current-f0-e3b-v0-one-frame-original-geometry,E3b,segment,42,0,b85ea0c87d7d49a446b1d3ff5a513a21433654b1d9098b91f83cca4edd220495,52,val,PKU37,pku_0012,pku_0012_f01,frame,manifest_group_frames,50.0,ratio,512x512,640x640,1 px (physical spacing unverified),raw,0.5,0.35,spatial valid AND annotation-valid where available,none,sabids-evaluator-v0-20260828,1.0,1.0,1.0,runs/current/stage2_segment_roi_outside_fold0/validity_v0/frame_metrics.csv,pku_0012_f01;column=manifest_group_frames,observed,
current-f0-stage2_segment_roi_outside_fold0,current-f0-e3b-v0-one-frame-original-geometry,E3b,segment,42,0,b85ea0c87d7d49a446b1d3ff5a513a21433654b1d9098b91f83cca4edd220495,52,val,PKU37,pku_0012,pku_0012_f01,frame,evaluation_height,640.0,ratio,512x512,640x640,1 px (physical spacing unverified),raw,0.5,0.35,spatial valid AND annotation-valid where available,none,sabids-evaluator-v0-20260828,1.0,1.0,1.0,runs/current/stage2_segment_roi_outside_fold0/validity_v0/frame_metrics.csv,pku_0012_f01;column=evaluation_height,observed,
current-f0-stage2_segment_roi_outside_fold0,current-f0-e3b-v0-one-frame-original-geometry,E3b,segment,42,0,b85ea0c87d7d49a446b1d3ff5a513a21433654b1d9098b91f83cca4edd220495,52,val,PKU37,pku_0012,pku_0012_f01,frame,evaluation_width,640.0,ratio,512x512,640x640,1 px (physical spacing unverified),raw,0.5,0.35,spatial valid AND annotation-valid where available,none,sabids-evaluator-v0-20260828,1.0,1.0,1.0,runs/current/stage2_segment_roi_outside_fold0/validity_v0/frame_metrics.csv,pku_0012_f01;column=evaluation_width,observed,
current-f0-stage2_segment_roi_outside_fold0,current-f0-e3b-v0-one-frame-original-geometry,E3b,segment,42,0,b85ea0c87d7d49a446b1d3ff5a513a21433654b1d9098b91f83cca4edd220495,52,val,PKU37,pku_0012,pku_0012_f01,frame,pred_layer_vessel_dice,0.6661845175597864,ratio,512x512,640x640,1 px (physical spacing unverified),raw,0.5,0.35,spatial valid AND annotation-valid where available,none,sabids-evaluator-v0-20260828,1.0,1.0,1.0,runs/current/stage2_segment_roi_outside_fold0/validity_v0/frame_metrics.csv,pku_0012_f01;column=pred_layer_vessel_dice,observed,
current-f0-stage2_segment_roi_outside_fold0,current-f0-e3b-v0-one-frame-original-geometry,E3b,segment,42,0,b85ea0c87d7d49a446b1d3ff5a513a21433654b1d9098b91f83cca4edd220495,52,val,PKU37,pku_0012,pku_0012_f01,frame,pred_vessel_fraction_of_layer,0.5232022291287107,ratio,512x512,640x640,1 px (physical spacing unverified),raw,0.5,0.35,spatial valid AND annotation-valid where available,none,sabids-evaluator-v0-20260828,1.0,1.0,1.0,runs/current/stage2_segment_roi_outside_fold0/validity_v0/frame_metrics.csv,pku_0012_f01;column=pred_vessel_fraction_of_layer,observed,
current-f0-stage2_segment_roi_outside_fold0,current-f0-e3b-v0-one-frame-original-geometry,E3b,segment,42,0,b85ea0c87d7d49a446b1d3ff5a513a21433654b1d9098b91f83cca4edd220495,52,val,PKU37,pku_0012,pku_0012_f01,frame,pred_vessel_outside_layer_fraction,0.083295778879375,ratio,512x512,640x640,1 px (physical spacing unverified),raw,0.5,0.35,spatial valid AND annotation-valid where available,none,sabids-evaluator-v0-20260828,1.0,1.0,1.0,runs/current/stage2_segment_roi_outside_fold0/validity_v0/frame_metrics.csv,pku_0012_f01;column=pred_vessel_outside_layer_fraction,observed,
current-f0-stage2_segment_roi_outside_fold0,current-f0-e3b-v0-one-frame-original-geometry,E3b,segment,42,0,b85ea0c87d7d49a446b1d3ff5a513a21433654b1d9098b91f83cca4edd220495,52,val,PKU37,pku_0012,pku_0012_f01,frame,psnr,34.54404650347448,dB,512x512,640x640,1 px (physical spacing unverified),raw,0.5,0.35,spatial valid AND annotation-valid where available,none,sabids-evaluator-v0-20260828,1.0,1.0,1.0,runs/current/stage2_segment_roi_outside_fold0/validity_v0/frame_metrics.csv,pku_0012_f01;column=psnr,observed,
current-f0-stage2_segment_roi_outside_fold0,current-f0-e3b-v0-one-frame-original-geometry,E3b,segment,42,0,b85ea0c87d7d49a446b1d3ff5a513a21433654b1d9098b91f83cca4edd220495,52,val,PKU37,pku_0012,pku_0012_f01,frame,psnr_noisy,25.61258123559796,dB,512x512,640x640,1 px (physical spacing unverified),raw,0.5,0.35,spatial valid AND annotation-valid where available,none,sabids-evaluator-v0-20260828,1.0,1.0,1.0,runs/current/stage2_segment_roi_outside_fold0/validity_v0/frame_metrics.csv,pku_0012_f01;column=psnr_noisy,observed,
current-f0-stage2_segment_roi_outside_fold0,current-f0-e3b-v0-one-frame-original-geometry,E3b,segment,42,0,b85ea0c87d7d49a446b1d3ff5a513a21433654b1d9098b91f83cca4edd220495,52,val,PKU37,pku_0012,pku_0012_f01,frame,psnr_gain_db,8.931465267876515,dB,512x512,640x640,1 px (physical spacing unverified),raw,0.5,0.35,spatial valid AND annotation-valid where available,none,sabids-evaluator-v0-20260828,1.0,1.0,1.0,runs/current/stage2_segment_roi_outside_fold0/validity_v0/frame_metrics.csv,pku_0012_f01;column=psnr_gain_db,observed,
current-f0-stage2_segment_roi_outside_fold0,current-f0-e3b-v0-one-frame-original-geometry,E3b,segment,42,0,b85ea0c87d7d49a446b1d3ff5a513a21433654b1d9098b91f83cca4edd220495,52,val,PKU37,pku_0012,pku_0012_f01,frame,ssim,0.9055838898981182,ratio,512x512,640x640,1 px (physical spacing unverified),raw,0.5,0.35,spatial valid AND annotation-valid where available,none,sabids-evaluator-v0-20260828,1.0,1.0,1.0,runs/current/stage2_segment_roi_outside_fold0/validity_v0/frame_metrics.csv,pku_0012_f01;column=ssim,observed,
current-f0-stage2_segment_roi_outside_fold0,current-f0-e3b-v0-one-frame-original-geometry,E3b,segment,42,0,b85ea0c87d7d49a446b1d3ff5a513a21433654b1d9098b91f83cca4edd220495,52,val,PKU37,pku_0012,pku_0012_f01,frame,ssim_noisy,0.3715191169691095,ratio,512x512,640x640,1 px (physical spacing unverified),raw,0.5,0.35,spatial valid AND annotation-valid where available,none,sabids-evaluator-v0-20260828,1.0,1.0,1.0,runs/current/stage2_segment_roi_outside_fold0/validity_v0/frame_metrics.csv,pku_0012_f01;column=ssim_noisy,observed,
current-f0-stage2_segment_roi_outside_fold0,current-f0-e3b-v0-one-frame-original-geometry,E3b,segment,42,0,b85ea0c87d7d49a446b1d3ff5a513a21433654b1d9098b91f83cca4edd220495,52,val,PKU37,pku_0012,pku_0012_f01,frame,ssim_gain,0.5340647729290087,ratio,512x512,640x640,1 px (physical spacing unverified),raw,0.5,0.35,spatial valid AND annotation-valid where available,none,sabids-evaluator-v0-20260828,1.0,1.0,1.0,runs/current/stage2_segment_roi_outside_fold0/validity_v0/frame_metrics.csv,pku_0012_f01;column=ssim_gain,observed,
current-f0-stage2_segment_roi_outside_fold0,current-f0-e3b-v0-one-frame-original-geometry,E3b,segment,42,0,b85ea0c87d7d49a446b1d3ff5a513a21433654b1d9098b91f83cca4edd220495,52,val,PKU37,pku_0012,pku_0012_f01,frame,rmse,0.0187412112387636,ratio,512x512,640x640,1 px (physical spacing unverified),raw,0.5,0.35,spatial valid AND annotation-valid where available,none,sabids-evaluator-v0-20260828,1.0,1.0,1.0,runs/current/stage2_segment_roi_outside_fold0/validity_v0/frame_metrics.csv,pku_0012_f01;column=rmse,observed,
current-f0-stage2_segment_roi_outside_fold0,current-f0-e3b-v0-one-frame-original-geometry,E3b,segment,42,0,b85ea0c87d7d49a446b1d3ff5a513a21433654b1d9098b91f83cca4edd220495,52,val,PKU37,pku_0012,pku_0012_f01,frame,rmse_noisy,0.0524047851351695,ratio,512x512,640x640,1 px (physical spacing unverified),raw,0.5,0.35,spatial valid AND annotation-valid where available,none,sabids-evaluator-v0-20260828,1.0,1.0,1.0,runs/current/stage2_segment_roi_outside_fold0/validity_v0/frame_metrics.csv,pku_0012_f01;column=rmse_noisy,observed,
current-f0-stage2_segment_roi_outside_fold0,current-f0-e3b-v0-one-frame-original-geometry,E3b,segment,42,0,b85ea0c87d7d49a446b1d3ff5a513a21433654b1d9098b91f83cca4edd220495,52,val,PKU37,pku_0012,pku_0012_f01,frame,rmse_reduction,0.0336635738964059,ratio,512x512,640x640,1 px (physical spacing unverified),raw,0.5,0.35,spatial valid AND annotation-valid where available,none,sabids-evaluator-v0-20260828,1.0,1.0,1.0,runs/current/stage2_segment_roi_outside_fold0/validity_v0/frame_metrics.csv,pku_0012_f01;column=rmse_reduction,observed,
current-f0-stage2_segment_roi_outside_fold0,current-f0-e3b-v0-one-frame-original-geometry,E3b,segment,42,0,b85ea0c87d7d49a446b1d3ff5a513a21433654b1d9098b91f83cca4edd220495,52,val,PKU37,pku_0012,pku_0012_f01,frame,epi,0.7249736103356066,ratio,512x512,640x640,1 px (physical spacing unverified),raw,0.5,0.35,spatial valid AND annotation-valid where available,none,sabids-evaluator-v0-20260828,1.0,1.0,1.0,runs/current/stage2_segment_roi_outside_fold0/validity_v0/frame_metrics.csv,pku_0012_f01;column=epi,observed,
current-f0-stage2_segment_roi_outside_fold0,current-f0-e3b-v0-one-frame-original-geometry,E3b,segment,42,0,b85ea0c87d7d49a446b1d3ff5a513a21433654b1d9098b91f83cca4edd220495,52,val,PKU37,pku_0012,pku_0012_f01,frame,epi_noisy,0.245733943256135,ratio,512x512,640x640,1 px (physical spacing unverified),raw,0.5,0.35,spatial valid AND annotation-valid where available,none,sabids-evaluator-v0-20260828,1.0,1.0,1.0,runs/current/stage2_segment_roi_outside_fold0/validity_v0/frame_metrics.csv,pku_0012_f01;column=epi_noisy,observed,
current-f0-stage2_segment_roi_outside_fold0,current-f0-e3b-v0-one-frame-original-geometry,E3b,segment,42,0,b85ea0c87d7d49a446b1d3ff5a513a21433654b1d9098b91f83cca4edd220495,52,val,PKU37,pku_0012,pku_0012_f01,frame,epi_gain,0.4792396670794716,ratio,512x512,640x640,1 px (physical spacing unverified),raw,0.5,0.35,spatial valid AND annotation-valid where available,none,sabids-evaluator-v0-20260828,1.0,1.0,1.0,runs/current/stage2_segment_roi_outside_fold0/validity_v0/frame_metrics.csv,pku_0012_f01;column=epi_gain,observed,
current-f0-stage2_segment_roi_outside_fold0,current-f0-e3b-v0-one-frame-original-geometry,E3b,segment,42,0,b85ea0c87d7d49a446b1d3ff5a513a21433654b1d9098b91f83cca4edd220495,52,val,PKU37,pku_0012,pku_0012_f01,frame,snr_noisy_db,13.46336410315862,dB,512x512,640x640,1 px (physical spacing unverified),raw,0.5,0.35,spatial valid AND annotation-valid where available,none,sabids-evaluator-v0-20260828,1.0,1.0,1.0,runs/current/stage2_segment_roi_outside_fold0/validity_v0/frame_metrics.csv,pku_0012_f01;column=snr_noisy_db,observed,
current-f0-stage2_segment_roi_outside_fold0,current-f0-e3b-v0-one-frame-original-geometry,E3b,segment,42,0,b85ea0c87d7d49a446b1d3ff5a513a21433654b1d9098b91f83cca4edd220495,52,val,PKU37,pku_0012,pku_0012_f01,frame,snr_denoised_db,22.394829881044966,dB,512x512,640x640,1 px (physical spacing unverified),raw,0.5,0.35,spatial valid AND annotation-valid where available,none,sabids-evaluator-v0-20260828,1.0,1.0,1.0,runs/current/stage2_segment_roi_outside_fold0/validity_v0/frame_metrics.csv,pku_0012_f01;column=snr_denoised_db,observed,
current-f0-stage2_segment_roi_outside_fold0,current-f0-e3b-v0-one-frame-original-geometry,E3b,segment,42,0,b85ea0c87d7d49a446b1d3ff5a513a21433654b1d9098b91f83cca4edd220495,52,val,PKU37,pku_0012,pku_0012_f01,frame,snr_gain_db,8.931465777886347,dB,512x512,640x640,1 px (physical spacing unverified),raw,0.5,0.35,spatial valid AND annotation-valid where available,none,sabids-evaluator-v0-20260828,1.0,1.0,1.0,runs/current/stage2_segment_roi_outside_fold0/validity_v0/frame_metrics.csv,pku_0012_f01;column=snr_gain_db,observed,
current-f0-stage2_segment_roi_outside_fold0,current-f0-e3b-v0-one-frame-original-geometry,E3b,segment,42,0,b85ea0c87d7d49a446b1d3ff5a513a21433654b1d9098b91f83cca4edd220495,52,val,PKU37,pku_0012,pku_0012_f01,frame,cnr_noisy_auto,1.8484427401015944,ratio,512x512,640x640,1 px (physical spacing unverified),raw,0.5,0.35,spatial valid AND annotation-valid where available,none,sabids-evaluator-v0-20260828,1.0,1.0,1.0,runs/current/stage2_segment_roi_outside_fold0/validity_v0/frame_metrics.csv,pku_0012_f01;column=cnr_noisy_auto,observed,
current-f0-stage2_segment_roi_outside_fold0,current-f0-e3b-v0-one-frame-original-geometry,E3b,segment,42,0,b85ea0c87d7d49a446b1d3ff5a513a21433654b1d9098b91f83cca4edd220495,52,val,PKU37,pku_0012,pku_0012_f01,frame,cnr_denoised_auto,2.345805140897072,ratio,512x512,640x640,1 px (physical spacing unverified),raw,0.5,0.35,spatial valid AND annotation-valid where available,none,sabids-evaluator-v0-20260828,1.0,1.0,1.0,runs/current/stage2_segment_roi_outside_fold0/validity_v0/frame_metrics.csv,pku_0012_f01;column=cnr_denoised_auto,observed,
current-f0-stage2_segment_roi_outside_fold0,current-f0-e3b-v0-one-frame-original-geometry,E3b,segment,42,0,b85ea0c87d7d49a446b1d3ff5a513a21433654b1d9098b91f83cca4edd220495,52,val,PKU37,pku_0012,pku_0012_f01,frame,cnr_clean_auto,2.4396836541757323,ratio,512x512,640x640,1 px (physical spacing unverified),raw,0.5,0.35,spatial valid AND annotation-valid where available,none,sabids-evaluator-v0-20260828,1.0,1.0,1.0,runs/current/stage2_segment_roi_outside_fold0/validity_v0/frame_metrics.csv,pku_0012_f01;column=cnr_clean_auto,observed,
current-f0-stage2_segment_roi_outside_fold0,current-f0-e3b-v0-one-frame-original-geometry,E3b,segment,42,0,b85ea0c87d7d49a446b1d3ff5a513a21433654b1d9098b91f83cca4edd220495,52,val,PKU37,pku_0012,pku_0012_f01,frame,cnr_error_auto,0.0938785132786605,ratio,512x512,640x640,1 px (physical spacing unverified),raw,0.5,0.35,spatial valid AND annotation-valid where available,none,sabids-evaluator-v0-20260828,1.0,1.0,1.0,runs/current/stage2_segment_roi_outside_fold0/validity_v0/frame_metrics.csv,pku_0012_f01;column=cnr_error_auto,observed,
current-f0-stage2_segment_roi_outside_fold0,current-f0-e3b-v0-one-frame-original-geometry,E3b,segment,42,0,b85ea0c87d7d49a446b1d3ff5a513a21433654b1d9098b91f83cca4edd220495,52,val,PKU37,pku_0012,pku_0012_f01,frame,layer_roi_mse,0.0006212907028384,ratio,512x512,640x640,1 px (physical spacing unverified),raw,0.5,0.35,spatial valid AND annotation-valid where available,none,sabids-evaluator-v0-20260828,1.0,1.0,1.0,runs/current/stage2_segment_roi_outside_fold0/validity_v0/frame_metrics.csv,pku_0012_f01;column=layer_roi_mse,observed,
current-f0-stage2_segment_roi_outside_fold0,current-f0-e3b-v0-one-frame-original-geometry,E3b,segment,42,0,b85ea0c87d7d49a446b1d3ff5a513a21433654b1d9098b91f83cca4edd220495,52,val,PKU37,pku_0012,pku_0012_f01,frame,layer_roi_mse_noisy,0.003298700787127,ratio,512x512,640x640,1 px (physical spacing unverified),raw,0.5,0.35,spatial valid AND annotation-valid where available,none,sabids-evaluator-v0-20260828,1.0,1.0,1.0,runs/current/stage2_segment_roi_outside_fold0/validity_v0/frame_metrics.csv,pku_0012_f01;column=layer_roi_mse_noisy,observed,
current-f0-stage2_segment_roi_outside_fold0,current-f0-e3b-v0-one-frame-original-geometry,E3b,segment,42,0,b85ea0c87d7d49a446b1d3ff5a513a21433654b1d9098b91f83cca4edd220495,52,val,PKU37,pku_0012,pku_0012_f01,frame,layer_roi_psnr,32.06705145237953,dB,512x512,640x640,1 px (physical spacing unverified),raw,0.5,0.35,spatial valid AND annotation-valid where available,none,sabids-evaluator-v0-20260828,1.0,1.0,1.0,runs/current/stage2_segment_roi_outside_fold0/validity_v0/frame_metrics.csv,pku_0012_f01;column=layer_roi_psnr,observed,
current-f0-stage2_segment_roi_outside_fold0,current-f0-e3b-v0-one-frame-original-geometry,E3b,segment,42,0,b85ea0c87d7d49a446b1d3ff5a513a21433654b1d9098b91f83cca4edd220495,52,val,PKU37,pku_0012,pku_0012_f01,frame,layer_roi_psnr_noisy,24.816570759044755,dB,512x512,640x640,1 px (physical spacing unverified),raw,0.5,0.35,spatial valid AND annotation-valid where available,none,sabids-evaluator-v0-20260828,1.0,1.0,1.0,runs/current/stage2_segment_roi_outside_fold0/validity_v0/frame_metrics.csv,pku_0012_f01;column=layer_roi_psnr_noisy,observed,
current-f0-stage2_segment_roi_outside_fold0,current-f0-e3b-v0-one-frame-original-geometry,E3b,segment,42,0,b85ea0c87d7d49a446b1d3ff5a513a21433654b1d9098b91f83cca4edd220495,52,val,PKU37,pku_0012,pku_0012_f01,frame,layer_dice,0.948274767818779,ratio,512x512,640x640,1 px (physical spacing unverified),raw,0.5,0.35,spatial valid AND annotation-valid where available,none,sabids-evaluator-v0-20260828,1.0,1.0,1.0,runs/current/stage2_segment_roi_outside_fold0/validity_v0/frame_metrics.csv,pku_0012_f01;column=layer_dice,observed,
current-f0-stage2_segment_roi_outside_fold0,current-f0-e3b-v0-one-frame-original-geometry,E3b,segment,42,0,b85ea0c87d7d49a446b1d3ff5a513a21433654b1d9098b91f83cca4edd220495,52,val,PKU37,pku_0012,pku_0012_f01,frame,layer_iou,0.9016373657339656,ratio,512x512,640x640,1 px (physical spacing unverified),raw,0.5,0.35,spatial valid AND annotation-valid where available,none,sabids-evaluator-v0-20260828,1.0,1.0,1.0,runs/current/stage2_segment_roi_outside_fold0/validity_v0/frame_metrics.csv,pku_0012_f01;column=layer_iou,observed,
current-f0-stage2_segment_roi_outside_fold0,current-f0-e3b-v0-one-frame-original-geometry,E3b,segment,42,0,b85ea0c87d7d49a446b1d3ff5a513a21433654b1d9098b91f83cca4edd220495,52,val,PKU37,pku_0012,pku_0012_f01,frame,layer_background_iou,0.9865945127969312,ratio,512x512,640x640,1 px (physical spacing unverified),raw,0.5,0.35,spatial valid AND annotation-valid where available,none,sabids-evaluator-v0-20260828,1.0,1.0,1.0,runs/current/stage2_segment_roi_outside_fold0/validity_v0/frame_metrics.csv,pku_0012_f01;column=layer_background_iou,observed,
current-f0-stage2_segment_roi_outside_fold0,current-f0-e3b-v0-one-frame-original-geometry,E3b,segment,42,0,b85ea0c87d7d49a446b1d3ff5a513a21433654b1d9098b91f83cca4edd220495,52,val,PKU37,pku_0012,pku_0012_f01,frame,layer_miou,0.9441159392654483,ratio,512x512,640x640,1 px (physical spacing unverified),raw,0.5,0.35,spatial valid AND annotation-valid where available,none,sabids-evaluator-v0-20260828,1.0,1.0,1.0,runs/current/stage2_segment_roi_outside_fold0/validity_v0/frame_metrics.csv,pku_0012_f01;column=layer_miou,observed,
current-f0-stage2_segment_roi_outside_fold0,current-f0-e3b-v0-one-frame-original-geometry,E3b,segment,42,0,b85ea0c87d7d49a446b1d3ff5a513a21433654b1d9098b91f83cca4edd220495,52,val,PKU37,pku_0012,pku_0012_f01,frame,layer_precision,0.96075447433371,ratio,512x512,640x640,1 px (physical spacing unverified),raw,0.5,0.35,spatial valid AND annotation-valid where available,none,sabids-evaluator-v0-20260828,1.0,1.0,1.0,runs/current/stage2_segment_roi_outside_fold0/validity_v0/frame_metrics.csv,pku_0012_f01;column=layer_precision,observed,
current-f0-stage2_segment_roi_outside_fold0,current-f0-e3b-v0-one-frame-original-geometry,E3b,segment,42,0,b85ea0c87d7d49a446b1d3ff5a513a21433654b1d9098b91f83cca4edd220495,52,val,PKU37,pku_0012,pku_0012_f01,frame,layer_recall,0.936115113924856,ratio,512x512,640x640,1 px (physical spacing unverified),raw,0.5,0.35,spatial valid AND annotation-valid where available,none,sabids-evaluator-v0-20260828,1.0,1.0,1.0,runs/current/stage2_segment_roi_outside_fold0/validity_v0/frame_metrics.csv,pku_0012_f01;column=layer_recall,observed,
current-f0-stage2_segment_roi_outside_fold0,current-f0-e3b-v0-one-frame-original-geometry,E3b,segment,42,0,b85ea0c87d7d49a446b1d3ff5a513a21433654b1d9098b91f83cca4edd220495,52,val,PKU37,pku_0012,pku_0012_f01,frame,layer_specificity,0.9949380316656532,ratio,512x512,640x640,1 px (physical spacing unverified),raw,0.5,0.35,spatial valid AND annotation-valid where available,none,sabids-evaluator-v0-20260828,1.0,1.0,1.0,runs/current/stage2_segment_roi_outside_fold0/validity_v0/frame_metrics.csv,pku_0012_f01;column=layer_specificity,observed,
current-f0-stage2_segment_roi_outside_fold0,current-f0-e3b-v0-one-frame-original-geometry,E3b,segment,42,0,b85ea0c87d7d49a446b1d3ff5a513a21433654b1d9098b91f83cca4edd220495,52,val,PKU37,pku_0012,pku_0012_f01,frame,layer_accuracy,0.9880615234375292,ratio,512x512,640x640,1 px (physical spacing unverified),raw,0.5,0.35,spatial valid AND annotation-valid where available,none,sabids-evaluator-v0-20260828,1.0,1.0,1.0,runs/current/stage2_segment_roi_outside_fold0/validity_v0/frame_metrics.csv,pku_0012_f01;column=layer_accuracy,observed,
current-f0-stage2_segment_roi_outside_fold0,current-f0-e3b-v0-one-frame-original-geometry,E3b,segment,42,0,b85ea0c87d7d49a446b1d3ff5a513a21433654b1d9098b91f83cca4edd220495,52,val,PKU37,pku_0012,pku_0012_f01,frame,layer_hd95,14.866068747318506,px,512x512,640x640,1 px (physical spacing unverified),raw,0.5,0.35,spatial valid AND annotation-valid where available,none,sabids-evaluator-v0-20260828,1.0,1.0,1.0,runs/current/stage2_segment_roi_outside_fold0/validity_v0/frame_metrics.csv,pku_0012_f01;column=layer_hd95,observed,
current-f0-stage2_segment_roi_outside_fold0,current-f0-e3b-v0-one-frame-original-geometry,E3b,segment,42,0,b85ea0c87d7d49a446b1d3ff5a513a21433654b1d9098b91f83cca4edd220495,52,val,PKU37,pku_0012,pku_0012_f01,frame,layer_assd,3.142516604746078,px,512x512,640x640,1 px (physical spacing unverified),raw,0.5,0.35,spatial valid AND annotation-valid where available,none,sabids-evaluator-v0-20260828,1.0,1.0,1.0,runs/current/stage2_segment_roi_outside_fold0/validity_v0/frame_metrics.csv,pku_0012_f01;column=layer_assd,observed,
current-f0-stage2_segment_roi_outside_fold0,current-f0-e3b-v0-one-frame-original-geometry,E3b,segment,42,0,b85ea0c87d7d49a446b1d3ff5a513a21433654b1d9098b91f83cca4edd220495,52,val,PKU37,pku_0012,pku_0012_f01,frame,upper_boundary_mae,1.6,px,512x512,640x640,1 px (physical spacing unverified),raw,0.5,0.35,spatial valid AND annotation-valid where available,none,sabids-evaluator-v0-20260828,1.0,1.0,1.0,runs/current/stage2_segment_roi_outside_fold0/validity_v0/frame_metrics.csv,pku_0012_f01;column=upper_boundary_mae,observed,
current-f0-stage2_segment_roi_outside_fold0,current-f0-e3b-v0-one-frame-original-geometry,E3b,segment,42,0,b85ea0c87d7d49a446b1d3ff5a513a21433654b1d9098b91f83cca4edd220495,52,val,PKU37,pku_0012,pku_0012_f01,frame,lower_boundary_mae,6.9640625,px,512x512,640x640,1 px (physical spacing unverified),raw,0.5,0.35,spatial valid AND annotation-valid where available,none,sabids-evaluator-v0-20260828,1.0,1.0,1.0,runs/current/stage2_segment_roi_outside_fold0/validity_v0/frame_metrics.csv,pku_0012_f01;column=lower_boundary_mae,observed,
current-f0-stage2_segment_roi_outside_fold0,current-f0-e3b-v0-one-frame-original-geometry,E3b,segment,42,0,b85ea0c87d7d49a446b1d3ff5a513a21433654b1d9098b91f83cca4edd220495,52,val,PKU37,pku_0012,pku_0012_f01,frame,thickness_mae,7.2453125,px,512x512,640x640,1 px (physical spacing unverified),raw,0.5,0.35,spatial valid AND annotation-valid where available,none,sabids-evaluator-v0-20260828,1.0,1.0,1.0,runs/current/stage2_segment_roi_outside_fold0/validity_v0/frame_metrics.csv,pku_0012_f01;column=thickness_mae,observed,
current-f0-stage2_segment_roi_outside_fold0,current-f0-e3b-v0-one-frame-original-geometry,E3b,segment,42,0,b85ea0c87d7d49a446b1d3ff5a513a21433654b1d9098b91f83cca4edd220495,52,val,PKU37,pku_0012,pku_0012_f01,frame,layer_surface_dice,0.7481576417814803,ratio,512x512,640x640,1 px (physical spacing unverified),raw,0.5,0.35,spatial valid AND annotation-valid where available,none,sabids-evaluator-v0-20260828,1.0,1.0,1.0,runs/current/stage2_segment_roi_outside_fold0/validity_v0/frame_metrics.csv,pku_0012_f01;column=layer_surface_dice,observed,
current-f0-stage2_segment_roi_outside_fold0,current-f0-e3b-v0-one-frame-original-geometry,E3b,segment,42,0,b85ea0c87d7d49a446b1d3ff5a513a21433654b1d9098b91f83cca4edd220495,52,val,PKU37,pku_0012,pku_0012_f01,frame,upper_boundary_signed_bias,0.36875,ratio,512x512,640x640,1 px (physical spacing unverified),raw,0.5,0.35,spatial valid AND annotation-valid where available,none,sabids-evaluator-v0-20260828,1.0,1.0,1.0,runs/current/stage2_segment_roi_outside_fold0/validity_v0/frame_metrics.csv,pku_0012_f01;column=upper_boundary_signed_bias,observed,
current-f0-stage2_segment_roi_outside_fold0,current-f0-e3b-v0-one-frame-original-geometry,E3b,segment,42,0,b85ea0c87d7d49a446b1d3ff5a513a21433654b1d9098b91f83cca4edd220495,52,val,PKU37,pku_0012,pku_0012_f01,frame,lower_boundary_signed_bias,-0.4828125,ratio,512x512,640x640,1 px (physical spacing unverified),raw,0.5,0.35,spatial valid AND annotation-valid where available,none,sabids-evaluator-v0-20260828,1.0,1.0,1.0,runs/current/stage2_segment_roi_outside_fold0/validity_v0/frame_metrics.csv,pku_0012_f01;column=lower_boundary_signed_bias,observed,
current-f0-stage2_segment_roi_outside_fold0,current-f0-e3b-v0-one-frame-original-geometry,E3b,segment,42,0,b85ea0c87d7d49a446b1d3ff5a513a21433654b1d9098b91f83cca4edd220495,52,val,PKU37,pku_0012,pku_0012_f01,frame,thickness_signed_bias,-0.8515625,ratio,512x512,640x640,1 px (physical spacing unverified),raw,0.5,0.35,spatial valid AND annotation-valid where available,none,sabids-evaluator-v0-20260828,1.0,1.0,1.0,runs/current/stage2_segment_roi_outside_fold0/validity_v0/frame_metrics.csv,pku_0012_f01;column=thickness_signed_bias,observed,
current-f0-stage2_segment_roi_outside_fold0,current-f0-e3b-v0-one-frame-original-geometry,E3b,segment,42,0,b85ea0c87d7d49a446b1d3ff5a513a21433654b1d9098b91f83cca4edd220495,52,val,PKU37,pku_0012,pku_0012_f01,frame,layer_component_count,3.0,ratio,512x512,640x640,1 px (physical spacing unverified),raw,0.5,0.35,spatial valid AND annotation-valid where available,none,sabids-evaluator-v0-20260828,1.0,1.0,1.0,runs/current/stage2_segment_roi_outside_fold0/validity_v0/frame_metrics.csv,pku_0012_f01;column=layer_component_count,observed,
current-f0-stage2_segment_roi_outside_fold0,current-f0-e3b-v0-one-frame-original-geometry,E3b,segment,42,0,b85ea0c87d7d49a446b1d3ff5a513a21433654b1d9098b91f83cca4edd220495,52,val,PKU37,pku_0012,pku_0012_f01,frame,layer_extra_component_area_ratio,0.0045439931411424,ratio,512x512,640x640,1 px (physical spacing unverified),raw,0.5,0.35,spatial valid AND annotation-valid where available,none,sabids-evaluator-v0-20260828,1.0,1.0,1.0,runs/current/stage2_segment_roi_outside_fold0/validity_v0/frame_metrics.csv,pku_0012_f01;column=layer_extra_component_area_ratio,observed,
current-f0-stage2_segment_roi_outside_fold0,current-f0-e3b-v0-one-frame-original-geometry,E3b,segment,42,0,b85ea0c87d7d49a446b1d3ff5a513a21433654b1d9098b91f83cca4edd220495,52,val,PKU37,pku_0012,pku_0012_f01,frame,layer_hole_pixels,0.0,px,512x512,640x640,1 px (physical spacing unverified),raw,0.5,0.35,spatial valid AND annotation-valid where available,none,sabids-evaluator-v0-20260828,1.0,1.0,1.0,runs/current/stage2_segment_roi_outside_fold0/validity_v0/frame_metrics.csv,pku_0012_f01;column=layer_hole_pixels,observed,
current-f0-stage2_segment_roi_outside_fold0,current-f0-e3b-v0-one-frame-original-geometry,E3b,segment,42,0,b85ea0c87d7d49a446b1d3ff5a513a21433654b1d9098b91f83cca4edd220495,52,val,PKU37,pku_0012,pku_0012_f01,frame,layer_hole_area_ratio,0.0,ratio,512x512,640x640,1 px (physical spacing unverified),raw,0.5,0.35,spatial valid AND annotation-valid where available,none,sabids-evaluator-v0-20260828,1.0,1.0,1.0,runs/current/stage2_segment_roi_outside_fold0/validity_v0/frame_metrics.csv,pku_0012_f01;column=layer_hole_area_ratio,observed,
current-f0-stage2_segment_roi_outside_fold0,current-f0-e3b-v0-one-frame-original-geometry,E3b,segment,42,0,b85ea0c87d7d49a446b1d3ff5a513a21433654b1d9098b91f83cca4edd220495,52,val,PKU37,pku_0012,pku_0012_f01,frame,lower_boundary_roughness_pred,0.8338557993730408,px,512x512,640x640,1 px (physical spacing unverified),raw,0.5,0.35,spatial valid AND annotation-valid where available,none,sabids-evaluator-v0-20260828,1.0,1.0,1.0,runs/current/stage2_segment_roi_outside_fold0/validity_v0/frame_metrics.csv,pku_0012_f01;column=lower_boundary_roughness_pred,observed,
current-f0-stage2_segment_roi_outside_fold0,current-f0-e3b-v0-one-frame-original-geometry,E3b,segment,42,0,b85ea0c87d7d49a446b1d3ff5a513a21433654b1d9098b91f83cca4edd220495,52,val,PKU37,pku_0012,pku_0012_f01,frame,lower_boundary_roughness_true,0.8557993730407524,px,512x512,640x640,1 px (physical spacing unverified),raw,0.5,0.35,spatial valid AND annotation-valid where available,none,sabids-evaluator-v0-20260828,1.0,1.0,1.0,runs/current/stage2_segment_roi_outside_fold0/validity_v0/frame_metrics.csv,pku_0012_f01;column=lower_boundary_roughness_true,observed,
current-f0-stage2_segment_roi_outside_fold0,current-f0-e3b-v0-one-frame-original-geometry,E3b,segment,42,0,b85ea0c87d7d49a446b1d3ff5a513a21433654b1d9098b91f83cca4edd220495,52,val,PKU37,pku_0012,pku_0012_f01,frame,layer_valid_column_fraction,1.0,ratio,512x512,640x640,1 px (physical spacing unverified),raw,0.5,0.35,spatial valid AND annotation-valid where available,none,sabids-evaluator-v0-20260828,1.0,1.0,1.0,runs/current/stage2_segment_roi_outside_fold0/validity_v0/frame_metrics.csv,pku_0012_f01;column=layer_valid_column_fraction,observed,
current-f0-stage2_segment_roi_outside_fold0,current-f0-e3b-v0-one-frame-original-geometry,E3b,segment,42,0,b85ea0c87d7d49a446b1d3ff5a513a21433654b1d9098b91f83cca4edd220495,52,val,PKU37,pku_0012,pku_0012_f01,frame,vessel_stroma_cnr_noisy,0.5077366972949815,ratio,512x512,640x640,1 px (physical spacing unverified),raw,0.5,0.35,spatial valid AND annotation-valid where available,none,sabids-evaluator-v0-20260828,1.0,1.0,1.0,runs/current/stage2_segment_roi_outside_fold0/validity_v0/frame_metrics.csv,pku_0012_f01;column=vessel_stroma_cnr_noisy,observed,
current-f0-stage2_segment_roi_outside_fold0,current-f0-e3b-v0-one-frame-original-geometry,E3b,segment,42,0,b85ea0c87d7d49a446b1d3ff5a513a21433654b1d9098b91f83cca4edd220495,52,val,PKU37,pku_0012,pku_0012_f01,frame,vessel_stroma_cnr_denoised,0.6169607445433913,ratio,512x512,640x640,1 px (physical spacing unverified),raw,0.5,0.35,spatial valid AND annotation-valid where available,none,sabids-evaluator-v0-20260828,1.0,1.0,1.0,runs/current/stage2_segment_roi_outside_fold0/validity_v0/frame_metrics.csv,pku_0012_f01;column=vessel_stroma_cnr_denoised,observed,
current-f0-stage2_segment_roi_outside_fold0,current-f0-e3b-v0-one-frame-original-geometry,E3b,segment,42,0,b85ea0c87d7d49a446b1d3ff5a513a21433654b1d9098b91f83cca4edd220495,52,val,PKU37,pku_0012,pku_0012_f01,frame,vessel_stroma_cnr_clean,0.7476230110521944,ratio,512x512,640x640,1 px (physical spacing unverified),raw,0.5,0.35,spatial valid AND annotation-valid where available,none,sabids-evaluator-v0-20260828,1.0,1.0,1.0,runs/current/stage2_segment_roi_outside_fold0/validity_v0/frame_metrics.csv,pku_0012_f01;column=vessel_stroma_cnr_clean,observed,
current-f0-stage2_segment_roi_outside_fold0,current-f0-e3b-v0-one-frame-original-geometry,E3b,segment,42,0,b85ea0c87d7d49a446b1d3ff5a513a21433654b1d9098b91f83cca4edd220495,52,val,PKU37,pku_0012,pku_0012_f01,frame,vessel_dice,0.7397691718004233,ratio,512x512,640x640,1 px (physical spacing unverified),raw,0.5,0.35,spatial valid AND annotation-valid where available,none,sabids-evaluator-v0-20260828,1.0,1.0,1.0,runs/current/stage2_segment_roi_outside_fold0/validity_v0/frame_metrics.csv,pku_0012_f01;column=vessel_dice,observed,
current-f0-stage2_segment_roi_outside_fold0,current-f0-e3b-v0-one-frame-original-geometry,E3b,segment,42,0,b85ea0c87d7d49a446b1d3ff5a513a21433654b1d9098b91f83cca4edd220495,52,val,PKU37,pku_0012,pku_0012_f01,frame,vessel_iou,0.5870108517071025,ratio,512x512,640x640,1 px (physical spacing unverified),raw,0.5,0.35,spatial valid AND annotation-valid where available,none,sabids-evaluator-v0-20260828,1.0,1.0,1.0,runs/current/stage2_segment_roi_outside_fold0/validity_v0/frame_metrics.csv,pku_0012_f01;column=vessel_iou,observed,
current-f0-stage2_segment_roi_outside_fold0,current-f0-e3b-v0-one-frame-original-geometry,E3b,segment,42,0,b85ea0c87d7d49a446b1d3ff5a513a21433654b1d9098b91f83cca4edd220495,52,val,PKU37,pku_0012,pku_0012_f01,frame,vessel_background_iou,0.967941207252685,ratio,512x512,640x640,1 px (physical spacing unverified),raw,0.5,0.35,spatial valid AND annotation-valid where available,none,sabids-evaluator-v0-20260828,1.0,1.0,1.0,runs/current/stage2_segment_roi_outside_fold0/validity_v0/frame_metrics.csv,pku_0012_f01;column=vessel_background_iou,observed,
current-f0-stage2_segment_roi_outside_fold0,current-f0-e3b-v0-one-frame-original-geometry,E3b,segment,42,0,b85ea0c87d7d49a446b1d3ff5a513a21433654b1d9098b91f83cca4edd220495,52,val,PKU37,pku_0012,pku_0012_f01,frame,vessel_miou,0.7774760294798937,ratio,512x512,640x640,1 px (physical spacing unverified),raw,0.5,0.35,spatial valid AND annotation-valid where available,none,sabids-evaluator-v0-20260828,1.0,1.0,1.0,runs/current/stage2_segment_roi_outside_fold0/validity_v0/frame_metrics.csv,pku_0012_f01;column=vessel_miou,observed,
current-f0-stage2_segment_roi_outside_fold0,current-f0-e3b-v0-one-frame-original-geometry,E3b,segment,42,0,b85ea0c87d7d49a446b1d3ff5a513a21433654b1d9098b91f83cca4edd220495,52,val,PKU37,pku_0012,pku_0012_f01,frame,vessel_precision,0.6703845576209109,ratio,512x512,640x640,1 px (physical spacing unverified),raw,0.5,0.35,spatial valid AND annotation-valid where available,none,sabids-evaluator-v0-20260828,1.0,1.0,1.0,runs/current/stage2_segment_roi_outside_fold0/validity_v0/frame_metrics.csv,pku_0012_f01;column=vessel_precision,observed,
current-f0-stage2_segment_roi_outside_fold0,current-f0-e3b-v0-one-frame-original-geometry,E3b,segment,42,0,b85ea0c87d7d49a446b1d3ff5a513a21433654b1d9098b91f83cca4edd220495,52,val,PKU37,pku_0012,pku_0012_f01,frame,vessel_recall,0.8251745019264469,ratio,512x512,640x640,1 px (physical spacing unverified),raw,0.5,0.35,spatial valid AND annotation-valid where available,none,sabids-evaluator-v0-20260828,1.0,1.0,1.0,runs/current/stage2_segment_roi_outside_fold0/validity_v0/frame_metrics.csv,pku_0012_f01;column=vessel_recall,observed,
current-f0-stage2_segment_roi_outside_fold0,current-f0-e3b-v0-one-frame-original-geometry,E3b,segment,42,0,b85ea0c87d7d49a446b1d3ff5a513a21433654b1d9098b91f83cca4edd220495,52,val,PKU37,pku_0012,pku_0012_f01,frame,vessel_specificity,0.9773769418533602,ratio,512x512,640x640,1 px (physical spacing unverified),raw,0.5,0.35,spatial valid AND annotation-valid where available,none,sabids-evaluator-v0-20260828,1.0,1.0,1.0,runs/current/stage2_segment_roi_outside_fold0/validity_v0/frame_metrics.csv,pku_0012_f01;column=vessel_specificity,observed,
current-f0-stage2_segment_roi_outside_fold0,current-f0-e3b-v0-one-frame-original-geometry,E3b,segment,42,0,b85ea0c87d7d49a446b1d3ff5a513a21433654b1d9098b91f83cca4edd220495,52,val,PKU37,pku_0012,pku_0012_f01,frame,vessel_accuracy,0.9693383789063248,ratio,512x512,640x640,1 px (physical spacing unverified),raw,0.5,0.35,spatial valid AND annotation-valid where available,none,sabids-evaluator-v0-20260828,1.0,1.0,1.0,runs/current/stage2_segment_roi_outside_fold0/validity_v0/frame_metrics.csv,pku_0012_f01;column=vessel_accuracy,observed,
current-f0-stage2_segment_roi_outside_fold0,current-f0-e3b-v0-one-frame-original-geometry,E3b,segment,42,0,b85ea0c87d7d49a446b1d3ff5a513a21433654b1d9098b91f83cca4edd220495,52,val,PKU37,pku_0012,pku_0012_f01,frame,vessel_soft_dice,0.6758709046023752,ratio,512x512,640x640,1 px (physical spacing unverified),raw,0.5,0.35,spatial valid AND annotation-valid where available,none,sabids-evaluator-v0-20260828,1.0,1.0,1.0,runs/current/stage2_segment_roi_outside_fold0/validity_v0/frame_metrics.csv,pku_0012_f01;column=vessel_soft_dice,observed,
current-f0-stage2_segment_roi_outside_fold0,current-f0-e3b-v0-one-frame-original-geometry,E3b,segment,42,0,b85ea0c87d7d49a446b1d3ff5a513a21433654b1d9098b91f83cca4edd220495,52,val,PKU37,pku_0012,pku_0012_f01,frame,vessel_roi_dice,0.7758942930461187,ratio,512x512,640x640,1 px (physical spacing unverified),raw,0.5,0.35,spatial valid AND annotation-valid where available,none,sabids-evaluator-v0-20260828,1.0,1.0,1.0,runs/current/stage2_segment_roi_outside_fold0/validity_v0/frame_metrics.csv,pku_0012_f01;column=vessel_roi_dice,observed,
current-f0-stage2_segment_roi_outside_fold0,current-f0-e3b-v0-one-frame-original-geometry,E3b,segment,42,0,b85ea0c87d7d49a446b1d3ff5a513a21433654b1d9098b91f83cca4edd220495,52,val,PKU37,pku_0012,pku_0012_f01,frame,vessel_roi_iou,0.6338458260968701,ratio,512x512,640x640,1 px (physical spacing unverified),raw,0.5,0.35,spatial valid AND annotation-valid where available,none,sabids-evaluator-v0-20260828,1.0,1.0,1.0,runs/current/stage2_segment_roi_outside_fold0/validity_v0/frame_metrics.csv,pku_0012_f01;column=vessel_roi_iou,observed,
current-f0-stage2_segment_roi_outside_fold0,current-f0-e3b-v0-one-frame-original-geometry,E3b,segment,42,0,b85ea0c87d7d49a446b1d3ff5a513a21433654b1d9098b91f83cca4edd220495,52,val,PKU37,pku_0012,pku_0012_f01,frame,vessel_roi_background_iou,0.6566329248915612,ratio,512x512,640x640,1 px (physical spacing unverified),raw,0.5,0.35,spatial valid AND annotation-valid where available,none,sabids-evaluator-v0-20260828,1.0,1.0,1.0,runs/current/stage2_segment_roi_outside_fold0/validity_v0/frame_metrics.csv,pku_0012_f01;column=vessel_roi_background_iou,observed,
current-f0-stage2_segment_roi_outside_fold0,current-f0-e3b-v0-one-frame-original-geometry,E3b,segment,42,0,b85ea0c87d7d49a446b1d3ff5a513a21433654b1d9098b91f83cca4edd220495,52,val,PKU37,pku_0012,pku_0012_f01,frame,vessel_roi_miou,0.6452393754942156,ratio,512x512,640x640,1 px (physical spacing unverified),raw,0.5,0.35,spatial valid AND annotation-valid where available,none,sabids-evaluator-v0-20260828,1.0,1.0,1.0,runs/current/stage2_segment_roi_outside_fold0/validity_v0/frame_metrics.csv,pku_0012_f01;column=vessel_roi_miou,observed,
current-f0-stage2_segment_roi_outside_fold0,current-f0-e3b-v0-one-frame-original-geometry,E3b,segment,42,0,b85ea0c87d7d49a446b1d3ff5a513a21433654b1d9098b91f83cca4edd220495,52,val,PKU37,pku_0012,pku_0012_f01,frame,vessel_roi_precision,0.7321684918693996,ratio,512x512,640x640,1 px (physical spacing unverified),raw,0.5,0.35,spatial valid AND annotation-valid where available,none,sabids-evaluator-v0-20260828,1.0,1.0,1.0,runs/current/stage2_segment_roi_outside_fold0/validity_v0/frame_metrics.csv,pku_0012_f01;column=vessel_roi_precision,observed,
current-f0-stage2_segment_roi_outside_fold0,current-f0-e3b-v0-one-frame-original-geometry,E3b,segment,42,0,b85ea0c87d7d49a446b1d3ff5a513a21433654b1d9098b91f83cca4edd220495,52,val,PKU37,pku_0012,pku_0012_f01,frame,vessel_roi_recall,0.8251745019264469,ratio,512x512,640x640,1 px (physical spacing unverified),raw,0.5,0.35,spatial valid AND annotation-valid where available,none,sabids-evaluator-v0-20260828,1.0,1.0,1.0,runs/current/stage2_segment_roi_outside_fold0/validity_v0/frame_metrics.csv,pku_0012_f01;column=vessel_roi_recall,observed,
current-f0-stage2_segment_roi_outside_fold0,current-f0-e3b-v0-one-frame-original-geometry,E3b,segment,42,0,b85ea0c87d7d49a446b1d3ff5a513a21433654b1d9098b91f83cca4edd220495,52,val,PKU37,pku_0012,pku_0012_f01,frame,vessel_roi_specificity,0.7512380952475719,ratio,512x512,640x640,1 px (physical spacing unverified),raw,0.5,0.35,spatial valid AND annotation-valid where available,none,sabids-evaluator-v0-20260828,1.0,1.0,1.0,runs/current/stage2_segment_roi_outside_fold0/validity_v0/frame_metrics.csv,pku_0012_f01;column=vessel_roi_specificity,observed,
current-f0-stage2_segment_roi_outside_fold0,current-f0-e3b-v0-one-frame-original-geometry,E3b,segment,42,0,b85ea0c87d7d49a446b1d3ff5a513a21433654b1d9098b91f83cca4edd220495,52,val,PKU37,pku_0012,pku_0012_f01,frame,vessel_roi_accuracy,0.7846417308901982,ratio,512x512,640x640,1 px (physical spacing unverified),raw,0.5,0.35,spatial valid AND annotation-valid where available,none,sabids-evaluator-v0-20260828,1.0,1.0,1.0,runs/current/stage2_segment_roi_outside_fold0/validity_v0/frame_metrics.csv,pku_0012_f01;column=vessel_roi_accuracy,observed,
current-f0-stage2_segment_roi_outside_fold0,current-f0-e3b-v0-one-frame-original-geometry,E3b,segment,42,0,b85ea0c87d7d49a446b1d3ff5a513a21433654b1d9098b91f83cca4edd220495,52,val,PKU37,pku_0012,pku_0012_f01,frame,vessel_area_fraction_pred,0.5091786228933024,ratio,512x512,640x640,1 px (physical spacing unverified),raw,0.5,0.35,spatial valid AND annotation-valid where available,none,sabids-evaluator-v0-20260828,1.0,1.0,1.0,runs/current/stage2_segment_roi_outside_fold0/validity_v0/frame_metrics.csv,pku_0012_f01;column=vessel_area_fraction_pred,observed,
current-f0-stage2_segment_roi_outside_fold0,current-f0-e3b-v0-one-frame-original-geometry,E3b,segment,42,0,b85ea0c87d7d49a446b1d3ff5a513a21433654b1d9098b91f83cca4edd220495,52,val,PKU37,pku_0012,pku_0012_f01,frame,vessel_area_fraction_true,0.451788735041664,ratio,512x512,640x640,1 px (physical spacing unverified),raw,0.5,0.35,spatial valid AND annotation-valid where available,none,sabids-evaluator-v0-20260828,1.0,1.0,1.0,runs/current/stage2_segment_roi_outside_fold0/validity_v0/frame_metrics.csv,pku_0012_f01;column=vessel_area_fraction_true,observed,
current-f0-stage2_segment_roi_outside_fold0,current-f0-e3b-v0-one-frame-original-geometry,E3b,segment,42,0,b85ea0c87d7d49a446b1d3ff5a513a21433654b1d9098b91f83cca4edd220495,52,val,PKU37,pku_0012,pku_0012_f01,frame,vessel_area_fraction_mae,0.0573898878516383,px,512x512,640x640,1 px (physical spacing unverified),raw,0.5,0.35,spatial valid AND annotation-valid where available,none,sabids-evaluator-v0-20260828,1.0,1.0,1.0,runs/current/stage2_segment_roi_outside_fold0/validity_v0/frame_metrics.csv,pku_0012_f01;column=vessel_area_fraction_mae,observed,
current-f0-stage2_segment_roi_outside_fold0,current-f0-e3b-v0-one-frame-original-geometry,E3b,segment,42,0,b85ea0c87d7d49a446b1d3ff5a513a21433654b1d9098b91f83cca4edd220495,52,val,PKU37,pku_0012,pku_0012_f01,frame,vessel_outside_gt_layer_fraction,0.084384858044164,ratio,512x512,640x640,1 px (physical spacing unverified),raw,0.5,0.35,spatial valid AND annotation-valid where available,none,sabids-evaluator-v0-20260828,1.0,1.0,1.0,runs/current/stage2_segment_roi_outside_fold0/validity_v0/frame_metrics.csv,pku_0012_f01;column=vessel_outside_gt_layer_fraction,observed,
current-f0-stage2_segment_roi_outside_fold0,current-f0-e3b-v0-one-frame-original-geometry,E3b,segment,42,0,b85ea0c87d7d49a446b1d3ff5a513a21433654b1d9098b91f83cca4edd220495,52,val,PKU37,pku_0012,pku_0012_f01,frame,vessel_error_outside_gt_and_pred_layer_pixels,2218.0,px,512x512,640x640,1 px (physical spacing unverified),raw,0.5,0.35,spatial valid AND annotation-valid where available,none,sabids-evaluator-v0-20260828,1.0,1.0,1.0,runs/current/stage2_segment_roi_outside_fold0/validity_v0/frame_metrics.csv,pku_0012_f01;column=vessel_error_outside_gt_and_pred_layer_pixels,observed,
current-f0-stage2_segment_roi_outside_fold0,current-f0-e3b-v0-one-frame-original-geometry,E3b,segment,42,0,b85ea0c87d7d49a446b1d3ff5a513a21433654b1d9098b91f83cca4edd220495,52,val,PKU37,pku_0012,pku_0012_f01,frame,vessel_error_outside_gt_and_pred_layer_fraction,0.083295778879375,ratio,512x512,640x640,1 px (physical spacing unverified),raw,0.5,0.35,spatial valid AND annotation-valid where available,none,sabids-evaluator-v0-20260828,1.0,1.0,1.0,runs/current/stage2_segment_roi_outside_fold0/validity_v0/frame_metrics.csv,pku_0012_f01;column=vessel_error_outside_gt_and_pred_layer_fraction,observed,
current-f0-stage2_segment_roi_outside_fold0,current-f0-e3b-v0-one-frame-original-geometry,E3b,segment,42,0,b85ea0c87d7d49a446b1d3ff5a513a21433654b1d9098b91f83cca4edd220495,52,val,PKU37,pku_0012,pku_0012_f01,frame,vessel_error_outside_gt_inside_pred_layer_pixels,29.0,px,512x512,640x640,1 px (physical spacing unverified),raw,0.5,0.35,spatial valid AND annotation-valid where available,none,sabids-evaluator-v0-20260828,1.0,1.0,1.0,runs/current/stage2_segment_roi_outside_fold0/validity_v0/frame_metrics.csv,pku_0012_f01;column=vessel_error_outside_gt_inside_pred_layer_pixels,observed,
current-f0-stage2_segment_roi_outside_fold0,current-f0-e3b-v0-one-frame-original-geometry,E3b,segment,42,0,b85ea0c87d7d49a446b1d3ff5a513a21433654b1d9098b91f83cca4edd220495,52,val,PKU37,pku_0012,pku_0012_f01,frame,vessel_error_outside_gt_inside_pred_layer_fraction,0.0010890791647889,ratio,512x512,640x640,1 px (physical spacing unverified),raw,0.5,0.35,spatial valid AND annotation-valid where available,none,sabids-evaluator-v0-20260828,1.0,1.0,1.0,runs/current/stage2_segment_roi_outside_fold0/validity_v0/frame_metrics.csv,pku_0012_f01;column=vessel_error_outside_gt_inside_pred_layer_fraction,observed,
current-f0-stage2_segment_roi_outside_fold0,current-f0-e3b-v0-one-frame-original-geometry,E3b,segment,42,0,b85ea0c87d7d49a446b1d3ff5a513a21433654b1d9098b91f83cca4edd220495,52,val,PKU37,pku_0012,pku_0012_f01,frame,gt_vessel_outside_pred_layer_pixels,338.0,px,512x512,640x640,1 px (physical spacing unverified),raw,0.5,0.35,spatial valid AND annotation-valid where available,none,sabids-evaluator-v0-20260828,1.0,1.0,1.0,runs/current/stage2_segment_roi_outside_fold0/validity_v0/frame_metrics.csv,pku_0012_f01;column=gt_vessel_outside_pred_layer_pixels,observed,
current-f0-stage2_segment_roi_outside_fold0,current-f0-e3b-v0-one-frame-original-geometry,E3b,segment,42,0,b85ea0c87d7d49a446b1d3ff5a513a21433654b1d9098b91f83cca4edd220495,52,val,PKU37,pku_0012,pku_0012_f01,frame,gt_vessel_outside_pred_layer_fraction,0.0156242777238478,ratio,512x512,640x640,1 px (physical spacing unverified),raw,0.5,0.35,spatial valid AND annotation-valid where available,none,sabids-evaluator-v0-20260828,1.0,1.0,1.0,runs/current/stage2_segment_roi_outside_fold0/validity_v0/frame_metrics.csv,pku_0012_f01;column=gt_vessel_outside_pred_layer_fraction,observed,
current-f0-stage2_segment_roi_outside_fold0,current-f0-e3b-v0-one-frame-original-geometry,E3b,segment,42,0,b85ea0c87d7d49a446b1d3ff5a513a21433654b1d9098b91f83cca4edd220495,52,val,PKU37,pku_0012,pku_0012_f01,frame,vessel_oracle_gt_layer_dice,0.7758942930461187,ratio,512x512,640x640,1 px (physical spacing unverified),raw,0.5,0.35,spatial valid AND annotation-valid where available,none,sabids-evaluator-v0-20260828,1.0,1.0,1.0,runs/current/stage2_segment_roi_outside_fold0/validity_v0/frame_metrics.csv,pku_0012_f01;column=vessel_oracle_gt_layer_dice,observed,
current-f0-stage2_segment_roi_outside_fold0,current-f0-e3b-v0-one-frame-original-geometry,E3b,segment,42,0,b85ea0c87d7d49a446b1d3ff5a513a21433654b1d9098b91f83cca4edd220495,52,val,PKU37,pku_0012,pku_0012_f01,frame,vessel_oracle_gt_layer_iou,0.6338458260968701,ratio,512x512,640x640,1 px (physical spacing unverified),raw,0.5,0.35,spatial valid AND annotation-valid where available,none,sabids-evaluator-v0-20260828,1.0,1.0,1.0,runs/current/stage2_segment_roi_outside_fold0/validity_v0/frame_metrics.csv,pku_0012_f01;column=vessel_oracle_gt_layer_iou,observed,
current-f0-stage2_segment_roi_outside_fold0,current-f0-e3b-v0-one-frame-original-geometry,E3b,segment,42,0,b85ea0c87d7d49a446b1d3ff5a513a21433654b1d9098b91f83cca4edd220495,52,val,PKU37,pku_0012,pku_0012_f01,frame,vessel_oracle_gt_layer_background_iou,0.9736770227876174,ratio,512x512,640x640,1 px (physical spacing unverified),raw,0.5,0.35,spatial valid AND annotation-valid where available,none,sabids-evaluator-v0-20260828,1.0,1.0,1.0,runs/current/stage2_segment_roi_outside_fold0/validity_v0/frame_metrics.csv,pku_0012_f01;column=vessel_oracle_gt_layer_background_iou,observed,
current-f0-stage2_segment_roi_outside_fold0,current-f0-e3b-v0-one-frame-original-geometry,E3b,segment,42,0,b85ea0c87d7d49a446b1d3ff5a513a21433654b1d9098b91f83cca4edd220495,52,val,PKU37,pku_0012,pku_0012_f01,frame,vessel_oracle_gt_layer_miou,0.8037614244422437,ratio,512x512,640x640,1 px (physical spacing unverified),raw,0.5,0.35,spatial valid AND annotation-valid where available,none,sabids-evaluator-v0-20260828,1.0,1.0,1.0,runs/current/stage2_segment_roi_outside_fold0/validity_v0/frame_metrics.csv,pku_0012_f01;column=vessel_oracle_gt_layer_miou,observed,
current-f0-stage2_segment_roi_outside_fold0,current-f0-e3b-v0-one-frame-original-geometry,E3b,segment,42,0,b85ea0c87d7d49a446b1d3ff5a513a21433654b1d9098b91f83cca4edd220495,52,val,PKU37,pku_0012,pku_0012_f01,frame,vessel_oracle_gt_layer_precision,0.7321684918693996,ratio,512x512,640x640,1 px (physical spacing unverified),raw,0.5,0.35,spatial valid AND annotation-valid where available,none,sabids-evaluator-v0-20260828,1.0,1.0,1.0,runs/current/stage2_segment_roi_outside_fold0/validity_v0/frame_metrics.csv,pku_0012_f01;column=vessel_oracle_gt_layer_precision,observed,
current-f0-stage2_segment_roi_outside_fold0,current-f0-e3b-v0-one-frame-original-geometry,E3b,segment,42,0,b85ea0c87d7d49a446b1d3ff5a513a21433654b1d9098b91f83cca4edd220495,52,val,PKU37,pku_0012,pku_0012_f01,frame,vessel_oracle_gt_layer_recall,0.8251745019264469,ratio,512x512,640x640,1 px (physical spacing unverified),raw,0.5,0.35,spatial valid AND annotation-valid where available,none,sabids-evaluator-v0-20260828,1.0,1.0,1.0,runs/current/stage2_segment_roi_outside_fold0/validity_v0/frame_metrics.csv,pku_0012_f01;column=vessel_oracle_gt_layer_recall,observed,
current-f0-stage2_segment_roi_outside_fold0,current-f0-e3b-v0-one-frame-original-geometry,E3b,segment,42,0,b85ea0c87d7d49a446b1d3ff5a513a21433654b1d9098b91f83cca4edd220495,52,val,PKU37,pku_0012,pku_0012_f01,frame,vessel_oracle_gt_layer_specificity,0.9831686715623156,ratio,512x512,640x640,1 px (physical spacing unverified),raw,0.5,0.35,spatial valid AND annotation-valid where available,none,sabids-evaluator-v0-20260828,1.0,1.0,1.0,runs/current/stage2_segment_roi_outside_fold0/validity_v0/frame_metrics.csv,pku_0012_f01;column=vessel_oracle_gt_layer_specificity,observed,
current-f0-stage2_segment_roi_outside_fold0,current-f0-e3b-v0-one-frame-original-geometry,E3b,segment,42,0,b85ea0c87d7d49a446b1d3ff5a513a21433654b1d9098b91f83cca4edd220495,52,val,PKU37,pku_0012,pku_0012_f01,frame,vessel_oracle_gt_layer_accuracy,0.9748242187500614,ratio,512x512,640x640,1 px (physical spacing unverified),raw,0.5,0.35,spatial valid AND annotation-valid where available,none,sabids-evaluator-v0-20260828,1.0,1.0,1.0,runs/current/stage2_segment_roi_outside_fold0/validity_v0/frame_metrics.csv,pku_0012_f01;column=vessel_oracle_gt_layer_accuracy,observed,
current-f0-stage2_segment_roi_outside_fold0,current-f0-e3b-v0-one-frame-original-geometry,E3b,segment,42,0,b85ea0c87d7d49a446b1d3ff5a513a21433654b1d9098b91f83cca4edd220495,52,val,PKU37,pku_0012,pku_0012_f01,frame,vessel_pred_layer_soft_gate_dice,0.7762356421907363,ratio,512x512,640x640,1 px (physical spacing unverified),soft_gate,0.5,0.35,spatial valid AND annotation-valid where available,none,sabids-evaluator-v0-20260828,1.0,1.0,1.0,runs/current/stage2_segment_roi_outside_fold0/validity_v0/frame_metrics.csv,pku_0012_f01;column=vessel_pred_layer_soft_gate_dice,observed,
current-f0-stage2_segment_roi_outside_fold0,current-f0-e3b-v0-one-frame-original-geometry,E3b,segment,42,0,b85ea0c87d7d49a446b1d3ff5a513a21433654b1d9098b91f83cca4edd220495,52,val,PKU37,pku_0012,pku_0012_f01,frame,vessel_pred_layer_soft_gate_iou,0.6343015607909019,ratio,512x512,640x640,1 px (physical spacing unverified),soft_gate,0.5,0.35,spatial valid AND annotation-valid where available,none,sabids-evaluator-v0-20260828,1.0,1.0,1.0,runs/current/stage2_segment_roi_outside_fold0/validity_v0/frame_metrics.csv,pku_0012_f01;column=vessel_pred_layer_soft_gate_iou,observed,
current-f0-stage2_segment_roi_outside_fold0,current-f0-e3b-v0-one-frame-original-geometry,E3b,segment,42,0,b85ea0c87d7d49a446b1d3ff5a513a21433654b1d9098b91f83cca4edd220495,52,val,PKU37,pku_0012,pku_0012_f01,frame,vessel_pred_layer_soft_gate_background_iou,0.9737440620382078,ratio,512x512,640x640,1 px (physical spacing unverified),soft_gate,0.5,0.35,spatial valid AND annotation-valid where available,none,sabids-evaluator-v0-20260828,1.0,1.0,1.0,runs/current/stage2_segment_roi_outside_fold0/validity_v0/frame_metrics.csv,pku_0012_f01;column=vessel_pred_layer_soft_gate_background_iou,observed,
current-f0-stage2_segment_roi_outside_fold0,current-f0-e3b-v0-one-frame-original-geometry,E3b,segment,42,0,b85ea0c87d7d49a446b1d3ff5a513a21433654b1d9098b91f83cca4edd220495,52,val,PKU37,pku_0012,pku_0012_f01,frame,vessel_pred_layer_soft_gate_miou,0.8040228114145549,ratio,512x512,640x640,1 px (physical spacing unverified),soft_gate,0.5,0.35,spatial valid AND annotation-valid where available,none,sabids-evaluator-v0-20260828,1.0,1.0,1.0,runs/current/stage2_segment_roi_outside_fold0/validity_v0/frame_metrics.csv,pku_0012_f01;column=vessel_pred_layer_soft_gate_miou,observed,
current-f0-stage2_segment_roi_outside_fold0,current-f0-e3b-v0-one-frame-original-geometry,E3b,segment,42,0,b85ea0c87d7d49a446b1d3ff5a513a21433654b1d9098b91f83cca4edd220495,52,val,PKU37,pku_0012,pku_0012_f01,frame,vessel_pred_layer_soft_gate_precision,0.7331415656571546,ratio,512x512,640x640,1 px (physical spacing unverified),soft_gate,0.5,0.35,spatial valid AND annotation-valid where available,none,sabids-evaluator-v0-20260828,1.0,1.0,1.0,runs/current/stage2_segment_roi_outside_fold0/validity_v0/frame_metrics.csv,pku_0012_f01;column=vessel_pred_layer_soft_gate_precision,observed,
current-f0-stage2_segment_roi_outside_fold0,current-f0-e3b-v0-one-frame-original-geometry,E3b,segment,42,0,b85ea0c87d7d49a446b1d3ff5a513a21433654b1d9098b91f83cca4edd220495,52,val,PKU37,pku_0012,pku_0012_f01,frame,vessel_pred_layer_soft_gate_recall,0.8247122451890763,ratio,512x512,640x640,1 px (physical spacing unverified),soft_gate,0.5,0.35,spatial valid AND annotation-valid where available,none,sabids-evaluator-v0-20260828,1.0,1.0,1.0,runs/current/stage2_segment_roi_outside_fold0/validity_v0/frame_metrics.csv,pku_0012_f01;column=vessel_pred_layer_soft_gate_recall,observed,
current-f0-stage2_segment_roi_outside_fold0,current-f0-e3b-v0-one-frame-original-geometry,E3b,segment,42,0,b85ea0c87d7d49a446b1d3ff5a513a21433654b1d9098b91f83cca4edd220495,52,val,PKU37,pku_0012,pku_0012_f01,frame,vessel_pred_layer_soft_gate_specificity,0.9832614629595215,ratio,512x512,640x640,1 px (physical spacing unverified),soft_gate,0.5,0.35,spatial valid AND annotation-valid where available,none,sabids-evaluator-v0-20260828,1.0,1.0,1.0,runs/current/stage2_segment_roi_outside_fold0/validity_v0/frame_metrics.csv,pku_0012_f01;column=vessel_pred_layer_soft_gate_specificity,observed,
current-f0-stage2_segment_roi_outside_fold0,current-f0-e3b-v0-one-frame-original-geometry,E3b,segment,42,0,b85ea0c87d7d49a446b1d3ff5a513a21433654b1d9098b91f83cca4edd220495,52,val,PKU37,pku_0012,pku_0012_f01,frame,vessel_pred_layer_soft_gate_accuracy,0.9748876953125614,ratio,512x512,640x640,1 px (physical spacing unverified),soft_gate,0.5,0.35,spatial valid AND annotation-valid where available,none,sabids-evaluator-v0-20260828,1.0,1.0,1.0,runs/current/stage2_segment_roi_outside_fold0/validity_v0/frame_metrics.csv,pku_0012_f01;column=vessel_pred_layer_soft_gate_accuracy,observed,
current-f0-stage2_segment_roi_outside_fold0,current-f0-e3b-v0-one-frame-original-geometry,E3b,segment,42,0,b85ea0c87d7d49a446b1d3ff5a513a21433654b1d9098b91f83cca4edd220495,52,val,PKU37,pku_0012,pku_0012_f01,frame,vessel_pred_layer_soft_gate_soft_dice,0.7165298719859595,ratio,512x512,640x640,1 px (physical spacing unverified),soft_gate,0.5,0.35,spatial valid AND annotation-valid where available,none,sabids-evaluator-v0-20260828,1.0,1.0,1.0,runs/current/stage2_segment_roi_outside_fold0/validity_v0/frame_metrics.csv,pku_0012_f01;column=vessel_pred_layer_soft_gate_soft_dice,observed,
current-f0-stage2_segment_roi_outside_fold0,current-f0-e3b-v0-one-frame-original-geometry,E3b,segment,42,0,b85ea0c87d7d49a446b1d3ff5a513a21433654b1d9098b91f83cca4edd220495,52,val,PKU37,pku_0012,pku_0012_f01,frame,vessel_gt_component_small_count,10.0,ratio,512x512,640x640,1 px (physical spacing unverified),raw,0.5,0.35,spatial valid AND annotation-valid where available,none,sabids-evaluator-v0-20260828,1.0,1.0,1.0,runs/current/stage2_segment_roi_outside_fold0/validity_v0/frame_metrics.csv,pku_0012_f01;column=vessel_gt_component_small_count,observed,
current-f0-stage2_segment_roi_outside_fold0,current-f0-e3b-v0-one-frame-original-geometry,E3b,segment,42,0,b85ea0c87d7d49a446b1d3ff5a513a21433654b1d9098b91f83cca4edd220495,52,val,PKU37,pku_0012,pku_0012_f01,frame,vessel_gt_component_small_pixels,799.0,px,512x512,640x640,1 px (physical spacing unverified),raw,0.5,0.35,spatial valid AND annotation-valid where available,none,sabids-evaluator-v0-20260828,1.0,1.0,1.0,runs/current/stage2_segment_roi_outside_fold0/validity_v0/frame_metrics.csv,pku_0012_f01;column=vessel_gt_component_small_pixels,observed,
current-f0-stage2_segment_roi_outside_fold0,current-f0-e3b-v0-one-frame-original-geometry,E3b,segment,42,0,b85ea0c87d7d49a446b1d3ff5a513a21433654b1d9098b91f83cca4edd220495,52,val,PKU37,pku_0012,pku_0012_f01,frame,vessel_gt_component_small_pixel_recall,0.5644555694618273,ratio,512x512,640x640,1 px (physical spacing unverified),raw,0.5,0.35,spatial valid AND annotation-valid where available,none,sabids-evaluator-v0-20260828,1.0,1.0,1.0,runs/current/stage2_segment_roi_outside_fold0/validity_v0/frame_metrics.csv,pku_0012_f01;column=vessel_gt_component_small_pixel_recall,observed,
current-f0-stage2_segment_roi_outside_fold0,current-f0-e3b-v0-one-frame-original-geometry,E3b,segment,42,0,b85ea0c87d7d49a446b1d3ff5a513a21433654b1d9098b91f83cca4edd220495,52,val,PKU37,pku_0012,pku_0012_f01,frame,vessel_gt_component_small_detection_recall,0.6,ratio,512x512,640x640,1 px (physical spacing unverified),raw,0.5,0.35,spatial valid AND annotation-valid where available,none,sabids-evaluator-v0-20260828,1.0,1.0,1.0,runs/current/stage2_segment_roi_outside_fold0/validity_v0/frame_metrics.csv,pku_0012_f01;column=vessel_gt_component_small_detection_recall,observed,
current-f0-stage2_segment_roi_outside_fold0,current-f0-e3b-v0-one-frame-original-geometry,E3b,segment,42,0,b85ea0c87d7d49a446b1d3ff5a513a21433654b1d9098b91f83cca4edd220495,52,val,PKU37,pku_0012,pku_0012_f01,frame,vessel_gt_component_medium_count,8.0,ratio,512x512,640x640,1 px (physical spacing unverified),raw,0.5,0.35,spatial valid AND annotation-valid where available,none,sabids-evaluator-v0-20260828,1.0,1.0,1.0,runs/current/stage2_segment_roi_outside_fold0/validity_v0/frame_metrics.csv,pku_0012_f01;column=vessel_gt_component_medium_count,observed,
current-f0-stage2_segment_roi_outside_fold0,current-f0-e3b-v0-one-frame-original-geometry,E3b,segment,42,0,b85ea0c87d7d49a446b1d3ff5a513a21433654b1d9098b91f83cca4edd220495,52,val,PKU37,pku_0012,pku_0012_f01,frame,vessel_gt_component_medium_pixels,1270.0,px,512x512,640x640,1 px (physical spacing unverified),raw,0.5,0.35,spatial valid AND annotation-valid where available,none,sabids-evaluator-v0-20260828,1.0,1.0,1.0,runs/current/stage2_segment_roi_outside_fold0/validity_v0/frame_metrics.csv,pku_0012_f01;column=vessel_gt_component_medium_pixels,observed,
current-f0-stage2_segment_roi_outside_fold0,current-f0-e3b-v0-one-frame-original-geometry,E3b,segment,42,0,b85ea0c87d7d49a446b1d3ff5a513a21433654b1d9098b91f83cca4edd220495,52,val,PKU37,pku_0012,pku_0012_f01,frame,vessel_gt_component_medium_pixel_recall,0.7748031496062993,ratio,512x512,640x640,1 px (physical spacing unverified),raw,0.5,0.35,spatial valid AND annotation-valid where available,none,sabids-evaluator-v0-20260828,1.0,1.0,1.0,runs/current/stage2_segment_roi_outside_fold0/validity_v0/frame_metrics.csv,pku_0012_f01;column=vessel_gt_component_medium_pixel_recall,observed,
current-f0-stage2_segment_roi_outside_fold0,current-f0-e3b-v0-one-frame-original-geometry,E3b,segment,42,0,b85ea0c87d7d49a446b1d3ff5a513a21433654b1d9098b91f83cca4edd220495,52,val,PKU37,pku_0012,pku_0012_f01,frame,vessel_gt_component_medium_detection_recall,1.0,ratio,512x512,640x640,1 px (physical spacing unverified),raw,0.5,0.35,spatial valid AND annotation-valid where available,none,sabids-evaluator-v0-20260828,1.0,1.0,1.0,runs/current/stage2_segment_roi_outside_fold0/validity_v0/frame_metrics.csv,pku_0012_f01;column=vessel_gt_component_medium_detection_recall,observed,
current-f0-stage2_segment_roi_outside_fold0,current-f0-e3b-v0-one-frame-original-geometry,E3b,segment,42,0,b85ea0c87d7d49a446b1d3ff5a513a21433654b1d9098b91f83cca4edd220495,52,val,PKU37,pku_0012,pku_0012_f01,frame,vessel_gt_component_large_count,20.0,ratio,512x512,640x640,1 px (physical spacing unverified),raw,0.5,0.35,spatial valid AND annotation-valid where available,none,sabids-evaluator-v0-20260828,1.0,1.0,1.0,runs/current/stage2_segment_roi_outside_fold0/validity_v0/frame_metrics.csv,pku_0012_f01;column=vessel_gt_component_large_count,observed,
current-f0-stage2_segment_roi_outside_fold0,current-f0-e3b-v0-one-frame-original-geometry,E3b,segment,42,0,b85ea0c87d7d49a446b1d3ff5a513a21433654b1d9098b91f83cca4edd220495,52,val,PKU37,pku_0012,pku_0012_f01,frame,vessel_gt_component_large_pixels,19564.0,px,512x512,640x640,1 px (physical spacing unverified),raw,0.5,0.35,spatial valid AND annotation-valid where available,none,sabids-evaluator-v0-20260828,1.0,1.0,1.0,runs/current/stage2_segment_roi_outside_fold0/validity_v0/frame_metrics.csv,pku_0012_f01;column=vessel_gt_component_large_pixels,observed,
current-f0-stage2_segment_roi_outside_fold0,current-f0-e3b-v0-one-frame-original-geometry,E3b,segment,42,0,b85ea0c87d7d49a446b1d3ff5a513a21433654b1d9098b91f83cca4edd220495,52,val,PKU37,pku_0012,pku_0012_f01,frame,vessel_gt_component_large_pixel_recall,0.8390922101819669,ratio,512x512,640x640,1 px (physical spacing unverified),raw,0.5,0.35,spatial valid AND annotation-valid where available,none,sabids-evaluator-v0-20260828,1.0,1.0,1.0,runs/current/stage2_segment_roi_outside_fold0/validity_v0/frame_metrics.csv,pku_0012_f01;column=vessel_gt_component_large_pixel_recall,observed,
current-f0-stage2_segment_roi_outside_fold0,current-f0-e3b-v0-one-frame-original-geometry,E3b,segment,42,0,b85ea0c87d7d49a446b1d3ff5a513a21433654b1d9098b91f83cca4edd220495,52,val,PKU37,pku_0012,pku_0012_f01,frame,vessel_gt_component_large_detection_recall,0.95,ratio,512x512,640x640,1 px (physical spacing unverified),raw,0.5,0.35,spatial valid AND annotation-valid where available,none,sabids-evaluator-v0-20260828,1.0,1.0,1.0,runs/current/stage2_segment_roi_outside_fold0/validity_v0/frame_metrics.csv,pku_0012_f01;column=vessel_gt_component_large_detection_recall,observed,
current-f0-stage2_segment_roi_outside_fold0,current-f0-e3b-v0-one-frame-original-geometry,E3b,segment,42,0,b85ea0c87d7d49a446b1d3ff5a513a21433654b1d9098b91f83cca4edd220495,52,val,PKU37,pku_0012,pku_0012_f01,frame,vessel_boundary_band_dice,0.6832928337092001,ratio,512x512,640x640,1 px (physical spacing unverified),raw,0.5,0.35,spatial valid AND annotation-valid where available,none,sabids-evaluator-v0-20260828,1.0,1.0,1.0,runs/current/stage2_segment_roi_outside_fold0/validity_v0/frame_metrics.csv,pku_0012_f01;column=vessel_boundary_band_dice,observed,
current-f0-stage2_segment_roi_outside_fold0,current-f0-e3b-v0-one-frame-original-geometry,E3b,segment,42,0,b85ea0c87d7d49a446b1d3ff5a513a21433654b1d9098b91f83cca4edd220495,52,val,PKU37,pku_0012,pku_0012_f01,frame,vessel_boundary_band_iou,0.5189406203769384,ratio,512x512,640x640,1 px (physical spacing unverified),raw,0.5,0.35,spatial valid AND annotation-valid where available,none,sabids-evaluator-v0-20260828,1.0,1.0,1.0,runs/current/stage2_segment_roi_outside_fold0/validity_v0/frame_metrics.csv,pku_0012_f01;column=vessel_boundary_band_iou,observed,
current-f0-stage2_segment_roi_outside_fold0,current-f0-e3b-v0-one-frame-original-geometry,E3b,segment,42,0,b85ea0c87d7d49a446b1d3ff5a513a21433654b1d9098b91f83cca4edd220495,52,val,PKU37,pku_0012,pku_0012_f01,frame,vessel_boundary_band_background_iou,0.421237145573291,ratio,512x512,640x640,1 px (physical spacing unverified),raw,0.5,0.35,spatial valid AND annotation-valid where available,none,sabids-evaluator-v0-20260828,1.0,1.0,1.0,runs/current/stage2_segment_roi_outside_fold0/validity_v0/frame_metrics.csv,pku_0012_f01;column=vessel_boundary_band_background_iou,observed,
current-f0-stage2_segment_roi_outside_fold0,current-f0-e3b-v0-one-frame-original-geometry,E3b,segment,42,0,b85ea0c87d7d49a446b1d3ff5a513a21433654b1d9098b91f83cca4edd220495,52,val,PKU37,pku_0012,pku_0012_f01,frame,vessel_boundary_band_miou,0.4700888829751147,ratio,512x512,640x640,1 px (physical spacing unverified),raw,0.5,0.35,spatial valid AND annotation-valid where available,none,sabids-evaluator-v0-20260828,1.0,1.0,1.0,runs/current/stage2_segment_roi_outside_fold0/validity_v0/frame_metrics.csv,pku_0012_f01;column=vessel_boundary_band_miou,observed,
current-f0-stage2_segment_roi_outside_fold0,current-f0-e3b-v0-one-frame-original-geometry,E3b,segment,42,0,b85ea0c87d7d49a446b1d3ff5a513a21433654b1d9098b91f83cca4edd220495,52,val,PKU37,pku_0012,pku_0012_f01,frame,vessel_boundary_band_precision,0.651227043746853,ratio,512x512,640x640,1 px (physical spacing unverified),raw,0.5,0.35,spatial valid AND annotation-valid where available,none,sabids-evaluator-v0-20260828,1.0,1.0,1.0,runs/current/stage2_segment_roi_outside_fold0/validity_v0/frame_metrics.csv,pku_0012_f01;column=vessel_boundary_band_precision,observed,
current-f0-stage2_segment_roi_outside_fold0,current-f0-e3b-v0-one-frame-original-geometry,E3b,segment,42,0,b85ea0c87d7d49a446b1d3ff5a513a21433654b1d9098b91f83cca4edd220495,52,val,PKU37,pku_0012,pku_0012_f01,frame,vessel_boundary_band_recall,0.7186799390441503,ratio,512x512,640x640,1 px (physical spacing unverified),raw,0.5,0.35,spatial valid AND annotation-valid where available,none,sabids-evaluator-v0-20260828,1.0,1.0,1.0,runs/current/stage2_segment_roi_outside_fold0/validity_v0/frame_metrics.csv,pku_0012_f01;column=vessel_boundary_band_recall,observed,
current-f0-stage2_segment_roi_outside_fold0,current-f0-e3b-v0-one-frame-original-geometry,E3b,segment,42,0,b85ea0c87d7d49a446b1d3ff5a513a21433654b1d9098b91f83cca4edd220495,52,val,PKU37,pku_0012,pku_0012_f01,frame,vessel_boundary_band_specificity,0.5574801526386761,ratio,512x512,640x640,1 px (physical spacing unverified),raw,0.5,0.35,spatial valid AND annotation-valid where available,none,sabids-evaluator-v0-20260828,1.0,1.0,1.0,runs/current/stage2_segment_roi_outside_fold0/validity_v0/frame_metrics.csv,pku_0012_f01;column=vessel_boundary_band_specificity,observed,
current-f0-stage2_segment_roi_outside_fold0,current-f0-e3b-v0-one-frame-original-geometry,E3b,segment,42,0,b85ea0c87d7d49a446b1d3ff5a513a21433654b1d9098b91f83cca4edd220495,52,val,PKU37,pku_0012,pku_0012_f01,frame,vessel_boundary_band_accuracy,0.6436930455806382,ratio,512x512,640x640,1 px (physical spacing unverified),raw,0.5,0.35,spatial valid AND annotation-valid where available,none,sabids-evaluator-v0-20260828,1.0,1.0,1.0,runs/current/stage2_segment_roi_outside_fold0/validity_v0/frame_metrics.csv,pku_0012_f01;column=vessel_boundary_band_accuracy,observed,
current-f0-stage2_segment_roi_outside_fold0,current-f0-e3b-v0-one-frame-original-geometry,E3b,segment,42,0,b85ea0c87d7d49a446b1d3ff5a513a21433654b1d9098b91f83cca4edd220495,52,val,PKU37,pku_0012,pku_0012_f01,frame,vessel_boundary_band_fp_pixels,4292.0,px,512x512,640x640,1 px (physical spacing unverified),raw,0.5,0.35,spatial valid AND annotation-valid where available,none,sabids-evaluator-v0-20260828,1.0,1.0,1.0,runs/current/stage2_segment_roi_outside_fold0/validity_v0/frame_metrics.csv,pku_0012_f01;column=vessel_boundary_band_fp_pixels,observed,
current-f0-stage2_segment_roi_outside_fold0,current-f0-e3b-v0-one-frame-original-geometry,E3b,segment,42,0,b85ea0c87d7d49a446b1d3ff5a513a21433654b1d9098b91f83cca4edd220495,52,val,PKU37,pku_0012,pku_0012_f01,frame,vessel_boundary_band_fn_pixels,3137.0,px,512x512,640x640,1 px (physical spacing unverified),raw,0.5,0.35,spatial valid AND annotation-valid where available,none,sabids-evaluator-v0-20260828,1.0,1.0,1.0,runs/current/stage2_segment_roi_outside_fold0/validity_v0/frame_metrics.csv,pku_0012_f01;column=vessel_boundary_band_fn_pixels,observed,
current-f0-stage2_segment_roi_outside_fold0,current-f0-e3b-v0-one-frame-original-geometry,E3b,segment,42,0,b85ea0c87d7d49a446b1d3ff5a513a21433654b1d9098b91f83cca4edd220495,52,val,PKU37,pku_0012,pku_0012_f01,frame,whole_layer_baseline_vessel_dice,0.6223890902868061,ratio,512x512,640x640,1 px (physical spacing unverified),raw,0.5,0.35,spatial valid AND annotation-valid where available,none,sabids-evaluator-v0-20260828,1.0,1.0,1.0,runs/current/stage2_segment_roi_outside_fold0/validity_v0/frame_metrics.csv,pku_0012_f01;column=whole_layer_baseline_vessel_dice,observed,
current-f0-stage2_segment_roi_outside_fold0,current-f0-e3b-v0-one-frame-original-geometry,E3b,segment,42,0,b85ea0c87d7d49a446b1d3ff5a513a21433654b1d9098b91f83cca4edd220495,52,val,PKU37,pku_0012,pku_0012_f01,frame,empty_baseline_vessel_dice,4.6225673737057936e-11,ratio,512x512,640x640,1 px (physical spacing unverified),raw,0.5,0.35,spatial valid AND annotation-valid where available,none,sabids-evaluator-v0-20260828,1.0,1.0,1.0,runs/current/stage2_segment_roi_outside_fold0/validity_v0/frame_metrics.csv,pku_0012_f01;column=empty_baseline_vessel_dice,observed,
current-f0-stage2_segment_roi_outside_fold0,current-f0-e3b-v0-one-frame-original-geometry,E3b,segment,42,0,b85ea0c87d7d49a446b1d3ff5a513a21433654b1d9098b91f83cca4edd220495,52,val,PKU37,pku_0012,pku_0012_f01,frame,vessel_hd95,26.042245291445774,px,512x512,640x640,1 px (physical spacing unverified),raw,0.5,0.35,spatial valid AND annotation-valid where available,none,sabids-evaluator-v0-20260828,1.0,1.0,1.0,runs/current/stage2_segment_roi_outside_fold0/validity_v0/frame_metrics.csv,pku_0012_f01;column=vessel_hd95,observed,
current-f0-stage2_segment_roi_outside_fold0,current-f0-e3b-v0-one-frame-original-geometry,E3b,segment,42,0,b85ea0c87d7d49a446b1d3ff5a513a21433654b1d9098b91f83cca4edd220495,52,val,PKU37,pku_0012,pku_0012_f01,frame,vessel_assd,6.180927094963596,px,512x512,640x640,1 px (physical spacing unverified),raw,0.5,0.35,spatial valid AND annotation-valid where available,none,sabids-evaluator-v0-20260828,1.0,1.0,1.0,runs/current/stage2_segment_roi_outside_fold0/validity_v0/frame_metrics.csv,pku_0012_f01;column=vessel_assd,observed,
current-f0-stage2_segment_roi_outside_fold0,current-f0-e3b-v0-one-frame-original-geometry,E3b,segment,42,0,b85ea0c87d7d49a446b1d3ff5a513a21433654b1d9098b91f83cca4edd220495,52,val,PKU37,pku_0012,pku_0012_f01,frame,p1_empty_input,0.0,ratio,512x512,640x640,1 px (physical spacing unverified),p1,0.5,0.35,spatial valid AND annotation-valid where available,p0-p3-v1,sabids-evaluator-v0-20260828,1.0,1.0,1.0,runs/current/stage2_segment_roi_outside_fold0/validity_v0/frame_metrics.csv,pku_0012_f01;column=p1_empty_input,observed,
current-f0-stage2_segment_roi_outside_fold0,current-f0-e3b-v0-one-frame-original-geometry,E3b,segment,42,0,b85ea0c87d7d49a446b1d3ff5a513a21433654b1d9098b91f83cca4edd220495,52,val,PKU37,pku_0012,pku_0012_f01,frame,p1_component_count,3.0,ratio,512x512,640x640,1 px (physical spacing unverified),p1,0.5,0.35,spatial valid AND annotation-valid where available,p0-p3-v1,sabids-evaluator-v0-20260828,1.0,1.0,1.0,runs/current/stage2_segment_roi_outside_fold0/validity_v0/frame_metrics.csv,pku_0012_f01;column=p1_component_count,observed,
current-f0-stage2_segment_roi_outside_fold0,current-f0-e3b-v0-one-frame-original-geometry,E3b,segment,42,0,b85ea0c87d7d49a446b1d3ff5a513a21433654b1d9098b91f83cca4edd220495,52,val,PKU37,pku_0012,pku_0012_f01,frame,p1_removed_pixels,212.0,px,512x512,640x640,1 px (physical spacing unverified),p1,0.5,0.35,spatial valid AND annotation-valid where available,p0-p3-v1,sabids-evaluator-v0-20260828,1.0,1.0,1.0,runs/current/stage2_segment_roi_outside_fold0/validity_v0/frame_metrics.csv,pku_0012_f01;column=p1_removed_pixels,observed,
current-f0-stage2_segment_roi_outside_fold0,current-f0-e3b-v0-one-frame-original-geometry,E3b,segment,42,0,b85ea0c87d7d49a446b1d3ff5a513a21433654b1d9098b91f83cca4edd220495,52,val,PKU37,pku_0012,pku_0012_f01,frame,p1_filled_pixels,0.0,px,512x512,640x640,1 px (physical spacing unverified),p1,0.5,0.35,spatial valid AND annotation-valid where available,p0-p3-v1,sabids-evaluator-v0-20260828,1.0,1.0,1.0,runs/current/stage2_segment_roi_outside_fold0/validity_v0/frame_metrics.csv,pku_0012_f01;column=p1_filled_pixels,observed,
current-f0-stage2_segment_roi_outside_fold0,current-f0-e3b-v0-one-frame-original-geometry,E3b,segment,42,0,b85ea0c87d7d49a446b1d3ff5a513a21433654b1d9098b91f83cca4edd220495,52,val,PKU37,pku_0012,pku_0012_f01,frame,p1_main_fraction,0.9954560068588576,ratio,512x512,640x640,1 px (physical spacing unverified),p1,0.5,0.35,spatial valid AND annotation-valid where available,p0-p3-v1,sabids-evaluator-v0-20260828,1.0,1.0,1.0,runs/current/stage2_segment_roi_outside_fold0/validity_v0/frame_metrics.csv,pku_0012_f01;column=p1_main_fraction,observed,
current-f0-stage2_segment_roi_outside_fold0,current-f0-e3b-v0-one-frame-original-geometry,E3b,segment,42,0,b85ea0c87d7d49a446b1d3ff5a513a21433654b1d9098b91f83cca4edd220495,52,val,PKU37,pku_0012,pku_0012_f01,frame,p1_cleanup_failed,0.0,ratio,512x512,640x640,1 px (physical spacing unverified),p1,0.5,0.35,spatial valid AND annotation-valid where available,p0-p3-v1,sabids-evaluator-v0-20260828,1.0,1.0,1.0,runs/current/stage2_segment_roi_outside_fold0/validity_v0/frame_metrics.csv,pku_0012_f01;column=p1_cleanup_failed,observed,
current-f0-stage2_segment_roi_outside_fold0,current-f0-e3b-v0-one-frame-original-geometry,E3b,segment,42,0,b85ea0c87d7d49a446b1d3ff5a513a21433654b1d9098b91f83cca4edd220495,52,val,PKU37,pku_0012,pku_0012_f01,frame,p2_empty_input,0.0,ratio,512x512,640x640,1 px (physical spacing unverified),p2,0.5,0.35,spatial valid AND annotation-valid where available,p0-p3-v1,sabids-evaluator-v0-20260828,1.0,1.0,1.0,runs/current/stage2_segment_roi_outside_fold0/validity_v0/frame_metrics.csv,pku_0012_f01;column=p2_empty_input,observed,
current-f0-stage2_segment_roi_outside_fold0,current-f0-e3b-v0-one-frame-original-geometry,E3b,segment,42,0,b85ea0c87d7d49a446b1d3ff5a513a21433654b1d9098b91f83cca4edd220495,52,val,PKU37,pku_0012,pku_0012_f01,frame,p2_changed_columns,1.0,ratio,512x512,640x640,1 px (physical spacing unverified),p2,0.5,0.35,spatial valid AND annotation-valid where available,p0-p3-v1,sabids-evaluator-v0-20260828,1.0,1.0,1.0,runs/current/stage2_segment_roi_outside_fold0/validity_v0/frame_metrics.csv,pku_0012_f01;column=p2_changed_columns,observed,
current-f0-stage2_segment_roi_outside_fold0,current-f0-e3b-v0-one-frame-original-geometry,E3b,segment,42,0,b85ea0c87d7d49a446b1d3ff5a513a21433654b1d9098b91f83cca4edd220495,52,val,PKU37,pku_0012,pku_0012_f01,frame,p2_mean_abs_displacement,0.0015625,px,512x512,640x640,1 px (physical spacing unverified),p2,0.5,0.35,spatial valid AND annotation-valid where available,p0-p3-v1,sabids-evaluator-v0-20260828,1.0,1.0,1.0,runs/current/stage2_segment_roi_outside_fold0/validity_v0/frame_metrics.csv,pku_0012_f01;column=p2_mean_abs_displacement,observed,
current-f0-stage2_segment_roi_outside_fold0,current-f0-e3b-v0-one-frame-original-geometry,E3b,segment,42,0,b85ea0c87d7d49a446b1d3ff5a513a21433654b1d9098b91f83cca4edd220495,52,val,PKU37,pku_0012,pku_0012_f01,frame,p2_max_abs_displacement,1.0,px,512x512,640x640,1 px (physical spacing unverified),p2,0.5,0.35,spatial valid AND annotation-valid where available,p0-p3-v1,sabids-evaluator-v0-20260828,1.0,1.0,1.0,runs/current/stage2_segment_roi_outside_fold0/validity_v0/frame_metrics.csv,pku_0012_f01;column=p2_max_abs_displacement,observed,
current-f0-stage2_segment_roi_outside_fold0,current-f0-e3b-v0-one-frame-original-geometry,E3b,segment,42,0,b85ea0c87d7d49a446b1d3ff5a513a21433654b1d9098b91f83cca4edd220495,52,val,PKU37,pku_0012,pku_0012_f01,frame,p2_regularization_failed,0.0,ratio,512x512,640x640,1 px (physical spacing unverified),p2,0.5,0.35,spatial valid AND annotation-valid where available,p0-p3-v1,sabids-evaluator-v0-20260828,1.0,1.0,1.0,runs/current/stage2_segment_roi_outside_fold0/validity_v0/frame_metrics.csv,pku_0012_f01;column=p2_regularization_failed,observed,
current-f0-stage2_segment_roi_outside_fold0,current-f0-e3b-v0-one-frame-original-geometry,E3b,segment,42,0,b85ea0c87d7d49a446b1d3ff5a513a21433654b1d9098b91f83cca4edd220495,52,val,PKU37,pku_0012,pku_0012_f01,frame,p0_layer_dice,0.948274767818779,ratio,512x512,640x640,1 px (physical spacing unverified),p0,0.5,0.35,spatial valid AND annotation-valid where available,p0-p3-v1,sabids-evaluator-v0-20260828,1.0,1.0,1.0,runs/current/stage2_segment_roi_outside_fold0/validity_v0/frame_metrics.csv,pku_0012_f01;column=p0_layer_dice,observed,
current-f0-stage2_segment_roi_outside_fold0,current-f0-e3b-v0-one-frame-original-geometry,E3b,segment,42,0,b85ea0c87d7d49a446b1d3ff5a513a21433654b1d9098b91f83cca4edd220495,52,val,PKU37,pku_0012,pku_0012_f01,frame,p0_layer_iou,0.9016373657339656,ratio,512x512,640x640,1 px (physical spacing unverified),p0,0.5,0.35,spatial valid AND annotation-valid where available,p0-p3-v1,sabids-evaluator-v0-20260828,1.0,1.0,1.0,runs/current/stage2_segment_roi_outside_fold0/validity_v0/frame_metrics.csv,pku_0012_f01;column=p0_layer_iou,observed,
current-f0-stage2_segment_roi_outside_fold0,current-f0-e3b-v0-one-frame-original-geometry,E3b,segment,42,0,b85ea0c87d7d49a446b1d3ff5a513a21433654b1d9098b91f83cca4edd220495,52,val,PKU37,pku_0012,pku_0012_f01,frame,p0_layer_background_iou,0.9865945127969312,ratio,512x512,640x640,1 px (physical spacing unverified),p0,0.5,0.35,spatial valid AND annotation-valid where available,p0-p3-v1,sabids-evaluator-v0-20260828,1.0,1.0,1.0,runs/current/stage2_segment_roi_outside_fold0/validity_v0/frame_metrics.csv,pku_0012_f01;column=p0_layer_background_iou,observed,
current-f0-stage2_segment_roi_outside_fold0,current-f0-e3b-v0-one-frame-original-geometry,E3b,segment,42,0,b85ea0c87d7d49a446b1d3ff5a513a21433654b1d9098b91f83cca4edd220495,52,val,PKU37,pku_0012,pku_0012_f01,frame,p0_layer_miou,0.9441159392654483,ratio,512x512,640x640,1 px (physical spacing unverified),p0,0.5,0.35,spatial valid AND annotation-valid where available,p0-p3-v1,sabids-evaluator-v0-20260828,1.0,1.0,1.0,runs/current/stage2_segment_roi_outside_fold0/validity_v0/frame_metrics.csv,pku_0012_f01;column=p0_layer_miou,observed,
current-f0-stage2_segment_roi_outside_fold0,current-f0-e3b-v0-one-frame-original-geometry,E3b,segment,42,0,b85ea0c87d7d49a446b1d3ff5a513a21433654b1d9098b91f83cca4edd220495,52,val,PKU37,pku_0012,pku_0012_f01,frame,p0_layer_precision,0.96075447433371,ratio,512x512,640x640,1 px (physical spacing unverified),p0,0.5,0.35,spatial valid AND annotation-valid where available,p0-p3-v1,sabids-evaluator-v0-20260828,1.0,1.0,1.0,runs/current/stage2_segment_roi_outside_fold0/validity_v0/frame_metrics.csv,pku_0012_f01;column=p0_layer_precision,observed,
current-f0-stage2_segment_roi_outside_fold0,current-f0-e3b-v0-one-frame-original-geometry,E3b,segment,42,0,b85ea0c87d7d49a446b1d3ff5a513a21433654b1d9098b91f83cca4edd220495,52,val,PKU37,pku_0012,pku_0012_f01,frame,p0_layer_recall,0.936115113924856,ratio,512x512,640x640,1 px (physical spacing unverified),p0,0.5,0.35,spatial valid AND annotation-valid where available,p0-p3-v1,sabids-evaluator-v0-20260828,1.0,1.0,1.0,runs/current/stage2_segment_roi_outside_fold0/validity_v0/frame_metrics.csv,pku_0012_f01;column=p0_layer_recall,observed,
current-f0-stage2_segment_roi_outside_fold0,current-f0-e3b-v0-one-frame-original-geometry,E3b,segment,42,0,b85ea0c87d7d49a446b1d3ff5a513a21433654b1d9098b91f83cca4edd220495,52,val,PKU37,pku_0012,pku_0012_f01,frame,p0_layer_specificity,0.9949380316656532,ratio,512x512,640x640,1 px (physical spacing unverified),p0,0.5,0.35,spatial valid AND annotation-valid where available,p0-p3-v1,sabids-evaluator-v0-20260828,1.0,1.0,1.0,runs/current/stage2_segment_roi_outside_fold0/validity_v0/frame_metrics.csv,pku_0012_f01;column=p0_layer_specificity,observed,
current-f0-stage2_segment_roi_outside_fold0,current-f0-e3b-v0-one-frame-original-geometry,E3b,segment,42,0,b85ea0c87d7d49a446b1d3ff5a513a21433654b1d9098b91f83cca4edd220495,52,val,PKU37,pku_0012,pku_0012_f01,frame,p0_layer_accuracy,0.9880615234375292,ratio,512x512,640x640,1 px (physical spacing unverified),p0,0.5,0.35,spatial valid AND annotation-valid where available,p0-p3-v1,sabids-evaluator-v0-20260828,1.0,1.0,1.0,runs/current/stage2_segment_roi_outside_fold0/validity_v0/frame_metrics.csv,pku_0012_f01;column=p0_layer_accuracy,observed,
current-f0-stage2_segment_roi_outside_fold0,current-f0-e3b-v0-one-frame-original-geometry,E3b,segment,42,0,b85ea0c87d7d49a446b1d3ff5a513a21433654b1d9098b91f83cca4edd220495,52,val,PKU37,pku_0012,pku_0012_f01,frame,p0_upper_boundary_mae,1.6,px,512x512,640x640,1 px (physical spacing unverified),p0,0.5,0.35,spatial valid AND annotation-valid where available,p0-p3-v1,sabids-evaluator-v0-20260828,1.0,1.0,1.0,runs/current/stage2_segment_roi_outside_fold0/validity_v0/frame_metrics.csv,pku_0012_f01;column=p0_upper_boundary_mae,observed,
current-f0-stage2_segment_roi_outside_fold0,current-f0-e3b-v0-one-frame-original-geometry,E3b,segment,42,0,b85ea0c87d7d49a446b1d3ff5a513a21433654b1d9098b91f83cca4edd220495,52,val,PKU37,pku_0012,pku_0012_f01,frame,p0_lower_boundary_mae,6.9640625,px,512x512,640x640,1 px (physical spacing unverified),p0,0.5,0.35,spatial valid AND annotation-valid where available,p0-p3-v1,sabids-evaluator-v0-20260828,1.0,1.0,1.0,runs/current/stage2_segment_roi_outside_fold0/validity_v0/frame_metrics.csv,pku_0012_f01;column=p0_lower_boundary_mae,observed,
current-f0-stage2_segment_roi_outside_fold0,current-f0-e3b-v0-one-frame-original-geometry,E3b,segment,42,0,b85ea0c87d7d49a446b1d3ff5a513a21433654b1d9098b91f83cca4edd220495,52,val,PKU37,pku_0012,pku_0012_f01,frame,p0_thickness_mae,7.2453125,px,512x512,640x640,1 px (physical spacing unverified),p0,0.5,0.35,spatial valid AND annotation-valid where available,p0-p3-v1,sabids-evaluator-v0-20260828,1.0,1.0,1.0,runs/current/stage2_segment_roi_outside_fold0/validity_v0/frame_metrics.csv,pku_0012_f01;column=p0_thickness_mae,observed,
current-f0-stage2_segment_roi_outside_fold0,current-f0-e3b-v0-one-frame-original-geometry,E3b,segment,42,0,b85ea0c87d7d49a446b1d3ff5a513a21433654b1d9098b91f83cca4edd220495,52,val,PKU37,pku_0012,pku_0012_f01,frame,p1_layer_dice,0.9504060386325044,ratio,512x512,640x640,1 px (physical spacing unverified),p1,0.5,0.35,spatial valid AND annotation-valid where available,p0-p3-v1,sabids-evaluator-v0-20260828,1.0,1.0,1.0,runs/current/stage2_segment_roi_outside_fold0/validity_v0/frame_metrics.csv,pku_0012_f01;column=p1_layer_dice,observed,
current-f0-stage2_segment_roi_outside_fold0,current-f0-e3b-v0-one-frame-original-geometry,E3b,segment,42,0,b85ea0c87d7d49a446b1d3ff5a513a21433654b1d9098b91f83cca4edd220495,52,val,PKU37,pku_0012,pku_0012_f01,frame,p1_layer_iou,0.9054987677284656,ratio,512x512,640x640,1 px (physical spacing unverified),p1,0.5,0.35,spatial valid AND annotation-valid where available,p0-p3-v1,sabids-evaluator-v0-20260828,1.0,1.0,1.0,runs/current/stage2_segment_roi_outside_fold0/validity_v0/frame_metrics.csv,pku_0012_f01;column=p1_layer_iou,observed,
current-f0-stage2_segment_roi_outside_fold0,current-f0-e3b-v0-one-frame-original-geometry,E3b,segment,42,0,b85ea0c87d7d49a446b1d3ff5a513a21433654b1d9098b91f83cca4edd220495,52,val,PKU37,pku_0012,pku_0012_f01,frame,p1_layer_background_iou,0.9871756913832402,ratio,512x512,640x640,1 px (physical spacing unverified),p1,0.5,0.35,spatial valid AND annotation-valid where available,p0-p3-v1,sabids-evaluator-v0-20260828,1.0,1.0,1.0,runs/current/stage2_segment_roi_outside_fold0/validity_v0/frame_metrics.csv,pku_0012_f01;column=p1_layer_background_iou,observed,
current-f0-stage2_segment_roi_outside_fold0,current-f0-e3b-v0-one-frame-original-geometry,E3b,segment,42,0,b85ea0c87d7d49a446b1d3ff5a513a21433654b1d9098b91f83cca4edd220495,52,val,PKU37,pku_0012,pku_0012_f01,frame,p1_layer_miou,0.9463372295558528,ratio,512x512,640x640,1 px (physical spacing unverified),p1,0.5,0.35,spatial valid AND annotation-valid where available,p0-p3-v1,sabids-evaluator-v0-20260828,1.0,1.0,1.0,runs/current/stage2_segment_roi_outside_fold0/validity_v0/frame_metrics.csv,pku_0012_f01;column=p1_layer_miou,observed,
current-f0-stage2_segment_roi_outside_fold0,current-f0-e3b-v0-one-frame-original-geometry,E3b,segment,42,0,b85ea0c87d7d49a446b1d3ff5a513a21433654b1d9098b91f83cca4edd220495,52,val,PKU37,pku_0012,pku_0012_f01,frame,p1_layer_precision,0.9651400641654256,ratio,512x512,640x640,1 px (physical spacing unverified),p1,0.5,0.35,spatial valid AND annotation-valid where available,p0-p3-v1,sabids-evaluator-v0-20260828,1.0,1.0,1.0,runs/current/stage2_segment_roi_outside_fold0/validity_v0/frame_metrics.csv,pku_0012_f01;column=p1_layer_precision,observed,
current-f0-stage2_segment_roi_outside_fold0,current-f0-e3b-v0-one-frame-original-geometry,E3b,segment,42,0,b85ea0c87d7d49a446b1d3ff5a513a21433654b1d9098b91f83cca4edd220495,52,val,PKU37,pku_0012,pku_0012_f01,frame,p1_layer_recall,0.936115113924856,ratio,512x512,640x640,1 px (physical spacing unverified),p1,0.5,0.35,spatial valid AND annotation-valid where available,p0-p3-v1,sabids-evaluator-v0-20260828,1.0,1.0,1.0,runs/current/stage2_segment_roi_outside_fold0/validity_v0/frame_metrics.csv,pku_0012_f01;column=p1_layer_recall,observed,
current-f0-stage2_segment_roi_outside_fold0,current-f0-e3b-v0-one-frame-original-geometry,E3b,segment,42,0,b85ea0c87d7d49a446b1d3ff5a513a21433654b1d9098b91f83cca4edd220495,52,val,PKU37,pku_0012,pku_0012_f01,frame,p1_layer_specificity,0.9955241252139228,ratio,512x512,640x640,1 px (physical spacing unverified),p1,0.5,0.35,spatial valid AND annotation-valid where available,p0-p3-v1,sabids-evaluator-v0-20260828,1.0,1.0,1.0,runs/current/stage2_segment_roi_outside_fold0/validity_v0/frame_metrics.csv,pku_0012_f01;column=p1_layer_specificity,observed,
current-f0-stage2_segment_roi_outside_fold0,current-f0-e3b-v0-one-frame-original-geometry,E3b,segment,42,0,b85ea0c87d7d49a446b1d3ff5a513a21433654b1d9098b91f83cca4edd220495,52,val,PKU37,pku_0012,pku_0012_f01,frame,p1_layer_accuracy,0.988579101562528,ratio,512x512,640x640,1 px (physical spacing unverified),p1,0.5,0.35,spatial valid AND annotation-valid where available,p0-p3-v1,sabids-evaluator-v0-20260828,1.0,1.0,1.0,runs/current/stage2_segment_roi_outside_fold0/validity_v0/frame_metrics.csv,pku_0012_f01;column=p1_layer_accuracy,observed,
current-f0-stage2_segment_roi_outside_fold0,current-f0-e3b-v0-one-frame-original-geometry,E3b,segment,42,0,b85ea0c87d7d49a446b1d3ff5a513a21433654b1d9098b91f83cca4edd220495,52,val,PKU37,pku_0012,pku_0012_f01,frame,p1_upper_boundary_mae,1.6,px,512x512,640x640,1 px (physical spacing unverified),p1,0.5,0.35,spatial valid AND annotation-valid where available,p0-p3-v1,sabids-evaluator-v0-20260828,1.0,1.0,1.0,runs/current/stage2_segment_roi_outside_fold0/validity_v0/frame_metrics.csv,pku_0012_f01;column=p1_upper_boundary_mae,observed,
current-f0-stage2_segment_roi_outside_fold0,current-f0-e3b-v0-one-frame-original-geometry,E3b,segment,42,0,b85ea0c87d7d49a446b1d3ff5a513a21433654b1d9098b91f83cca4edd220495,52,val,PKU37,pku_0012,pku_0012_f01,frame,p1_lower_boundary_mae,5.709375,px,512x512,640x640,1 px (physical spacing unverified),p1,0.5,0.35,spatial valid AND annotation-valid where available,p0-p3-v1,sabids-evaluator-v0-20260828,1.0,1.0,1.0,runs/current/stage2_segment_roi_outside_fold0/validity_v0/frame_metrics.csv,pku_0012_f01;column=p1_lower_boundary_mae,observed,
current-f0-stage2_segment_roi_outside_fold0,current-f0-e3b-v0-one-frame-original-geometry,E3b,segment,42,0,b85ea0c87d7d49a446b1d3ff5a513a21433654b1d9098b91f83cca4edd220495,52,val,PKU37,pku_0012,pku_0012_f01,frame,p1_thickness_mae,5.9,px,512x512,640x640,1 px (physical spacing unverified),p1,0.5,0.35,spatial valid AND annotation-valid where available,p0-p3-v1,sabids-evaluator-v0-20260828,1.0,1.0,1.0,runs/current/stage2_segment_roi_outside_fold0/validity_v0/frame_metrics.csv,pku_0012_f01;column=p1_thickness_mae,observed,
current-f0-stage2_segment_roi_outside_fold0,current-f0-e3b-v0-one-frame-original-geometry,E3b,segment,42,0,b85ea0c87d7d49a446b1d3ff5a513a21433654b1d9098b91f83cca4edd220495,52,val,PKU37,pku_0012,pku_0012_f01,frame,p2_layer_dice,0.9503949112117636,ratio,512x512,640x640,1 px (physical spacing unverified),p2,0.5,0.35,spatial valid AND annotation-valid where available,p0-p3-v1,sabids-evaluator-v0-20260828,1.0,1.0,1.0,runs/current/stage2_segment_roi_outside_fold0/validity_v0/frame_metrics.csv,pku_0012_f01;column=p2_layer_dice,observed,
current-f0-stage2_segment_roi_outside_fold0,current-f0-e3b-v0-one-frame-original-geometry,E3b,segment,42,0,b85ea0c87d7d49a446b1d3ff5a513a21433654b1d9098b91f83cca4edd220495,52,val,PKU37,pku_0012,pku_0012_f01,frame,p2_layer_iou,0.9054785665244742,ratio,512x512,640x640,1 px (physical spacing unverified),p2,0.5,0.35,spatial valid AND annotation-valid where available,p0-p3-v1,sabids-evaluator-v0-20260828,1.0,1.0,1.0,runs/current/stage2_segment_roi_outside_fold0/validity_v0/frame_metrics.csv,pku_0012_f01;column=p2_layer_iou,observed,
current-f0-stage2_segment_roi_outside_fold0,current-f0-e3b-v0-one-frame-original-geometry,E3b,segment,42,0,b85ea0c87d7d49a446b1d3ff5a513a21433654b1d9098b91f83cca4edd220495,52,val,PKU37,pku_0012,pku_0012_f01,frame,p2_layer_background_iou,0.9871729851389008,ratio,512x512,640x640,1 px (physical spacing unverified),p2,0.5,0.35,spatial valid AND annotation-valid where available,p0-p3-v1,sabids-evaluator-v0-20260828,1.0,1.0,1.0,runs/current/stage2_segment_roi_outside_fold0/validity_v0/frame_metrics.csv,pku_0012_f01;column=p2_layer_background_iou,observed,
current-f0-stage2_segment_roi_outside_fold0,current-f0-e3b-v0-one-frame-original-geometry,E3b,segment,42,0,b85ea0c87d7d49a446b1d3ff5a513a21433654b1d9098b91f83cca4edd220495,52,val,PKU37,pku_0012,pku_0012_f01,frame,p2_layer_miou,0.9463257758316876,ratio,512x512,640x640,1 px (physical spacing unverified),p2,0.5,0.35,spatial valid AND annotation-valid where available,p0-p3-v1,sabids-evaluator-v0-20260828,1.0,1.0,1.0,runs/current/stage2_segment_roi_outside_fold0/validity_v0/frame_metrics.csv,pku_0012_f01;column=p2_layer_miou,observed,
current-f0-stage2_segment_roi_outside_fold0,current-f0-e3b-v0-one-frame-original-geometry,E3b,segment,42,0,b85ea0c87d7d49a446b1d3ff5a513a21433654b1d9098b91f83cca4edd220495,52,val,PKU37,pku_0012,pku_0012_f01,frame,p2_layer_precision,0.9651393135531384,ratio,512x512,640x640,1 px (physical spacing unverified),p2,0.5,0.35,spatial valid AND annotation-valid where available,p0-p3-v1,sabids-evaluator-v0-20260828,1.0,1.0,1.0,runs/current/stage2_segment_roi_outside_fold0/validity_v0/frame_metrics.csv,pku_0012_f01;column=p2_layer_precision,observed,
current-f0-stage2_segment_roi_outside_fold0,current-f0-e3b-v0-one-frame-original-geometry,E3b,segment,42,0,b85ea0c87d7d49a446b1d3ff5a513a21433654b1d9098b91f83cca4edd220495,52,val,PKU37,pku_0012,pku_0012_f01,frame,p2_layer_recall,0.9360942296861916,ratio,512x512,640x640,1 px (physical spacing unverified),p2,0.5,0.35,spatial valid AND annotation-valid where available,p0-p3-v1,sabids-evaluator-v0-20260828,1.0,1.0,1.0,runs/current/stage2_segment_roi_outside_fold0/validity_v0/frame_metrics.csv,pku_0012_f01;column=p2_layer_recall,observed,
current-f0-stage2_segment_roi_outside_fold0,current-f0-e3b-v0-one-frame-original-geometry,E3b,segment,42,0,b85ea0c87d7d49a446b1d3ff5a513a21433654b1d9098b91f83cca4edd220495,52,val,PKU37,pku_0012,pku_0012_f01,frame,p2_layer_specificity,0.9955241252139228,ratio,512x512,640x640,1 px (physical spacing unverified),p2,0.5,0.35,spatial valid AND annotation-valid where available,p0-p3-v1,sabids-evaluator-v0-20260828,1.0,1.0,1.0,runs/current/stage2_segment_roi_outside_fold0/validity_v0/frame_metrics.csv,pku_0012_f01;column=p2_layer_specificity,observed,
current-f0-stage2_segment_roi_outside_fold0,current-f0-e3b-v0-one-frame-original-geometry,E3b,segment,42,0,b85ea0c87d7d49a446b1d3ff5a513a21433654b1d9098b91f83cca4edd220495,52,val,PKU37,pku_0012,pku_0012_f01,frame,p2_layer_accuracy,0.988576660156278,ratio,512x512,640x640,1 px (physical spacing unverified),p2,0.5,0.35,spatial valid AND annotation-valid where available,p0-p3-v1,sabids-evaluator-v0-20260828,1.0,1.0,1.0,runs/current/stage2_segment_roi_outside_fold0/validity_v0/frame_metrics.csv,pku_0012_f01;column=p2_layer_accuracy,observed,
current-f0-stage2_segment_roi_outside_fold0,current-f0-e3b-v0-one-frame-original-geometry,E3b,segment,42,0,b85ea0c87d7d49a446b1d3ff5a513a21433654b1d9098b91f83cca4edd220495,52,val,PKU37,pku_0012,pku_0012_f01,frame,p2_upper_boundary_mae,1.6,px,512x512,640x640,1 px (physical spacing unverified),p2,0.5,0.35,spatial valid AND annotation-valid where available,p0-p3-v1,sabids-evaluator-v0-20260828,1.0,1.0,1.0,runs/current/stage2_segment_roi_outside_fold0/validity_v0/frame_metrics.csv,pku_0012_f01;column=p2_upper_boundary_mae,observed,
current-f0-stage2_segment_roi_outside_fold0,current-f0-e3b-v0-one-frame-original-geometry,E3b,segment,42,0,b85ea0c87d7d49a446b1d3ff5a513a21433654b1d9098b91f83cca4edd220495,52,val,PKU37,pku_0012,pku_0012_f01,frame,p2_lower_boundary_mae,5.7109375,px,512x512,640x640,1 px (physical spacing unverified),p2,0.5,0.35,spatial valid AND annotation-valid where available,p0-p3-v1,sabids-evaluator-v0-20260828,1.0,1.0,1.0,runs/current/stage2_segment_roi_outside_fold0/validity_v0/frame_metrics.csv,pku_0012_f01;column=p2_lower_boundary_mae,observed,
current-f0-stage2_segment_roi_outside_fold0,current-f0-e3b-v0-one-frame-original-geometry,E3b,segment,42,0,b85ea0c87d7d49a446b1d3ff5a513a21433654b1d9098b91f83cca4edd220495,52,val,PKU37,pku_0012,pku_0012_f01,frame,p2_thickness_mae,5.9015625,px,512x512,640x640,1 px (physical spacing unverified),p2,0.5,0.35,spatial valid AND annotation-valid where available,p0-p3-v1,sabids-evaluator-v0-20260828,1.0,1.0,1.0,runs/current/stage2_segment_roi_outside_fold0/validity_v0/frame_metrics.csv,pku_0012_f01;column=p2_thickness_mae,observed,
current-f0-stage2_segment_roi_outside_fold0,current-f0-e3b-v0-one-frame-original-geometry,E3b,segment,42,0,b85ea0c87d7d49a446b1d3ff5a513a21433654b1d9098b91f83cca4edd220495,52,val,PKU37,pku_0012,pku_0012_f01,frame,p0_vessel_dice,0.7397691718004233,ratio,512x512,640x640,1 px (physical spacing unverified),p0,0.5,0.35,spatial valid AND annotation-valid where available,p0-p3-v1,sabids-evaluator-v0-20260828,1.0,1.0,1.0,runs/current/stage2_segment_roi_outside_fold0/validity_v0/frame_metrics.csv,pku_0012_f01;column=p0_vessel_dice,observed,
current-f0-stage2_segment_roi_outside_fold0,current-f0-e3b-v0-one-frame-original-geometry,E3b,segment,42,0,b85ea0c87d7d49a446b1d3ff5a513a21433654b1d9098b91f83cca4edd220495,52,val,PKU37,pku_0012,pku_0012_f01,frame,p0_vessel_iou,0.5870108517071025,ratio,512x512,640x640,1 px (physical spacing unverified),p0,0.5,0.35,spatial valid AND annotation-valid where available,p0-p3-v1,sabids-evaluator-v0-20260828,1.0,1.0,1.0,runs/current/stage2_segment_roi_outside_fold0/validity_v0/frame_metrics.csv,pku_0012_f01;column=p0_vessel_iou,observed,
current-f0-stage2_segment_roi_outside_fold0,current-f0-e3b-v0-one-frame-original-geometry,E3b,segment,42,0,b85ea0c87d7d49a446b1d3ff5a513a21433654b1d9098b91f83cca4edd220495,52,val,PKU37,pku_0012,pku_0012_f01,frame,p0_vessel_background_iou,0.967941207252685,ratio,512x512,640x640,1 px (physical spacing unverified),p0,0.5,0.35,spatial valid AND annotation-valid where available,p0-p3-v1,sabids-evaluator-v0-20260828,1.0,1.0,1.0,runs/current/stage2_segment_roi_outside_fold0/validity_v0/frame_metrics.csv,pku_0012_f01;column=p0_vessel_background_iou,observed,
current-f0-stage2_segment_roi_outside_fold0,current-f0-e3b-v0-one-frame-original-geometry,E3b,segment,42,0,b85ea0c87d7d49a446b1d3ff5a513a21433654b1d9098b91f83cca4edd220495,52,val,PKU37,pku_0012,pku_0012_f01,frame,p0_vessel_miou,0.7774760294798937,ratio,512x512,640x640,1 px (physical spacing unverified),p0,0.5,0.35,spatial valid AND annotation-valid where available,p0-p3-v1,sabids-evaluator-v0-20260828,1.0,1.0,1.0,runs/current/stage2_segment_roi_outside_fold0/validity_v0/frame_metrics.csv,pku_0012_f01;column=p0_vessel_miou,observed,
current-f0-stage2_segment_roi_outside_fold0,current-f0-e3b-v0-one-frame-original-geometry,E3b,segment,42,0,b85ea0c87d7d49a446b1d3ff5a513a21433654b1d9098b91f83cca4edd220495,52,val,PKU37,pku_0012,pku_0012_f01,frame,p0_vessel_precision,0.6703845576209109,ratio,512x512,640x640,1 px (physical spacing unverified),p0,0.5,0.35,spatial valid AND annotation-valid where available,p0-p3-v1,sabids-evaluator-v0-20260828,1.0,1.0,1.0,runs/current/stage2_segment_roi_outside_fold0/validity_v0/frame_metrics.csv,pku_0012_f01;column=p0_vessel_precision,observed,
current-f0-stage2_segment_roi_outside_fold0,current-f0-e3b-v0-one-frame-original-geometry,E3b,segment,42,0,b85ea0c87d7d49a446b1d3ff5a513a21433654b1d9098b91f83cca4edd220495,52,val,PKU37,pku_0012,pku_0012_f01,frame,p0_vessel_recall,0.8251745019264469,ratio,512x512,640x640,1 px (physical spacing unverified),p0,0.5,0.35,spatial valid AND annotation-valid where available,p0-p3-v1,sabids-evaluator-v0-20260828,1.0,1.0,1.0,runs/current/stage2_segment_roi_outside_fold0/validity_v0/frame_metrics.csv,pku_0012_f01;column=p0_vessel_recall,observed,
current-f0-stage2_segment_roi_outside_fold0,current-f0-e3b-v0-one-frame-original-geometry,E3b,segment,42,0,b85ea0c87d7d49a446b1d3ff5a513a21433654b1d9098b91f83cca4edd220495,52,val,PKU37,pku_0012,pku_0012_f01,frame,p0_vessel_specificity,0.9773769418533602,ratio,512x512,640x640,1 px (physical spacing unverified),p0,0.5,0.35,spatial valid AND annotation-valid where available,p0-p3-v1,sabids-evaluator-v0-20260828,1.0,1.0,1.0,runs/current/stage2_segment_roi_outside_fold0/validity_v0/frame_metrics.csv,pku_0012_f01;column=p0_vessel_specificity,observed,
current-f0-stage2_segment_roi_outside_fold0,current-f0-e3b-v0-one-frame-original-geometry,E3b,segment,42,0,b85ea0c87d7d49a446b1d3ff5a513a21433654b1d9098b91f83cca4edd220495,52,val,PKU37,pku_0012,pku_0012_f01,frame,p0_vessel_accuracy,0.9693383789063248,ratio,512x512,640x640,1 px (physical spacing unverified),p0,0.5,0.35,spatial valid AND annotation-valid where available,p0-p3-v1,sabids-evaluator-v0-20260828,1.0,1.0,1.0,runs/current/stage2_segment_roi_outside_fold0/validity_v0/frame_metrics.csv,pku_0012_f01;column=p0_vessel_accuracy,observed,
current-f0-stage2_segment_roi_outside_fold0,current-f0-e3b-v0-one-frame-original-geometry,E3b,segment,42,0,b85ea0c87d7d49a446b1d3ff5a513a21433654b1d9098b91f83cca4edd220495,52,val,PKU37,pku_0012,pku_0012_f01,frame,p3_raw_pixels,26628.0,px,512x512,640x640,1 px (physical spacing unverified),p3,0.5,0.35,spatial valid AND annotation-valid where available,p0-p3-v1,sabids-evaluator-v0-20260828,1.0,1.0,1.0,runs/current/stage2_segment_roi_outside_fold0/validity_v0/frame_metrics.csv,pku_0012_f01;column=p3_raw_pixels,observed,
current-f0-stage2_segment_roi_outside_fold0,current-f0-e3b-v0-one-frame-original-geometry,E3b,segment,42,0,b85ea0c87d7d49a446b1d3ff5a513a21433654b1d9098b91f83cca4edd220495,52,val,PKU37,pku_0012,pku_0012_f01,frame,p3_final_pixels,24385.0,px,512x512,640x640,1 px (physical spacing unverified),p3,0.5,0.35,spatial valid AND annotation-valid where available,p0-p3-v1,sabids-evaluator-v0-20260828,1.0,1.0,1.0,runs/current/stage2_segment_roi_outside_fold0/validity_v0/frame_metrics.csv,pku_0012_f01;column=p3_final_pixels,observed,
current-f0-stage2_segment_roi_outside_fold0,current-f0-e3b-v0-one-frame-original-geometry,E3b,segment,42,0,b85ea0c87d7d49a446b1d3ff5a513a21433654b1d9098b91f83cca4edd220495,52,val,PKU37,pku_0012,pku_0012_f01,frame,p3_removed_pixels,2243.0,px,512x512,640x640,1 px (physical spacing unverified),p3,0.5,0.35,spatial valid AND annotation-valid where available,p0-p3-v1,sabids-evaluator-v0-20260828,1.0,1.0,1.0,runs/current/stage2_segment_roi_outside_fold0/validity_v0/frame_metrics.csv,pku_0012_f01;column=p3_removed_pixels,observed,
current-f0-stage2_segment_roi_outside_fold0,current-f0-e3b-v0-one-frame-original-geometry,E3b,segment,42,0,b85ea0c87d7d49a446b1d3ff5a513a21433654b1d9098b91f83cca4edd220495,52,val,PKU37,pku_0012,pku_0012_f01,frame,p3_removed_fraction,0.084234640228331,ratio,512x512,640x640,1 px (physical spacing unverified),p3,0.5,0.35,spatial valid AND annotation-valid where available,p0-p3-v1,sabids-evaluator-v0-20260828,1.0,1.0,1.0,runs/current/stage2_segment_roi_outside_fold0/validity_v0/frame_metrics.csv,pku_0012_f01;column=p3_removed_fraction,observed,
current-f0-stage2_segment_roi_outside_fold0,current-f0-e3b-v0-one-frame-original-geometry,E3b,segment,42,0,b85ea0c87d7d49a446b1d3ff5a513a21433654b1d9098b91f83cca4edd220495,52,val,PKU37,pku_0012,pku_0012_f01,frame,p3_empty_raw,0.0,ratio,512x512,640x640,1 px (physical spacing unverified),p3,0.5,0.35,spatial valid AND annotation-valid where available,p0-p3-v1,sabids-evaluator-v0-20260828,1.0,1.0,1.0,runs/current/stage2_segment_roi_outside_fold0/validity_v0/frame_metrics.csv,pku_0012_f01;column=p3_empty_raw,observed,
current-f0-stage2_segment_roi_outside_fold0,current-f0-e3b-v0-one-frame-original-geometry,E3b,segment,42,0,b85ea0c87d7d49a446b1d3ff5a513a21433654b1d9098b91f83cca4edd220495,52,val,PKU37,pku_0012,pku_0012_f01,frame,p3_empty_final,0.0,ratio,512x512,640x640,1 px (physical spacing unverified),p3,0.5,0.35,spatial valid AND annotation-valid where available,p0-p3-v1,sabids-evaluator-v0-20260828,1.0,1.0,1.0,runs/current/stage2_segment_roi_outside_fold0/validity_v0/frame_metrics.csv,pku_0012_f01;column=p3_empty_final,observed,
current-f0-stage2_segment_roi_outside_fold0,current-f0-e3b-v0-one-frame-original-geometry,E3b,segment,42,0,b85ea0c87d7d49a446b1d3ff5a513a21433654b1d9098b91f83cca4edd220495,52,val,PKU37,pku_0012,pku_0012_f01,frame,p3_outside_final_layer_pixels,0.0,px,512x512,640x640,1 px (physical spacing unverified),p3,0.5,0.35,spatial valid AND annotation-valid where available,p0-p3-v1,sabids-evaluator-v0-20260828,1.0,1.0,1.0,runs/current/stage2_segment_roi_outside_fold0/validity_v0/frame_metrics.csv,pku_0012_f01;column=p3_outside_final_layer_pixels,observed,
current-f0-stage2_segment_roi_outside_fold0,current-f0-e3b-v0-one-frame-original-geometry,E3b,segment,42,0,b85ea0c87d7d49a446b1d3ff5a513a21433654b1d9098b91f83cca4edd220495,52,val,PKU37,pku_0012,pku_0012_f01,frame,p3_removed_tp,0.0,ratio,512x512,640x640,1 px (physical spacing unverified),p3,0.5,0.35,spatial valid AND annotation-valid where available,p0-p3-v1,sabids-evaluator-v0-20260828,1.0,1.0,1.0,runs/current/stage2_segment_roi_outside_fold0/validity_v0/frame_metrics.csv,pku_0012_f01;column=p3_removed_tp,observed,
current-f0-stage2_segment_roi_outside_fold0,current-f0-e3b-v0-one-frame-original-geometry,E3b,segment,42,0,b85ea0c87d7d49a446b1d3ff5a513a21433654b1d9098b91f83cca4edd220495,52,val,PKU37,pku_0012,pku_0012_f01,frame,p3_removed_fp,2243.0,ratio,512x512,640x640,1 px (physical spacing unverified),p3,0.5,0.35,spatial valid AND annotation-valid where available,p0-p3-v1,sabids-evaluator-v0-20260828,1.0,1.0,1.0,runs/current/stage2_segment_roi_outside_fold0/validity_v0/frame_metrics.csv,pku_0012_f01;column=p3_removed_fp,observed,
current-f0-stage2_segment_roi_outside_fold0,current-f0-e3b-v0-one-frame-original-geometry,E3b,segment,42,0,b85ea0c87d7d49a446b1d3ff5a513a21433654b1d9098b91f83cca4edd220495,52,val,PKU37,pku_0012,pku_0012_f01,frame,p3_vessel_dice,0.7758268503677729,ratio,512x512,640x640,1 px (physical spacing unverified),p3,0.5,0.35,spatial valid AND annotation-valid where available,p0-p3-v1,sabids-evaluator-v0-20260828,1.0,1.0,1.0,runs/current/stage2_segment_roi_outside_fold0/validity_v0/frame_metrics.csv,pku_0012_f01;column=p3_vessel_dice,observed,
current-f0-stage2_segment_roi_outside_fold0,current-f0-e3b-v0-one-frame-original-geometry,E3b,segment,42,0,b85ea0c87d7d49a446b1d3ff5a513a21433654b1d9098b91f83cca4edd220495,52,val,PKU37,pku_0012,pku_0012_f01,frame,p3_vessel_iou,0.6337558135536707,ratio,512x512,640x640,1 px (physical spacing unverified),p3,0.5,0.35,spatial valid AND annotation-valid where available,p0-p3-v1,sabids-evaluator-v0-20260828,1.0,1.0,1.0,runs/current/stage2_segment_roi_outside_fold0/validity_v0/frame_metrics.csv,pku_0012_f01;column=p3_vessel_iou,observed,
current-f0-stage2_segment_roi_outside_fold0,current-f0-e3b-v0-one-frame-original-geometry,E3b,segment,42,0,b85ea0c87d7d49a446b1d3ff5a513a21433654b1d9098b91f83cca4edd220495,52,val,PKU37,pku_0012,pku_0012_f01,frame,p3_vessel_background_iou,0.9736668121680624,ratio,512x512,640x640,1 px (physical spacing unverified),p3,0.5,0.35,spatial valid AND annotation-valid where available,p0-p3-v1,sabids-evaluator-v0-20260828,1.0,1.0,1.0,runs/current/stage2_segment_roi_outside_fold0/validity_v0/frame_metrics.csv,pku_0012_f01;column=p3_vessel_background_iou,observed,
current-f0-stage2_segment_roi_outside_fold0,current-f0-e3b-v0-one-frame-original-geometry,E3b,segment,42,0,b85ea0c87d7d49a446b1d3ff5a513a21433654b1d9098b91f83cca4edd220495,52,val,PKU37,pku_0012,pku_0012_f01,frame,p3_vessel_miou,0.8037113128608666,ratio,512x512,640x640,1 px (physical spacing unverified),p3,0.5,0.35,spatial valid AND annotation-valid where available,p0-p3-v1,sabids-evaluator-v0-20260828,1.0,1.0,1.0,runs/current/stage2_segment_roi_outside_fold0/validity_v0/frame_metrics.csv,pku_0012_f01;column=p3_vessel_miou,observed,
current-f0-stage2_segment_roi_outside_fold0,current-f0-e3b-v0-one-frame-original-geometry,E3b,segment,42,0,b85ea0c87d7d49a446b1d3ff5a513a21433654b1d9098b91f83cca4edd220495,52,val,PKU37,pku_0012,pku_0012_f01,frame,p3_vessel_precision,0.7320483904149252,ratio,512x512,640x640,1 px (physical spacing unverified),p3,0.5,0.35,spatial valid AND annotation-valid where available,p0-p3-v1,sabids-evaluator-v0-20260828,1.0,1.0,1.0,runs/current/stage2_segment_roi_outside_fold0/validity_v0/frame_metrics.csv,pku_0012_f01;column=p3_vessel_precision,observed,
current-f0-stage2_segment_roi_outside_fold0,current-f0-e3b-v0-one-frame-original-geometry,E3b,segment,42,0,b85ea0c87d7d49a446b1d3ff5a513a21433654b1d9098b91f83cca4edd220495,52,val,PKU37,pku_0012,pku_0012_f01,frame,p3_vessel_recall,0.8251745019264469,ratio,512x512,640x640,1 px (physical spacing unverified),p3,0.5,0.35,spatial valid AND annotation-valid where available,p0-p3-v1,sabids-evaluator-v0-20260828,1.0,1.0,1.0,runs/current/stage2_segment_roi_outside_fold0/validity_v0/frame_metrics.csv,pku_0012_f01;column=p3_vessel_recall,observed,
current-f0-stage2_segment_roi_outside_fold0,current-f0-e3b-v0-one-frame-original-geometry,E3b,segment,42,0,b85ea0c87d7d49a446b1d3ff5a513a21433654b1d9098b91f83cca4edd220495,52,val,PKU37,pku_0012,pku_0012_f01,frame,p3_vessel_specificity,0.9831583614070702,ratio,512x512,640x640,1 px (physical spacing unverified),p3,0.5,0.35,spatial valid AND annotation-valid where available,p0-p3-v1,sabids-evaluator-v0-20260828,1.0,1.0,1.0,runs/current/stage2_segment_roi_outside_fold0/validity_v0/frame_metrics.csv,pku_0012_f01;column=p3_vessel_specificity,observed,
current-f0-stage2_segment_roi_outside_fold0,current-f0-e3b-v0-one-frame-original-geometry,E3b,segment,42,0,b85ea0c87d7d49a446b1d3ff5a513a21433654b1d9098b91f83cca4edd220495,52,val,PKU37,pku_0012,pku_0012_f01,frame,p3_vessel_accuracy,0.9748144531250617,ratio,512x512,640x640,1 px (physical spacing unverified),p3,0.5,0.35,spatial valid AND annotation-valid where available,p0-p3-v1,sabids-evaluator-v0-20260828,1.0,1.0,1.0,runs/current/stage2_segment_roi_outside_fold0/validity_v0/frame_metrics.csv,pku_0012_f01;column=p3_vessel_accuracy,observed,
current-f0-stage2_segment_roi_outside_fold0,current-f0-e3b-v0-one-frame-original-geometry,E3b,segment,42,0,b85ea0c87d7d49a446b1d3ff5a513a21433654b1d9098b91f83cca4edd220495,52,val,PKU37,pku_0040,pku_0040_f01,frame,original_height,640.0,ratio,512x512,640x640,1 px (physical spacing unverified),raw,0.5,0.35,spatial valid AND annotation-valid where available,none,sabids-evaluator-v0-20260828,1.0,1.0,1.0,runs/current/stage2_segment_roi_outside_fold0/validity_v0/frame_metrics.csv,pku_0040_f01;column=original_height,observed,
current-f0-stage2_segment_roi_outside_fold0,current-f0-e3b-v0-one-frame-original-geometry,E3b,segment,42,0,b85ea0c87d7d49a446b1d3ff5a513a21433654b1d9098b91f83cca4edd220495,52,val,PKU37,pku_0040,pku_0040_f01,frame,original_width,640.0,ratio,512x512,640x640,1 px (physical spacing unverified),raw,0.5,0.35,spatial valid AND annotation-valid where available,none,sabids-evaluator-v0-20260828,1.0,1.0,1.0,runs/current/stage2_segment_roi_outside_fold0/validity_v0/frame_metrics.csv,pku_0040_f01;column=original_width,observed,
current-f0-stage2_segment_roi_outside_fold0,current-f0-e3b-v0-one-frame-original-geometry,E3b,segment,42,0,b85ea0c87d7d49a446b1d3ff5a513a21433654b1d9098b91f83cca4edd220495,52,val,PKU37,pku_0040,pku_0040_f01,frame,model_input_height,512.0,ratio,512x512,640x640,1 px (physical spacing unverified),raw,0.5,0.35,spatial valid AND annotation-valid where available,none,sabids-evaluator-v0-20260828,1.0,1.0,1.0,runs/current/stage2_segment_roi_outside_fold0/validity_v0/frame_metrics.csv,pku_0040_f01;column=model_input_height,observed,
current-f0-stage2_segment_roi_outside_fold0,current-f0-e3b-v0-one-frame-original-geometry,E3b,segment,42,0,b85ea0c87d7d49a446b1d3ff5a513a21433654b1d9098b91f83cca4edd220495,52,val,PKU37,pku_0040,pku_0040_f01,frame,model_input_width,512.0,ratio,512x512,640x640,1 px (physical spacing unverified),raw,0.5,0.35,spatial valid AND annotation-valid where available,none,sabids-evaluator-v0-20260828,1.0,1.0,1.0,runs/current/stage2_segment_roi_outside_fold0/validity_v0/frame_metrics.csv,pku_0040_f01;column=model_input_width,observed,
current-f0-stage2_segment_roi_outside_fold0,current-f0-e3b-v0-one-frame-original-geometry,E3b,segment,42,0,b85ea0c87d7d49a446b1d3ff5a513a21433654b1d9098b91f83cca4edd220495,52,val,PKU37,pku_0040,pku_0040_f01,frame,manifest_group_frames,41.0,ratio,512x512,640x640,1 px (physical spacing unverified),raw,0.5,0.35,spatial valid AND annotation-valid where available,none,sabids-evaluator-v0-20260828,1.0,1.0,1.0,runs/current/stage2_segment_roi_outside_fold0/validity_v0/frame_metrics.csv,pku_0040_f01;column=manifest_group_frames,observed,
current-f0-stage2_segment_roi_outside_fold0,current-f0-e3b-v0-one-frame-original-geometry,E3b,segment,42,0,b85ea0c87d7d49a446b1d3ff5a513a21433654b1d9098b91f83cca4edd220495,52,val,PKU37,pku_0040,pku_0040_f01,frame,evaluation_height,640.0,ratio,512x512,640x640,1 px (physical spacing unverified),raw,0.5,0.35,spatial valid AND annotation-valid where available,none,sabids-evaluator-v0-20260828,1.0,1.0,1.0,runs/current/stage2_segment_roi_outside_fold0/validity_v0/frame_metrics.csv,pku_0040_f01;column=evaluation_height,observed,
current-f0-stage2_segment_roi_outside_fold0,current-f0-e3b-v0-one-frame-original-geometry,E3b,segment,42,0,b85ea0c87d7d49a446b1d3ff5a513a21433654b1d9098b91f83cca4edd220495,52,val,PKU37,pku_0040,pku_0040_f01,frame,evaluation_width,640.0,ratio,512x512,640x640,1 px (physical spacing unverified),raw,0.5,0.35,spatial valid AND annotation-valid where available,none,sabids-evaluator-v0-20260828,1.0,1.0,1.0,runs/current/stage2_segment_roi_outside_fold0/validity_v0/frame_metrics.csv,pku_0040_f01;column=evaluation_width,observed,
current-f0-stage2_segment_roi_outside_fold0,current-f0-e3b-v0-one-frame-original-geometry,E3b,segment,42,0,b85ea0c87d7d49a446b1d3ff5a513a21433654b1d9098b91f83cca4edd220495,52,val,PKU37,pku_0040,pku_0040_f01,frame,pred_layer_vessel_dice,0.630775283389919,ratio,512x512,640x640,1 px (physical spacing unverified),raw,0.5,0.35,spatial valid AND annotation-valid where available,none,sabids-evaluator-v0-20260828,1.0,1.0,1.0,runs/current/stage2_segment_roi_outside_fold0/validity_v0/frame_metrics.csv,pku_0040_f01;column=pred_layer_vessel_dice,observed,
current-f0-stage2_segment_roi_outside_fold0,current-f0-e3b-v0-one-frame-original-geometry,E3b,segment,42,0,b85ea0c87d7d49a446b1d3ff5a513a21433654b1d9098b91f83cca4edd220495,52,val,PKU37,pku_0040,pku_0040_f01,frame,pred_vessel_fraction_of_layer,0.4690619857377948,ratio,512x512,640x640,1 px (physical spacing unverified),raw,0.5,0.35,spatial valid AND annotation-valid where available,none,sabids-evaluator-v0-20260828,1.0,1.0,1.0,runs/current/stage2_segment_roi_outside_fold0/validity_v0/frame_metrics.csv,pku_0040_f01;column=pred_vessel_fraction_of_layer,observed,
current-f0-stage2_segment_roi_outside_fold0,current-f0-e3b-v0-one-frame-original-geometry,E3b,segment,42,0,b85ea0c87d7d49a446b1d3ff5a513a21433654b1d9098b91f83cca4edd220495,52,val,PKU37,pku_0040,pku_0040_f01,frame,pred_vessel_outside_layer_fraction,0.0373386370459321,ratio,512x512,640x640,1 px (physical spacing unverified),raw,0.5,0.35,spatial valid AND annotation-valid where available,none,sabids-evaluator-v0-20260828,1.0,1.0,1.0,runs/current/stage2_segment_roi_outside_fold0/validity_v0/frame_metrics.csv,pku_0040_f01;column=pred_vessel_outside_layer_fraction,observed,
current-f0-stage2_segment_roi_outside_fold0,current-f0-e3b-v0-one-frame-original-geometry,E3b,segment,42,0,b85ea0c87d7d49a446b1d3ff5a513a21433654b1d9098b91f83cca4edd220495,52,val,PKU37,pku_0040,pku_0040_f01,frame,psnr,34.21477325121669,dB,512x512,640x640,1 px (physical spacing unverified),raw,0.5,0.35,spatial valid AND annotation-valid where available,none,sabids-evaluator-v0-20260828,1.0,1.0,1.0,runs/current/stage2_segment_roi_outside_fold0/validity_v0/frame_metrics.csv,pku_0040_f01;column=psnr,observed,
current-f0-stage2_segment_roi_outside_fold0,current-f0-e3b-v0-one-frame-original-geometry,E3b,segment,42,0,b85ea0c87d7d49a446b1d3ff5a513a21433654b1d9098b91f83cca4edd220495,52,val,PKU37,pku_0040,pku_0040_f01,frame,psnr_noisy,25.436843680447588,dB,512x512,640x640,1 px (physical spacing unverified),raw,0.5,0.35,spatial valid AND annotation-valid where available,none,sabids-evaluator-v0-20260828,1.0,1.0,1.0,runs/current/stage2_segment_roi_outside_fold0/validity_v0/frame_metrics.csv,pku_0040_f01;column=psnr_noisy,observed,
current-f0-stage2_segment_roi_outside_fold0,current-f0-e3b-v0-one-frame-original-geometry,E3b,segment,42,0,b85ea0c87d7d49a446b1d3ff5a513a21433654b1d9098b91f83cca4edd220495,52,val,PKU37,pku_0040,pku_0040_f01,frame,psnr_gain_db,8.777929570769103,dB,512x512,640x640,1 px (physical spacing unverified),raw,0.5,0.35,spatial valid AND annotation-valid where available,none,sabids-evaluator-v0-20260828,1.0,1.0,1.0,runs/current/stage2_segment_roi_outside_fold0/validity_v0/frame_metrics.csv,pku_0040_f01;column=psnr_gain_db,observed,
current-f0-stage2_segment_roi_outside_fold0,current-f0-e3b-v0-one-frame-original-geometry,E3b,segment,42,0,b85ea0c87d7d49a446b1d3ff5a513a21433654b1d9098b91f83cca4edd220495,52,val,PKU37,pku_0040,pku_0040_f01,frame,ssim,0.8893414674074311,ratio,512x512,640x640,1 px (physical spacing unverified),raw,0.5,0.35,spatial valid AND annotation-valid where available,none,sabids-evaluator-v0-20260828,1.0,1.0,1.0,runs/current/stage2_segment_roi_outside_fold0/validity_v0/frame_metrics.csv,pku_0040_f01;column=ssim,observed,
current-f0-stage2_segment_roi_outside_fold0,current-f0-e3b-v0-one-frame-original-geometry,E3b,segment,42,0,b85ea0c87d7d49a446b1d3ff5a513a21433654b1d9098b91f83cca4edd220495,52,val,PKU37,pku_0040,pku_0040_f01,frame,ssim_noisy,0.3806845551153603,ratio,512x512,640x640,1 px (physical spacing unverified),raw,0.5,0.35,spatial valid AND annotation-valid where available,none,sabids-evaluator-v0-20260828,1.0,1.0,1.0,runs/current/stage2_segment_roi_outside_fold0/validity_v0/frame_metrics.csv,pku_0040_f01;column=ssim_noisy,observed,
current-f0-stage2_segment_roi_outside_fold0,current-f0-e3b-v0-one-frame-original-geometry,E3b,segment,42,0,b85ea0c87d7d49a446b1d3ff5a513a21433654b1d9098b91f83cca4edd220495,52,val,PKU37,pku_0040,pku_0040_f01,frame,ssim_gain,0.5086569122920708,ratio,512x512,640x640,1 px (physical spacing unverified),raw,0.5,0.35,spatial valid AND annotation-valid where available,none,sabids-evaluator-v0-20260828,1.0,1.0,1.0,runs/current/stage2_segment_roi_outside_fold0/validity_v0/frame_metrics.csv,pku_0040_f01;column=ssim_gain,observed,
current-f0-stage2_segment_roi_outside_fold0,current-f0-e3b-v0-one-frame-original-geometry,E3b,segment,42,0,b85ea0c87d7d49a446b1d3ff5a513a21433654b1d9098b91f83cca4edd220495,52,val,PKU37,pku_0040,pku_0040_f01,frame,rmse,0.0194653107299381,ratio,512x512,640x640,1 px (physical spacing unverified),raw,0.5,0.35,spatial valid AND annotation-valid where available,none,sabids-evaluator-v0-20260828,1.0,1.0,1.0,runs/current/stage2_segment_roi_outside_fold0/validity_v0/frame_metrics.csv,pku_0040_f01;column=rmse,observed,
current-f0-stage2_segment_roi_outside_fold0,current-f0-e3b-v0-one-frame-original-geometry,E3b,segment,42,0,b85ea0c87d7d49a446b1d3ff5a513a21433654b1d9098b91f83cca4edd220495,52,val,PKU37,pku_0040,pku_0040_f01,frame,rmse_noisy,0.0534758642644248,ratio,512x512,640x640,1 px (physical spacing unverified),raw,0.5,0.35,spatial valid AND annotation-valid where available,none,sabids-evaluator-v0-20260828,1.0,1.0,1.0,runs/current/stage2_segment_roi_outside_fold0/validity_v0/frame_metrics.csv,pku_0040_f01;column=rmse_noisy,observed,
current-f0-stage2_segment_roi_outside_fold0,current-f0-e3b-v0-one-frame-original-geometry,E3b,segment,42,0,b85ea0c87d7d49a446b1d3ff5a513a21433654b1d9098b91f83cca4edd220495,52,val,PKU37,pku_0040,pku_0040_f01,frame,rmse_reduction,0.0340105535344867,ratio,512x512,640x640,1 px (physical spacing unverified),raw,0.5,0.35,spatial valid AND annotation-valid where available,none,sabids-evaluator-v0-20260828,1.0,1.0,1.0,runs/current/stage2_segment_roi_outside_fold0/validity_v0/frame_metrics.csv,pku_0040_f01;column=rmse_reduction,observed,
current-f0-stage2_segment_roi_outside_fold0,current-f0-e3b-v0-one-frame-original-geometry,E3b,segment,42,0,b85ea0c87d7d49a446b1d3ff5a513a21433654b1d9098b91f83cca4edd220495,52,val,PKU37,pku_0040,pku_0040_f01,frame,epi,0.7332100787427801,ratio,512x512,640x640,1 px (physical spacing unverified),raw,0.5,0.35,spatial valid AND annotation-valid where available,none,sabids-evaluator-v0-20260828,1.0,1.0,1.0,runs/current/stage2_segment_roi_outside_fold0/validity_v0/frame_metrics.csv,pku_0040_f01;column=epi,observed,
current-f0-stage2_segment_roi_outside_fold0,current-f0-e3b-v0-one-frame-original-geometry,E3b,segment,42,0,b85ea0c87d7d49a446b1d3ff5a513a21433654b1d9098b91f83cca4edd220495,52,val,PKU37,pku_0040,pku_0040_f01,frame,epi_noisy,0.2738161851888336,ratio,512x512,640x640,1 px (physical spacing unverified),raw,0.5,0.35,spatial valid AND annotation-valid where available,none,sabids-evaluator-v0-20260828,1.0,1.0,1.0,runs/current/stage2_segment_roi_outside_fold0/validity_v0/frame_metrics.csv,pku_0040_f01;column=epi_noisy,observed,
current-f0-stage2_segment_roi_outside_fold0,current-f0-e3b-v0-one-frame-original-geometry,E3b,segment,42,0,b85ea0c87d7d49a446b1d3ff5a513a21433654b1d9098b91f83cca4edd220495,52,val,PKU37,pku_0040,pku_0040_f01,frame,epi_gain,0.4593938935539465,ratio,512x512,640x640,1 px (physical spacing unverified),raw,0.5,0.35,spatial valid AND annotation-valid where available,none,sabids-evaluator-v0-20260828,1.0,1.0,1.0,runs/current/stage2_segment_roi_outside_fold0/validity_v0/frame_metrics.csv,pku_0040_f01;column=epi_gain,observed,
current-f0-stage2_segment_roi_outside_fold0,current-f0-e3b-v0-one-frame-original-geometry,E3b,segment,42,0,b85ea0c87d7d49a446b1d3ff5a513a21433654b1d9098b91f83cca4edd220495,52,val,PKU37,pku_0040,pku_0040_f01,frame,snr_noisy_db,14.032503837513312,dB,512x512,640x640,1 px (physical spacing unverified),raw,0.5,0.35,spatial valid AND annotation-valid where available,none,sabids-evaluator-v0-20260828,1.0,1.0,1.0,runs/current/stage2_segment_roi_outside_fold0/validity_v0/frame_metrics.csv,pku_0040_f01;column=snr_noisy_db,observed,
current-f0-stage2_segment_roi_outside_fold0,current-f0-e3b-v0-one-frame-original-geometry,E3b,segment,42,0,b85ea0c87d7d49a446b1d3ff5a513a21433654b1d9098b91f83cca4edd220495,52,val,PKU37,pku_0040,pku_0040_f01,frame,snr_denoised_db,22.81043326547874,dB,512x512,640x640,1 px (physical spacing unverified),raw,0.5,0.35,spatial valid AND annotation-valid where available,none,sabids-evaluator-v0-20260828,1.0,1.0,1.0,runs/current/stage2_segment_roi_outside_fold0/validity_v0/frame_metrics.csv,pku_0040_f01;column=snr_denoised_db,observed,
current-f0-stage2_segment_roi_outside_fold0,current-f0-e3b-v0-one-frame-original-geometry,E3b,segment,42,0,b85ea0c87d7d49a446b1d3ff5a513a21433654b1d9098b91f83cca4edd220495,52,val,PKU37,pku_0040,pku_0040_f01,frame,snr_gain_db,8.777929427965427,dB,512x512,640x640,1 px (physical spacing unverified),raw,0.5,0.35,spatial valid AND annotation-valid where available,none,sabids-evaluator-v0-20260828,1.0,1.0,1.0,runs/current/stage2_segment_roi_outside_fold0/validity_v0/frame_metrics.csv,pku_0040_f01;column=snr_gain_db,observed,
current-f0-stage2_segment_roi_outside_fold0,current-f0-e3b-v0-one-frame-original-geometry,E3b,segment,42,0,b85ea0c87d7d49a446b1d3ff5a513a21433654b1d9098b91f83cca4edd220495,52,val,PKU37,pku_0040,pku_0040_f01,frame,cnr_noisy_auto,2.027342854379344,ratio,512x512,640x640,1 px (physical spacing unverified),raw,0.5,0.35,spatial valid AND annotation-valid where available,none,sabids-evaluator-v0-20260828,1.0,1.0,1.0,runs/current/stage2_segment_roi_outside_fold0/validity_v0/frame_metrics.csv,pku_0040_f01;column=cnr_noisy_auto,observed,
current-f0-stage2_segment_roi_outside_fold0,current-f0-e3b-v0-one-frame-original-geometry,E3b,segment,42,0,b85ea0c87d7d49a446b1d3ff5a513a21433654b1d9098b91f83cca4edd220495,52,val,PKU37,pku_0040,pku_0040_f01,frame,cnr_denoised_auto,2.4376467435616984,ratio,512x512,640x640,1 px (physical spacing unverified),raw,0.5,0.35,spatial valid AND annotation-valid where available,none,sabids-evaluator-v0-20260828,1.0,1.0,1.0,runs/current/stage2_segment_roi_outside_fold0/validity_v0/frame_metrics.csv,pku_0040_f01;column=cnr_denoised_auto,observed,
current-f0-stage2_segment_roi_outside_fold0,current-f0-e3b-v0-one-frame-original-geometry,E3b,segment,42,0,b85ea0c87d7d49a446b1d3ff5a513a21433654b1d9098b91f83cca4edd220495,52,val,PKU37,pku_0040,pku_0040_f01,frame,cnr_clean_auto,2.457130003982328,ratio,512x512,640x640,1 px (physical spacing unverified),raw,0.5,0.35,spatial valid AND annotation-valid where available,none,sabids-evaluator-v0-20260828,1.0,1.0,1.0,runs/current/stage2_segment_roi_outside_fold0/validity_v0/frame_metrics.csv,pku_0040_f01;column=cnr_clean_auto,observed,
current-f0-stage2_segment_roi_outside_fold0,current-f0-e3b-v0-one-frame-original-geometry,E3b,segment,42,0,b85ea0c87d7d49a446b1d3ff5a513a21433654b1d9098b91f83cca4edd220495,52,val,PKU37,pku_0040,pku_0040_f01,frame,cnr_error_auto,0.0194832604206296,ratio,512x512,640x640,1 px (physical spacing unverified),raw,0.5,0.35,spatial valid AND annotation-valid where available,none,sabids-evaluator-v0-20260828,1.0,1.0,1.0,runs/current/stage2_segment_roi_outside_fold0/validity_v0/frame_metrics.csv,pku_0040_f01;column=cnr_error_auto,observed,
current-f0-stage2_segment_roi_outside_fold0,current-f0-e3b-v0-one-frame-original-geometry,E3b,segment,42,0,b85ea0c87d7d49a446b1d3ff5a513a21433654b1d9098b91f83cca4edd220495,52,val,PKU37,pku_0040,pku_0040_f01,frame,layer_roi_mse,0.000676974246744,ratio,512x512,640x640,1 px (physical spacing unverified),raw,0.5,0.35,spatial valid AND annotation-valid where available,none,sabids-evaluator-v0-20260828,1.0,1.0,1.0,runs/current/stage2_segment_roi_outside_fold0/validity_v0/frame_metrics.csv,pku_0040_f01;column=layer_roi_mse,observed,
current-f0-stage2_segment_roi_outside_fold0,current-f0-e3b-v0-one-frame-original-geometry,E3b,segment,42,0,b85ea0c87d7d49a446b1d3ff5a513a21433654b1d9098b91f83cca4edd220495,52,val,PKU37,pku_0040,pku_0040_f01,frame,layer_roi_mse_noisy,0.0036895219236612,ratio,512x512,640x640,1 px (physical spacing unverified),raw,0.5,0.35,spatial valid AND annotation-valid where available,none,sabids-evaluator-v0-20260828,1.0,1.0,1.0,runs/current/stage2_segment_roi_outside_fold0/validity_v0/frame_metrics.csv,pku_0040_f01;column=layer_roi_mse_noisy,observed,
current-f0-stage2_segment_roi_outside_fold0,current-f0-e3b-v0-one-frame-original-geometry,E3b,segment,42,0,b85ea0c87d7d49a446b1d3ff5a513a21433654b1d9098b91f83cca4edd220495,52,val,PKU37,pku_0040,pku_0040_f01,frame,layer_roi_psnr,31.694278523040417,dB,512x512,640x640,1 px (physical spacing unverified),raw,0.5,0.35,spatial valid AND annotation-valid where available,none,sabids-evaluator-v0-20260828,1.0,1.0,1.0,runs/current/stage2_segment_roi_outside_fold0/validity_v0/frame_metrics.csv,pku_0040_f01;column=layer_roi_psnr,observed,
current-f0-stage2_segment_roi_outside_fold0,current-f0-e3b-v0-one-frame-original-geometry,E3b,segment,42,0,b85ea0c87d7d49a446b1d3ff5a513a21433654b1d9098b91f83cca4edd220495,52,val,PKU37,pku_0040,pku_0040_f01,frame,layer_roi_psnr_noisy,24.33029904672111,dB,512x512,640x640,1 px (physical spacing unverified),raw,0.5,0.35,spatial valid AND annotation-valid where available,none,sabids-evaluator-v0-20260828,1.0,1.0,1.0,runs/current/stage2_segment_roi_outside_fold0/validity_v0/frame_metrics.csv,pku_0040_f01;column=layer_roi_psnr_noisy,observed,
current-f0-stage2_segment_roi_outside_fold0,current-f0-e3b-v0-one-frame-original-geometry,E3b,segment,42,0,b85ea0c87d7d49a446b1d3ff5a513a21433654b1d9098b91f83cca4edd220495,52,val,PKU37,pku_0040,pku_0040_f01,frame,layer_dice,0.9481715993174784,ratio,512x512,640x640,1 px (physical spacing unverified),raw,0.5,0.35,spatial valid AND annotation-valid where available,none,sabids-evaluator-v0-20260828,1.0,1.0,1.0,runs/current/stage2_segment_roi_outside_fold0/validity_v0/frame_metrics.csv,pku_0040_f01;column=layer_dice,observed,
current-f0-stage2_segment_roi_outside_fold0,current-f0-e3b-v0-one-frame-original-geometry,E3b,segment,42,0,b85ea0c87d7d49a446b1d3ff5a513a21433654b1d9098b91f83cca4edd220495,52,val,PKU37,pku_0040,pku_0040_f01,frame,layer_iou,0.90145084379077,ratio,512x512,640x640,1 px (physical spacing unverified),raw,0.5,0.35,spatial valid AND annotation-valid where available,none,sabids-evaluator-v0-20260828,1.0,1.0,1.0,runs/current/stage2_segment_roi_outside_fold0/validity_v0/frame_metrics.csv,pku_0040_f01;column=layer_iou,observed,
current-f0-stage2_segment_roi_outside_fold0,current-f0-e3b-v0-one-frame-original-geometry,E3b,segment,42,0,b85ea0c87d7d49a446b1d3ff5a513a21433654b1d9098b91f83cca4edd220495,52,val,PKU37,pku_0040,pku_0040_f01,frame,layer_background_iou,0.9836425383817012,ratio,512x512,640x640,1 px (physical spacing unverified),raw,0.5,0.35,spatial valid AND annotation-valid where available,none,sabids-evaluator-v0-20260828,1.0,1.0,1.0,runs/current/stage2_segment_roi_outside_fold0/validity_v0/frame_metrics.csv,pku_0040_f01;column=layer_background_iou,observed,
current-f0-stage2_segment_roi_outside_fold0,current-f0-e3b-v0-one-frame-original-geometry,E3b,segment,42,0,b85ea0c87d7d49a446b1d3ff5a513a21433654b1d9098b91f83cca4edd220495,52,val,PKU37,pku_0040,pku_0040_f01,frame,layer_miou,0.9425466910862356,ratio,512x512,640x640,1 px (physical spacing unverified),raw,0.5,0.35,spatial valid AND annotation-valid where available,none,sabids-evaluator-v0-20260828,1.0,1.0,1.0,runs/current/stage2_segment_roi_outside_fold0/validity_v0/frame_metrics.csv,pku_0040_f01;column=layer_miou,observed,
current-f0-stage2_segment_roi_outside_fold0,current-f0-e3b-v0-one-frame-original-geometry,E3b,segment,42,0,b85ea0c87d7d49a446b1d3ff5a513a21433654b1d9098b91f83cca4edd220495,52,val,PKU37,pku_0040,pku_0040_f01,frame,layer_precision,0.9747668678007904,ratio,512x512,640x640,1 px (physical spacing unverified),raw,0.5,0.35,spatial valid AND annotation-valid where available,none,sabids-evaluator-v0-20260828,1.0,1.0,1.0,runs/current/stage2_segment_roi_outside_fold0/validity_v0/frame_metrics.csv,pku_0040_f01;column=layer_precision,observed,
current-f0-stage2_segment_roi_outside_fold0,current-f0-e3b-v0-one-frame-original-geometry,E3b,segment,42,0,b85ea0c87d7d49a446b1d3ff5a513a21433654b1d9098b91f83cca4edd220495,52,val,PKU37,pku_0040,pku_0040_f01,frame,layer_recall,0.9229890231669554,ratio,512x512,640x640,1 px (physical spacing unverified),raw,0.5,0.35,spatial valid AND annotation-valid where available,none,sabids-evaluator-v0-20260828,1.0,1.0,1.0,runs/current/stage2_segment_roi_outside_fold0/validity_v0/frame_metrics.csv,pku_0040_f01;column=layer_recall,observed,
current-f0-stage2_segment_roi_outside_fold0,current-f0-e3b-v0-one-frame-original-geometry,E3b,segment,42,0,b85ea0c87d7d49a446b1d3ff5a513a21433654b1d9098b91f83cca4edd220495,52,val,PKU37,pku_0040,pku_0040_f01,frame,layer_specificity,0.9960777849148308,ratio,512x512,640x640,1 px (physical spacing unverified),raw,0.5,0.35,spatial valid AND annotation-valid where available,none,sabids-evaluator-v0-20260828,1.0,1.0,1.0,runs/current/stage2_segment_roi_outside_fold0/validity_v0/frame_metrics.csv,pku_0040_f01;column=layer_specificity,observed,
current-f0-stage2_segment_roi_outside_fold0,current-f0-e3b-v0-one-frame-original-geometry,E3b,segment,42,0,b85ea0c87d7d49a446b1d3ff5a513a21433654b1d9098b91f83cca4edd220495,52,val,PKU37,pku_0040,pku_0040_f01,frame,layer_accuracy,0.9857714843750348,ratio,512x512,640x640,1 px (physical spacing unverified),raw,0.5,0.35,spatial valid AND annotation-valid where available,none,sabids-evaluator-v0-20260828,1.0,1.0,1.0,runs/current/stage2_segment_roi_outside_fold0/validity_v0/frame_metrics.csv,pku_0040_f01;column=layer_accuracy,observed,
current-f0-stage2_segment_roi_outside_fold0,current-f0-e3b-v0-one-frame-original-geometry,E3b,segment,42,0,b85ea0c87d7d49a446b1d3ff5a513a21433654b1d9098b91f83cca4edd220495,52,val,PKU37,pku_0040,pku_0040_f01,frame,layer_hd95,13.0,px,512x512,640x640,1 px (physical spacing unverified),raw,0.5,0.35,spatial valid AND annotation-valid where available,none,sabids-evaluator-v0-20260828,1.0,1.0,1.0,runs/current/stage2_segment_roi_outside_fold0/validity_v0/frame_metrics.csv,pku_0040_f01;column=layer_hd95,observed,
current-f0-stage2_segment_roi_outside_fold0,current-f0-e3b-v0-one-frame-original-geometry,E3b,segment,42,0,b85ea0c87d7d49a446b1d3ff5a513a21433654b1d9098b91f83cca4edd220495,52,val,PKU37,pku_0040,pku_0040_f01,frame,layer_assd,4.381654631028586,px,512x512,640x640,1 px (physical spacing unverified),raw,0.5,0.35,spatial valid AND annotation-valid where available,none,sabids-evaluator-v0-20260828,1.0,1.0,1.0,runs/current/stage2_segment_roi_outside_fold0/validity_v0/frame_metrics.csv,pku_0040_f01;column=layer_assd,observed,
current-f0-stage2_segment_roi_outside_fold0,current-f0-e3b-v0-one-frame-original-geometry,E3b,segment,42,0,b85ea0c87d7d49a446b1d3ff5a513a21433654b1d9098b91f83cca4edd220495,52,val,PKU37,pku_0040,pku_0040_f01,frame,upper_boundary_mae,3.9078125,px,512x512,640x640,1 px (physical spacing unverified),raw,0.5,0.35,spatial valid AND annotation-valid where available,none,sabids-evaluator-v0-20260828,1.0,1.0,1.0,runs/current/stage2_segment_roi_outside_fold0/validity_v0/frame_metrics.csv,pku_0040_f01;column=upper_boundary_mae,observed,
current-f0-stage2_segment_roi_outside_fold0,current-f0-e3b-v0-one-frame-original-geometry,E3b,segment,42,0,b85ea0c87d7d49a446b1d3ff5a513a21433654b1d9098b91f83cca4edd220495,52,val,PKU37,pku_0040,pku_0040_f01,frame,lower_boundary_mae,6.8453125,px,512x512,640x640,1 px (physical spacing unverified),raw,0.5,0.35,spatial valid AND annotation-valid where available,none,sabids-evaluator-v0-20260828,1.0,1.0,1.0,runs/current/stage2_segment_roi_outside_fold0/validity_v0/frame_metrics.csv,pku_0040_f01;column=lower_boundary_mae,observed,
current-f0-stage2_segment_roi_outside_fold0,current-f0-e3b-v0-one-frame-original-geometry,E3b,segment,42,0,b85ea0c87d7d49a446b1d3ff5a513a21433654b1d9098b91f83cca4edd220495,52,val,PKU37,pku_0040,pku_0040_f01,frame,thickness_mae,8.98125,px,512x512,640x640,1 px (physical spacing unverified),raw,0.5,0.35,spatial valid AND annotation-valid where available,none,sabids-evaluator-v0-20260828,1.0,1.0,1.0,runs/current/stage2_segment_roi_outside_fold0/validity_v0/frame_metrics.csv,pku_0040_f01;column=thickness_mae,observed,
current-f0-stage2_segment_roi_outside_fold0,current-f0-e3b-v0-one-frame-original-geometry,E3b,segment,42,0,b85ea0c87d7d49a446b1d3ff5a513a21433654b1d9098b91f83cca4edd220495,52,val,PKU37,pku_0040,pku_0040_f01,frame,layer_surface_dice,0.6799746514575412,ratio,512x512,640x640,1 px (physical spacing unverified),raw,0.5,0.35,spatial valid AND annotation-valid where available,none,sabids-evaluator-v0-20260828,1.0,1.0,1.0,runs/current/stage2_segment_roi_outside_fold0/validity_v0/frame_metrics.csv,pku_0040_f01;column=layer_surface_dice,observed,
current-f0-stage2_segment_roi_outside_fold0,current-f0-e3b-v0-one-frame-original-geometry,E3b,segment,42,0,b85ea0c87d7d49a446b1d3ff5a513a21433654b1d9098b91f83cca4edd220495,52,val,PKU37,pku_0040,pku_0040_f01,frame,upper_boundary_signed_bias,-1.3609375,ratio,512x512,640x640,1 px (physical spacing unverified),raw,0.5,0.35,spatial valid AND annotation-valid where available,none,sabids-evaluator-v0-20260828,1.0,1.0,1.0,runs/current/stage2_segment_roi_outside_fold0/validity_v0/frame_metrics.csv,pku_0040_f01;column=upper_boundary_signed_bias,observed,
current-f0-stage2_segment_roi_outside_fold0,current-f0-e3b-v0-one-frame-original-geometry,E3b,segment,42,0,b85ea0c87d7d49a446b1d3ff5a513a21433654b1d9098b91f83cca4edd220495,52,val,PKU37,pku_0040,pku_0040_f01,frame,lower_boundary_signed_bias,-3.6328125,ratio,512x512,640x640,1 px (physical spacing unverified),raw,0.5,0.35,spatial valid AND annotation-valid where available,none,sabids-evaluator-v0-20260828,1.0,1.0,1.0,runs/current/stage2_segment_roi_outside_fold0/validity_v0/frame_metrics.csv,pku_0040_f01;column=lower_boundary_signed_bias,observed,
current-f0-stage2_segment_roi_outside_fold0,current-f0-e3b-v0-one-frame-original-geometry,E3b,segment,42,0,b85ea0c87d7d49a446b1d3ff5a513a21433654b1d9098b91f83cca4edd220495,52,val,PKU37,pku_0040,pku_0040_f01,frame,thickness_signed_bias,-2.271875,ratio,512x512,640x640,1 px (physical spacing unverified),raw,0.5,0.35,spatial valid AND annotation-valid where available,none,sabids-evaluator-v0-20260828,1.0,1.0,1.0,runs/current/stage2_segment_roi_outside_fold0/validity_v0/frame_metrics.csv,pku_0040_f01;column=thickness_signed_bias,observed,
current-f0-stage2_segment_roi_outside_fold0,current-f0-e3b-v0-one-frame-original-geometry,E3b,segment,42,0,b85ea0c87d7d49a446b1d3ff5a513a21433654b1d9098b91f83cca4edd220495,52,val,PKU37,pku_0040,pku_0040_f01,frame,layer_component_count,2.0,ratio,512x512,640x640,1 px (physical spacing unverified),raw,0.5,0.35,spatial valid AND annotation-valid where available,none,sabids-evaluator-v0-20260828,1.0,1.0,1.0,runs/current/stage2_segment_roi_outside_fold0/validity_v0/frame_metrics.csv,pku_0040_f01;column=layer_component_count,observed,
current-f0-stage2_segment_roi_outside_fold0,current-f0-e3b-v0-one-frame-original-geometry,E3b,segment,42,0,b85ea0c87d7d49a446b1d3ff5a513a21433654b1d9098b91f83cca4edd220495,52,val,PKU37,pku_0040,pku_0040_f01,frame,layer_extra_component_area_ratio,0.0019747668678003,ratio,512x512,640x640,1 px (physical spacing unverified),raw,0.5,0.35,spatial valid AND annotation-valid where available,none,sabids-evaluator-v0-20260828,1.0,1.0,1.0,runs/current/stage2_segment_roi_outside_fold0/validity_v0/frame_metrics.csv,pku_0040_f01;column=layer_extra_component_area_ratio,observed,
current-f0-stage2_segment_roi_outside_fold0,current-f0-e3b-v0-one-frame-original-geometry,E3b,segment,42,0,b85ea0c87d7d49a446b1d3ff5a513a21433654b1d9098b91f83cca4edd220495,52,val,PKU37,pku_0040,pku_0040_f01,frame,layer_hole_pixels,0.0,px,512x512,640x640,1 px (physical spacing unverified),raw,0.5,0.35,spatial valid AND annotation-valid where available,none,sabids-evaluator-v0-20260828,1.0,1.0,1.0,runs/current/stage2_segment_roi_outside_fold0/validity_v0/frame_metrics.csv,pku_0040_f01;column=layer_hole_pixels,observed,
current-f0-stage2_segment_roi_outside_fold0,current-f0-e3b-v0-one-frame-original-geometry,E3b,segment,42,0,b85ea0c87d7d49a446b1d3ff5a513a21433654b1d9098b91f83cca4edd220495,52,val,PKU37,pku_0040,pku_0040_f01,frame,layer_hole_area_ratio,0.0,ratio,512x512,640x640,1 px (physical spacing unverified),raw,0.5,0.35,spatial valid AND annotation-valid where available,none,sabids-evaluator-v0-20260828,1.0,1.0,1.0,runs/current/stage2_segment_roi_outside_fold0/validity_v0/frame_metrics.csv,pku_0040_f01;column=layer_hole_area_ratio,observed,
current-f0-stage2_segment_roi_outside_fold0,current-f0-e3b-v0-one-frame-original-geometry,E3b,segment,42,0,b85ea0c87d7d49a446b1d3ff5a513a21433654b1d9098b91f83cca4edd220495,52,val,PKU37,pku_0040,pku_0040_f01,frame,lower_boundary_roughness_pred,0.8103448275862069,px,512x512,640x640,1 px (physical spacing unverified),raw,0.5,0.35,spatial valid AND annotation-valid where available,none,sabids-evaluator-v0-20260828,1.0,1.0,1.0,runs/current/stage2_segment_roi_outside_fold0/validity_v0/frame_metrics.csv,pku_0040_f01;column=lower_boundary_roughness_pred,observed,
current-f0-stage2_segment_roi_outside_fold0,current-f0-e3b-v0-one-frame-original-geometry,E3b,segment,42,0,b85ea0c87d7d49a446b1d3ff5a513a21433654b1d9098b91f83cca4edd220495,52,val,PKU37,pku_0040,pku_0040_f01,frame,lower_boundary_roughness_true,0.8150470219435737,px,512x512,640x640,1 px (physical spacing unverified),raw,0.5,0.35,spatial valid AND annotation-valid where available,none,sabids-evaluator-v0-20260828,1.0,1.0,1.0,runs/current/stage2_segment_roi_outside_fold0/validity_v0/frame_metrics.csv,pku_0040_f01;column=lower_boundary_roughness_true,observed,
current-f0-stage2_segment_roi_outside_fold0,current-f0-e3b-v0-one-frame-original-geometry,E3b,segment,42,0,b85ea0c87d7d49a446b1d3ff5a513a21433654b1d9098b91f83cca4edd220495,52,val,PKU37,pku_0040,pku_0040_f01,frame,layer_valid_column_fraction,1.0,ratio,512x512,640x640,1 px (physical spacing unverified),raw,0.5,0.35,spatial valid AND annotation-valid where available,none,sabids-evaluator-v0-20260828,1.0,1.0,1.0,runs/current/stage2_segment_roi_outside_fold0/validity_v0/frame_metrics.csv,pku_0040_f01;column=layer_valid_column_fraction,observed,
current-f0-stage2_segment_roi_outside_fold0,current-f0-e3b-v0-one-frame-original-geometry,E3b,segment,42,0,b85ea0c87d7d49a446b1d3ff5a513a21433654b1d9098b91f83cca4edd220495,52,val,PKU37,pku_0040,pku_0040_f01,frame,vessel_stroma_cnr_noisy,0.6634707494857196,ratio,512x512,640x640,1 px (physical spacing unverified),raw,0.5,0.35,spatial valid AND annotation-valid where available,none,sabids-evaluator-v0-20260828,1.0,1.0,1.0,runs/current/stage2_segment_roi_outside_fold0/validity_v0/frame_metrics.csv,pku_0040_f01;column=vessel_stroma_cnr_noisy,observed,
current-f0-stage2_segment_roi_outside_fold0,current-f0-e3b-v0-one-frame-original-geometry,E3b,segment,42,0,b85ea0c87d7d49a446b1d3ff5a513a21433654b1d9098b91f83cca4edd220495,52,val,PKU37,pku_0040,pku_0040_f01,frame,vessel_stroma_cnr_denoised,0.7487578364802379,ratio,512x512,640x640,1 px (physical spacing unverified),raw,0.5,0.35,spatial valid AND annotation-valid where available,none,sabids-evaluator-v0-20260828,1.0,1.0,1.0,runs/current/stage2_segment_roi_outside_fold0/validity_v0/frame_metrics.csv,pku_0040_f01;column=vessel_stroma_cnr_denoised,observed,
current-f0-stage2_segment_roi_outside_fold0,current-f0-e3b-v0-one-frame-original-geometry,E3b,segment,42,0,b85ea0c87d7d49a446b1d3ff5a513a21433654b1d9098b91f83cca4edd220495,52,val,PKU37,pku_0040,pku_0040_f01,frame,vessel_stroma_cnr_clean,0.8347380360033971,ratio,512x512,640x640,1 px (physical spacing unverified),raw,0.5,0.35,spatial valid AND annotation-valid where available,none,sabids-evaluator-v0-20260828,1.0,1.0,1.0,runs/current/stage2_segment_roi_outside_fold0/validity_v0/frame_metrics.csv,pku_0040_f01;column=vessel_stroma_cnr_clean,observed,
current-f0-stage2_segment_roi_outside_fold0,current-f0-e3b-v0-one-frame-original-geometry,E3b,segment,42,0,b85ea0c87d7d49a446b1d3ff5a513a21433654b1d9098b91f83cca4edd220495,52,val,PKU37,pku_0040,pku_0040_f01,frame,vessel_dice,0.7728122206920287,ratio,512x512,640x640,1 px (physical spacing unverified),raw,0.5,0.35,spatial valid AND annotation-valid where available,none,sabids-evaluator-v0-20260828,1.0,1.0,1.0,runs/current/stage2_segment_roi_outside_fold0/validity_v0/frame_metrics.csv,pku_0040_f01;column=vessel_dice,observed,
current-f0-stage2_segment_roi_outside_fold0,current-f0-e3b-v0-one-frame-original-geometry,E3b,segment,42,0,b85ea0c87d7d49a446b1d3ff5a513a21433654b1d9098b91f83cca4edd220495,52,val,PKU37,pku_0040,pku_0040_f01,frame,vessel_iou,0.6297424352900172,ratio,512x512,640x640,1 px (physical spacing unverified),raw,0.5,0.35,spatial valid AND annotation-valid where available,none,sabids-evaluator-v0-20260828,1.0,1.0,1.0,runs/current/stage2_segment_roi_outside_fold0/validity_v0/frame_metrics.csv,pku_0040_f01;column=vessel_iou,observed,
current-f0-stage2_segment_roi_outside_fold0,current-f0-e3b-v0-one-frame-original-geometry,E3b,segment,42,0,b85ea0c87d7d49a446b1d3ff5a513a21433654b1d9098b91f83cca4edd220495,52,val,PKU37,pku_0040,pku_0040_f01,frame,vessel_background_iou,0.9713655146988018,ratio,512x512,640x640,1 px (physical spacing unverified),raw,0.5,0.35,spatial valid AND annotation-valid where available,none,sabids-evaluator-v0-20260828,1.0,1.0,1.0,runs/current/stage2_segment_roi_outside_fold0/validity_v0/frame_metrics.csv,pku_0040_f01;column=vessel_background_iou,observed,
current-f0-stage2_segment_roi_outside_fold0,current-f0-e3b-v0-one-frame-original-geometry,E3b,segment,42,0,b85ea0c87d7d49a446b1d3ff5a513a21433654b1d9098b91f83cca4edd220495,52,val,PKU37,pku_0040,pku_0040_f01,frame,vessel_miou,0.8005539749944095,ratio,512x512,640x640,1 px (physical spacing unverified),raw,0.5,0.35,spatial valid AND annotation-valid where available,none,sabids-evaluator-v0-20260828,1.0,1.0,1.0,runs/current/stage2_segment_roi_outside_fold0/validity_v0/frame_metrics.csv,pku_0040_f01;column=vessel_miou,observed,
current-f0-stage2_segment_roi_outside_fold0,current-f0-e3b-v0-one-frame-original-geometry,E3b,segment,42,0,b85ea0c87d7d49a446b1d3ff5a513a21433654b1d9098b91f83cca4edd220495,52,val,PKU37,pku_0040,pku_0040_f01,frame,vessel_precision,0.713824677284831,ratio,512x512,640x640,1 px (physical spacing unverified),raw,0.5,0.35,spatial valid AND annotation-valid where available,none,sabids-evaluator-v0-20260828,1.0,1.0,1.0,runs/current/stage2_segment_roi_outside_fold0/validity_v0/frame_metrics.csv,pku_0040_f01;column=vessel_precision,observed,
current-f0-stage2_segment_roi_outside_fold0,current-f0-e3b-v0-one-frame-original-geometry,E3b,segment,42,0,b85ea0c87d7d49a446b1d3ff5a513a21433654b1d9098b91f83cca4edd220495,52,val,PKU37,pku_0040,pku_0040_f01,frame,vessel_recall,0.8424269264905923,ratio,512x512,640x640,1 px (physical spacing unverified),raw,0.5,0.35,spatial valid AND annotation-valid where available,none,sabids-evaluator-v0-20260828,1.0,1.0,1.0,runs/current/stage2_segment_roi_outside_fold0/validity_v0/frame_metrics.csv,pku_0040_f01;column=vessel_recall,observed,
current-f0-stage2_segment_roi_outside_fold0,current-f0-e3b-v0-one-frame-original-geometry,E3b,segment,42,0,b85ea0c87d7d49a446b1d3ff5a513a21433654b1d9098b91f83cca4edd220495,52,val,PKU37,pku_0040,pku_0040_f01,frame,vessel_specificity,0.9802955919591227,ratio,512x512,640x640,1 px (physical spacing unverified),raw,0.5,0.35,spatial valid AND annotation-valid where available,none,sabids-evaluator-v0-20260828,1.0,1.0,1.0,runs/current/stage2_segment_roi_outside_fold0/validity_v0/frame_metrics.csv,pku_0040_f01;column=vessel_specificity,observed,
current-f0-stage2_segment_roi_outside_fold0,current-f0-e3b-v0-one-frame-original-geometry,E3b,segment,42,0,b85ea0c87d7d49a446b1d3ff5a513a21433654b1d9098b91f83cca4edd220495,52,val,PKU37,pku_0040,pku_0040_f01,frame,vessel_accuracy,0.9726953125000668,ratio,512x512,640x640,1 px (physical spacing unverified),raw,0.5,0.35,spatial valid AND annotation-valid where available,none,sabids-evaluator-v0-20260828,1.0,1.0,1.0,runs/current/stage2_segment_roi_outside_fold0/validity_v0/frame_metrics.csv,pku_0040_f01;column=vessel_accuracy,observed,
current-f0-stage2_segment_roi_outside_fold0,current-f0-e3b-v0-one-frame-original-geometry,E3b,segment,42,0,b85ea0c87d7d49a446b1d3ff5a513a21433654b1d9098b91f83cca4edd220495,52,val,PKU37,pku_0040,pku_0040_f01,frame,vessel_soft_dice,0.7110644509094758,ratio,512x512,640x640,1 px (physical spacing unverified),raw,0.5,0.35,spatial valid AND annotation-valid where available,none,sabids-evaluator-v0-20260828,1.0,1.0,1.0,runs/current/stage2_segment_roi_outside_fold0/validity_v0/frame_metrics.csv,pku_0040_f01;column=vessel_soft_dice,observed,
current-f0-stage2_segment_roi_outside_fold0,current-f0-e3b-v0-one-frame-original-geometry,E3b,segment,42,0,b85ea0c87d7d49a446b1d3ff5a513a21433654b1d9098b91f83cca4edd220495,52,val,PKU37,pku_0040,pku_0040_f01,frame,vessel_roi_dice,0.7889345112233227,ratio,512x512,640x640,1 px (physical spacing unverified),raw,0.5,0.35,spatial valid AND annotation-valid where available,none,sabids-evaluator-v0-20260828,1.0,1.0,1.0,runs/current/stage2_segment_roi_outside_fold0/validity_v0/frame_metrics.csv,pku_0040_f01;column=vessel_roi_dice,observed,
current-f0-stage2_segment_roi_outside_fold0,current-f0-e3b-v0-one-frame-original-geometry,E3b,segment,42,0,b85ea0c87d7d49a446b1d3ff5a513a21433654b1d9098b91f83cca4edd220495,52,val,PKU37,pku_0040,pku_0040_f01,frame,vessel_roi_iou,0.6514383561763206,ratio,512x512,640x640,1 px (physical spacing unverified),raw,0.5,0.35,spatial valid AND annotation-valid where available,none,sabids-evaluator-v0-20260828,1.0,1.0,1.0,runs/current/stage2_segment_roi_outside_fold0/validity_v0/frame_metrics.csv,pku_0040_f01;column=vessel_roi_iou,observed,
current-f0-stage2_segment_roi_outside_fold0,current-f0-e3b-v0-one-frame-original-geometry,E3b,segment,42,0,b85ea0c87d7d49a446b1d3ff5a513a21433654b1d9098b91f83cca4edd220495,52,val,PKU37,pku_0040,pku_0040_f01,frame,vessel_roi_background_iou,0.7372470053764651,ratio,512x512,640x640,1 px (physical spacing unverified),raw,0.5,0.35,spatial valid AND annotation-valid where available,none,sabids-evaluator-v0-20260828,1.0,1.0,1.0,runs/current/stage2_segment_roi_outside_fold0/validity_v0/frame_metrics.csv,pku_0040_f01;column=vessel_roi_background_iou,observed,
current-f0-stage2_segment_roi_outside_fold0,current-f0-e3b-v0-one-frame-original-geometry,E3b,segment,42,0,b85ea0c87d7d49a446b1d3ff5a513a21433654b1d9098b91f83cca4edd220495,52,val,PKU37,pku_0040,pku_0040_f01,frame,vessel_roi_miou,0.6943426807763928,ratio,512x512,640x640,1 px (physical spacing unverified),raw,0.5,0.35,spatial valid AND annotation-valid where available,none,sabids-evaluator-v0-20260828,1.0,1.0,1.0,runs/current/stage2_segment_roi_outside_fold0/validity_v0/frame_metrics.csv,pku_0040_f01;column=vessel_roi_miou,observed,
current-f0-stage2_segment_roi_outside_fold0,current-f0-e3b-v0-one-frame-original-geometry,E3b,segment,42,0,b85ea0c87d7d49a446b1d3ff5a513a21433654b1d9098b91f83cca4edd220495,52,val,PKU37,pku_0040,pku_0040_f01,frame,vessel_roi_precision,0.7418298104772705,ratio,512x512,640x640,1 px (physical spacing unverified),raw,0.5,0.35,spatial valid AND annotation-valid where available,none,sabids-evaluator-v0-20260828,1.0,1.0,1.0,runs/current/stage2_segment_roi_outside_fold0/validity_v0/frame_metrics.csv,pku_0040_f01;column=vessel_roi_precision,observed,
current-f0-stage2_segment_roi_outside_fold0,current-f0-e3b-v0-one-frame-original-geometry,E3b,segment,42,0,b85ea0c87d7d49a446b1d3ff5a513a21433654b1d9098b91f83cca4edd220495,52,val,PKU37,pku_0040,pku_0040_f01,frame,vessel_roi_recall,0.8424269264905923,ratio,512x512,640x640,1 px (physical spacing unverified),raw,0.5,0.35,spatial valid AND annotation-valid where available,none,sabids-evaluator-v0-20260828,1.0,1.0,1.0,runs/current/stage2_segment_roi_outside_fold0/validity_v0/frame_metrics.csv,pku_0040_f01;column=vessel_roi_recall,observed,
current-f0-stage2_segment_roi_outside_fold0,current-f0-e3b-v0-one-frame-original-geometry,E3b,segment,42,0,b85ea0c87d7d49a446b1d3ff5a513a21433654b1d9098b91f83cca4edd220495,52,val,PKU37,pku_0040,pku_0040_f01,frame,vessel_roi_specificity,0.811814202063454,ratio,512x512,640x640,1 px (physical spacing unverified),raw,0.5,0.35,spatial valid AND annotation-valid where available,none,sabids-evaluator-v0-20260828,1.0,1.0,1.0,runs/current/stage2_segment_roi_outside_fold0/validity_v0/frame_metrics.csv,pku_0040_f01;column=vessel_roi_specificity,observed,
current-f0-stage2_segment_roi_outside_fold0,current-f0-e3b-v0-one-frame-original-geometry,E3b,segment,42,0,b85ea0c87d7d49a446b1d3ff5a513a21433654b1d9098b91f83cca4edd220495,52,val,PKU37,pku_0040,pku_0040_f01,frame,vessel_roi_accuracy,0.8237819869139551,ratio,512x512,640x640,1 px (physical spacing unverified),raw,0.5,0.35,spatial valid AND annotation-valid where available,none,sabids-evaluator-v0-20260828,1.0,1.0,1.0,runs/current/stage2_segment_roi_outside_fold0/validity_v0/frame_metrics.csv,pku_0040_f01;column=vessel_roi_accuracy,observed,
current-f0-stage2_segment_roi_outside_fold0,current-f0-e3b-v0-one-frame-original-geometry,E3b,segment,42,0,b85ea0c87d7d49a446b1d3ff5a513a21433654b1d9098b91f83cca4edd220495,52,val,PKU37,pku_0040,pku_0040_f01,frame,vessel_area_fraction_pred,0.443955815644586,ratio,512x512,640x640,1 px (physical spacing unverified),raw,0.5,0.35,spatial valid AND annotation-valid where available,none,sabids-evaluator-v0-20260828,1.0,1.0,1.0,runs/current/stage2_segment_roi_outside_fold0/validity_v0/frame_metrics.csv,pku_0040_f01;column=vessel_area_fraction_pred,observed,
current-f0-stage2_segment_roi_outside_fold0,current-f0-e3b-v0-one-frame-original-geometry,E3b,segment,42,0,b85ea0c87d7d49a446b1d3ff5a513a21433654b1d9098b91f83cca4edd220495,52,val,PKU37,pku_0040,pku_0040_f01,frame,vessel_area_fraction_true,0.3909415145953807,ratio,512x512,640x640,1 px (physical spacing unverified),raw,0.5,0.35,spatial valid AND annotation-valid where available,none,sabids-evaluator-v0-20260828,1.0,1.0,1.0,runs/current/stage2_segment_roi_outside_fold0/validity_v0/frame_metrics.csv,pku_0040_f01;column=vessel_area_fraction_true,observed,
current-f0-stage2_segment_roi_outside_fold0,current-f0-e3b-v0-one-frame-original-geometry,E3b,segment,42,0,b85ea0c87d7d49a446b1d3ff5a513a21433654b1d9098b91f83cca4edd220495,52,val,PKU37,pku_0040,pku_0040_f01,frame,vessel_area_fraction_mae,0.0530143010492052,px,512x512,640x640,1 px (physical spacing unverified),raw,0.5,0.35,spatial valid AND annotation-valid where available,none,sabids-evaluator-v0-20260828,1.0,1.0,1.0,runs/current/stage2_segment_roi_outside_fold0/validity_v0/frame_metrics.csv,pku_0040_f01;column=vessel_area_fraction_mae,observed,
current-f0-stage2_segment_roi_outside_fold0,current-f0-e3b-v0-one-frame-original-geometry,E3b,segment,42,0,b85ea0c87d7d49a446b1d3ff5a513a21433654b1d9098b91f83cca4edd220495,52,val,PKU37,pku_0040,pku_0040_f01,frame,vessel_outside_gt_layer_fraction,0.0377514259981987,ratio,512x512,640x640,1 px (physical spacing unverified),raw,0.5,0.35,spatial valid AND annotation-valid where available,none,sabids-evaluator-v0-20260828,1.0,1.0,1.0,runs/current/stage2_segment_roi_outside_fold0/validity_v0/frame_metrics.csv,pku_0040_f01;column=vessel_outside_gt_layer_fraction,observed,
current-f0-stage2_segment_roi_outside_fold0,current-f0-e3b-v0-one-frame-original-geometry,E3b,segment,42,0,b85ea0c87d7d49a446b1d3ff5a513a21433654b1d9098b91f83cca4edd220495,52,val,PKU37,pku_0040,pku_0040_f01,frame,vessel_error_outside_gt_and_pred_layer_pixels,966.0,px,512x512,640x640,1 px (physical spacing unverified),raw,0.5,0.35,spatial valid AND annotation-valid where available,none,sabids-evaluator-v0-20260828,1.0,1.0,1.0,runs/current/stage2_segment_roi_outside_fold0/validity_v0/frame_metrics.csv,pku_0040_f01;column=vessel_error_outside_gt_and_pred_layer_pixels,observed,
current-f0-stage2_segment_roi_outside_fold0,current-f0-e3b-v0-one-frame-original-geometry,E3b,segment,42,0,b85ea0c87d7d49a446b1d3ff5a513a21433654b1d9098b91f83cca4edd220495,52,val,PKU37,pku_0040,pku_0040_f01,frame,vessel_error_outside_gt_and_pred_layer_fraction,0.0362503752626838,ratio,512x512,640x640,1 px (physical spacing unverified),raw,0.5,0.35,spatial valid AND annotation-valid where available,none,sabids-evaluator-v0-20260828,1.0,1.0,1.0,runs/current/stage2_segment_roi_outside_fold0/validity_v0/frame_metrics.csv,pku_0040_f01;column=vessel_error_outside_gt_and_pred_layer_fraction,observed,
current-f0-stage2_segment_roi_outside_fold0,current-f0-e3b-v0-one-frame-original-geometry,E3b,segment,42,0,b85ea0c87d7d49a446b1d3ff5a513a21433654b1d9098b91f83cca4edd220495,52,val,PKU37,pku_0040,pku_0040_f01,frame,vessel_error_outside_gt_inside_pred_layer_pixels,40.0,px,512x512,640x640,1 px (physical spacing unverified),raw,0.5,0.35,spatial valid AND annotation-valid where available,none,sabids-evaluator-v0-20260828,1.0,1.0,1.0,runs/current/stage2_segment_roi_outside_fold0/validity_v0/frame_metrics.csv,pku_0040_f01;column=vessel_error_outside_gt_inside_pred_layer_pixels,observed,
current-f0-stage2_segment_roi_outside_fold0,current-f0-e3b-v0-one-frame-original-geometry,E3b,segment,42,0,b85ea0c87d7d49a446b1d3ff5a513a21433654b1d9098b91f83cca4edd220495,52,val,PKU37,pku_0040,pku_0040_f01,frame,vessel_error_outside_gt_inside_pred_layer_fraction,0.0015010507355148,ratio,512x512,640x640,1 px (physical spacing unverified),raw,0.5,0.35,spatial valid AND annotation-valid where available,none,sabids-evaluator-v0-20260828,1.0,1.0,1.0,runs/current/stage2_segment_roi_outside_fold0/validity_v0/frame_metrics.csv,pku_0040_f01;column=vessel_error_outside_gt_inside_pred_layer_fraction,observed,
current-f0-stage2_segment_roi_outside_fold0,current-f0-e3b-v0-one-frame-original-geometry,E3b,segment,42,0,b85ea0c87d7d49a446b1d3ff5a513a21433654b1d9098b91f83cca4edd220495,52,val,PKU37,pku_0040,pku_0040_f01,frame,gt_vessel_outside_pred_layer_pixels,237.0,px,512x512,640x640,1 px (physical spacing unverified),raw,0.5,0.35,spatial valid AND annotation-valid where available,none,sabids-evaluator-v0-20260828,1.0,1.0,1.0,runs/current/stage2_segment_roi_outside_fold0/validity_v0/frame_metrics.csv,pku_0040_f01;column=gt_vessel_outside_pred_layer_pixels,observed,
current-f0-stage2_segment_roi_outside_fold0,current-f0-e3b-v0-one-frame-original-geometry,E3b,segment,42,0,b85ea0c87d7d49a446b1d3ff5a513a21433654b1d9098b91f83cca4edd220495,52,val,PKU37,pku_0040,pku_0040_f01,frame,gt_vessel_outside_pred_layer_fraction,0.0104960141718334,ratio,512x512,640x640,1 px (physical spacing unverified),raw,0.5,0.35,spatial valid AND annotation-valid where available,none,sabids-evaluator-v0-20260828,1.0,1.0,1.0,runs/current/stage2_segment_roi_outside_fold0/validity_v0/frame_metrics.csv,pku_0040_f01;column=gt_vessel_outside_pred_layer_fraction,observed,
current-f0-stage2_segment_roi_outside_fold0,current-f0-e3b-v0-one-frame-original-geometry,E3b,segment,42,0,b85ea0c87d7d49a446b1d3ff5a513a21433654b1d9098b91f83cca4edd220495,52,val,PKU37,pku_0040,pku_0040_f01,frame,vessel_oracle_gt_layer_dice,0.7889345112233227,ratio,512x512,640x640,1 px (physical spacing unverified),raw,0.5,0.35,spatial valid AND annotation-valid where available,none,sabids-evaluator-v0-20260828,1.0,1.0,1.0,runs/current/stage2_segment_roi_outside_fold0/validity_v0/frame_metrics.csv,pku_0040_f01;column=vessel_oracle_gt_layer_dice,observed,
current-f0-stage2_segment_roi_outside_fold0,current-f0-e3b-v0-one-frame-original-geometry,E3b,segment,42,0,b85ea0c87d7d49a446b1d3ff5a513a21433654b1d9098b91f83cca4edd220495,52,val,PKU37,pku_0040,pku_0040_f01,frame,vessel_oracle_gt_layer_iou,0.6514383561763206,ratio,512x512,640x640,1 px (physical spacing unverified),raw,0.5,0.35,spatial valid AND annotation-valid where available,none,sabids-evaluator-v0-20260828,1.0,1.0,1.0,runs/current/stage2_segment_roi_outside_fold0/validity_v0/frame_metrics.csv,pku_0040_f01;column=vessel_oracle_gt_layer_iou,observed,
current-f0-stage2_segment_roi_outside_fold0,current-f0-e3b-v0-one-frame-original-geometry,E3b,segment,42,0,b85ea0c87d7d49a446b1d3ff5a513a21433654b1d9098b91f83cca4edd220495,52,val,PKU37,pku_0040,pku_0040_f01,frame,vessel_oracle_gt_layer_background_iou,0.9739411846033982,ratio,512x512,640x640,1 px (physical spacing unverified),raw,0.5,0.35,spatial valid AND annotation-valid where available,none,sabids-evaluator-v0-20260828,1.0,1.0,1.0,runs/current/stage2_segment_roi_outside_fold0/validity_v0/frame_metrics.csv,pku_0040_f01;column=vessel_oracle_gt_layer_background_iou,observed,
current-f0-stage2_segment_roi_outside_fold0,current-f0-e3b-v0-one-frame-original-geometry,E3b,segment,42,0,b85ea0c87d7d49a446b1d3ff5a513a21433654b1d9098b91f83cca4edd220495,52,val,PKU37,pku_0040,pku_0040_f01,frame,vessel_oracle_gt_layer_miou,0.8126897703898595,ratio,512x512,640x640,1 px (physical spacing unverified),raw,0.5,0.35,spatial valid AND annotation-valid where available,none,sabids-evaluator-v0-20260828,1.0,1.0,1.0,runs/current/stage2_segment_roi_outside_fold0/validity_v0/frame_metrics.csv,pku_0040_f01;column=vessel_oracle_gt_layer_miou,observed,
current-f0-stage2_segment_roi_outside_fold0,current-f0-e3b-v0-one-frame-original-geometry,E3b,segment,42,0,b85ea0c87d7d49a446b1d3ff5a513a21433654b1d9098b91f83cca4edd220495,52,val,PKU37,pku_0040,pku_0040_f01,frame,vessel_oracle_gt_layer_precision,0.7418298104772705,ratio,512x512,640x640,1 px (physical spacing unverified),raw,0.5,0.35,spatial valid AND annotation-valid where available,none,sabids-evaluator-v0-20260828,1.0,1.0,1.0,runs/current/stage2_segment_roi_outside_fold0/validity_v0/frame_metrics.csv,pku_0040_f01;column=vessel_oracle_gt_layer_precision,observed,
current-f0-stage2_segment_roi_outside_fold0,current-f0-e3b-v0-one-frame-original-geometry,E3b,segment,42,0,b85ea0c87d7d49a446b1d3ff5a513a21433654b1d9098b91f83cca4edd220495,52,val,PKU37,pku_0040,pku_0040_f01,frame,vessel_oracle_gt_layer_recall,0.8424269264905923,ratio,512x512,640x640,1 px (physical spacing unverified),raw,0.5,0.35,spatial valid AND annotation-valid where available,none,sabids-evaluator-v0-20260828,1.0,1.0,1.0,runs/current/stage2_segment_roi_outside_fold0/validity_v0/frame_metrics.csv,pku_0040_f01;column=vessel_oracle_gt_layer_recall,observed,
current-f0-stage2_segment_roi_outside_fold0,current-f0-e3b-v0-one-frame-original-geometry,E3b,segment,42,0,b85ea0c87d7d49a446b1d3ff5a513a21433654b1d9098b91f83cca4edd220495,52,val,PKU37,pku_0040,pku_0040_f01,frame,vessel_oracle_gt_layer_specificity,0.9828949408299754,ratio,512x512,640x640,1 px (physical spacing unverified),raw,0.5,0.35,spatial valid AND annotation-valid where available,none,sabids-evaluator-v0-20260828,1.0,1.0,1.0,runs/current/stage2_segment_roi_outside_fold0/validity_v0/frame_metrics.csv,pku_0040_f01;column=vessel_oracle_gt_layer_specificity,observed,
current-f0-stage2_segment_roi_outside_fold0,current-f0-e3b-v0-one-frame-original-geometry,E3b,segment,42,0,b85ea0c87d7d49a446b1d3ff5a513a21433654b1d9098b91f83cca4edd220495,52,val,PKU37,pku_0040,pku_0040_f01,frame,vessel_oracle_gt_layer_accuracy,0.9751513671875608,ratio,512x512,640x640,1 px (physical spacing unverified),raw,0.5,0.35,spatial valid AND annotation-valid where available,none,sabids-evaluator-v0-20260828,1.0,1.0,1.0,runs/current/stage2_segment_roi_outside_fold0/validity_v0/frame_metrics.csv,pku_0040_f01;column=vessel_oracle_gt_layer_accuracy,observed,
current-f0-stage2_segment_roi_outside_fold0,current-f0-e3b-v0-one-frame-original-geometry,E3b,segment,42,0,b85ea0c87d7d49a446b1d3ff5a513a21433654b1d9098b91f83cca4edd220495,52,val,PKU37,pku_0040,pku_0040_f01,frame,vessel_pred_layer_soft_gate_dice,0.7870181712381592,ratio,512x512,640x640,1 px (physical spacing unverified),soft_gate,0.5,0.35,spatial valid AND annotation-valid where available,none,sabids-evaluator-v0-20260828,1.0,1.0,1.0,runs/current/stage2_segment_roi_outside_fold0/validity_v0/frame_metrics.csv,pku_0040_f01;column=vessel_pred_layer_soft_gate_dice,observed,
current-f0-stage2_segment_roi_outside_fold0,current-f0-e3b-v0-one-frame-original-geometry,E3b,segment,42,0,b85ea0c87d7d49a446b1d3ff5a513a21433654b1d9098b91f83cca4edd220495,52,val,PKU37,pku_0040,pku_0040_f01,frame,vessel_pred_layer_soft_gate_iou,0.6488293167992586,ratio,512x512,640x640,1 px (physical spacing unverified),soft_gate,0.5,0.35,spatial valid AND annotation-valid where available,none,sabids-evaluator-v0-20260828,1.0,1.0,1.0,runs/current/stage2_segment_roi_outside_fold0/validity_v0/frame_metrics.csv,pku_0040_f01;column=vessel_pred_layer_soft_gate_iou,observed,
current-f0-stage2_segment_roi_outside_fold0,current-f0-e3b-v0-one-frame-original-geometry,E3b,segment,42,0,b85ea0c87d7d49a446b1d3ff5a513a21433654b1d9098b91f83cca4edd220495,52,val,PKU37,pku_0040,pku_0040_f01,frame,vessel_pred_layer_soft_gate_background_iou,0.9737785820879,ratio,512x512,640x640,1 px (physical spacing unverified),soft_gate,0.5,0.35,spatial valid AND annotation-valid where available,none,sabids-evaluator-v0-20260828,1.0,1.0,1.0,runs/current/stage2_segment_roi_outside_fold0/validity_v0/frame_metrics.csv,pku_0040_f01;column=vessel_pred_layer_soft_gate_background_iou,observed,
current-f0-stage2_segment_roi_outside_fold0,current-f0-e3b-v0-one-frame-original-geometry,E3b,segment,42,0,b85ea0c87d7d49a446b1d3ff5a513a21433654b1d9098b91f83cca4edd220495,52,val,PKU37,pku_0040,pku_0040_f01,frame,vessel_pred_layer_soft_gate_miou,0.8113039494435794,ratio,512x512,640x640,1 px (physical spacing unverified),soft_gate,0.5,0.35,spatial valid AND annotation-valid where available,none,sabids-evaluator-v0-20260828,1.0,1.0,1.0,runs/current/stage2_segment_roi_outside_fold0/validity_v0/frame_metrics.csv,pku_0040_f01;column=vessel_pred_layer_soft_gate_miou,observed,
current-f0-stage2_segment_roi_outside_fold0,current-f0-e3b-v0-one-frame-original-geometry,E3b,segment,42,0,b85ea0c87d7d49a446b1d3ff5a513a21433654b1d9098b91f83cca4edd220495,52,val,PKU37,pku_0040,pku_0040_f01,frame,vessel_pred_layer_soft_gate_precision,0.7417117329045493,ratio,512x512,640x640,1 px (physical spacing unverified),soft_gate,0.5,0.35,spatial valid AND annotation-valid where available,none,sabids-evaluator-v0-20260828,1.0,1.0,1.0,runs/current/stage2_segment_roi_outside_fold0/validity_v0/frame_metrics.csv,pku_0040_f01;column=vessel_pred_layer_soft_gate_precision,observed,
current-f0-stage2_segment_roi_outside_fold0,current-f0-e3b-v0-one-frame-original-geometry,E3b,segment,42,0,b85ea0c87d7d49a446b1d3ff5a513a21433654b1d9098b91f83cca4edd220495,52,val,PKU37,pku_0040,pku_0040_f01,frame,vessel_pred_layer_soft_gate_recall,0.8382196634261196,ratio,512x512,640x640,1 px (physical spacing unverified),soft_gate,0.5,0.35,spatial valid AND annotation-valid where available,none,sabids-evaluator-v0-20260828,1.0,1.0,1.0,runs/current/stage2_segment_roi_outside_fold0/validity_v0/frame_metrics.csv,pku_0040_f01;column=vessel_pred_layer_soft_gate_recall,observed,
current-f0-stage2_segment_roi_outside_fold0,current-f0-e3b-v0-one-frame-original-geometry,E3b,segment,42,0,b85ea0c87d7d49a446b1d3ff5a513a21433654b1d9098b91f83cca4edd220495,52,val,PKU37,pku_0040,pku_0040_f01,frame,vessel_pred_layer_soft_gate_specificity,0.9829698723580615,ratio,512x512,640x640,1 px (physical spacing unverified),soft_gate,0.5,0.35,spatial valid AND annotation-valid where available,none,sabids-evaluator-v0-20260828,1.0,1.0,1.0,runs/current/stage2_segment_roi_outside_fold0/validity_v0/frame_metrics.csv,pku_0040_f01;column=vessel_pred_layer_soft_gate_specificity,observed,
current-f0-stage2_segment_roi_outside_fold0,current-f0-e3b-v0-one-frame-original-geometry,E3b,segment,42,0,b85ea0c87d7d49a446b1d3ff5a513a21433654b1d9098b91f83cca4edd220495,52,val,PKU37,pku_0040,pku_0040_f01,frame,vessel_pred_layer_soft_gate_accuracy,0.974990234375061,ratio,512x512,640x640,1 px (physical spacing unverified),soft_gate,0.5,0.35,spatial valid AND annotation-valid where available,none,sabids-evaluator-v0-20260828,1.0,1.0,1.0,runs/current/stage2_segment_roi_outside_fold0/validity_v0/frame_metrics.csv,pku_0040_f01;column=vessel_pred_layer_soft_gate_accuracy,observed,
current-f0-stage2_segment_roi_outside_fold0,current-f0-e3b-v0-one-frame-original-geometry,E3b,segment,42,0,b85ea0c87d7d49a446b1d3ff5a513a21433654b1d9098b91f83cca4edd220495,52,val,PKU37,pku_0040,pku_0040_f01,frame,vessel_pred_layer_soft_gate_soft_dice,0.7252069999852593,ratio,512x512,640x640,1 px (physical spacing unverified),soft_gate,0.5,0.35,spatial valid AND annotation-valid where available,none,sabids-evaluator-v0-20260828,1.0,1.0,1.0,runs/current/stage2_segment_roi_outside_fold0/validity_v0/frame_metrics.csv,pku_0040_f01;column=vessel_pred_layer_soft_gate_soft_dice,observed,
current-f0-stage2_segment_roi_outside_fold0,current-f0-e3b-v0-one-frame-original-geometry,E3b,segment,42,0,b85ea0c87d7d49a446b1d3ff5a513a21433654b1d9098b91f83cca4edd220495,52,val,PKU37,pku_0040,pku_0040_f01,frame,vessel_gt_component_small_count,5.0,ratio,512x512,640x640,1 px (physical spacing unverified),raw,0.5,0.35,spatial valid AND annotation-valid where available,none,sabids-evaluator-v0-20260828,1.0,1.0,1.0,runs/current/stage2_segment_roi_outside_fold0/validity_v0/frame_metrics.csv,pku_0040_f01;column=vessel_gt_component_small_count,observed,
current-f0-stage2_segment_roi_outside_fold0,current-f0-e3b-v0-one-frame-original-geometry,E3b,segment,42,0,b85ea0c87d7d49a446b1d3ff5a513a21433654b1d9098b91f83cca4edd220495,52,val,PKU37,pku_0040,pku_0040_f01,frame,vessel_gt_component_small_pixels,490.0,px,512x512,640x640,1 px (physical spacing unverified),raw,0.5,0.35,spatial valid AND annotation-valid where available,none,sabids-evaluator-v0-20260828,1.0,1.0,1.0,runs/current/stage2_segment_roi_outside_fold0/validity_v0/frame_metrics.csv,pku_0040_f01;column=vessel_gt_component_small_pixels,observed,
current-f0-stage2_segment_roi_outside_fold0,current-f0-e3b-v0-one-frame-original-geometry,E3b,segment,42,0,b85ea0c87d7d49a446b1d3ff5a513a21433654b1d9098b91f83cca4edd220495,52,val,PKU37,pku_0040,pku_0040_f01,frame,vessel_gt_component_small_pixel_recall,0.5081632653061224,ratio,512x512,640x640,1 px (physical spacing unverified),raw,0.5,0.35,spatial valid AND annotation-valid where available,none,sabids-evaluator-v0-20260828,1.0,1.0,1.0,runs/current/stage2_segment_roi_outside_fold0/validity_v0/frame_metrics.csv,pku_0040_f01;column=vessel_gt_component_small_pixel_recall,observed,
current-f0-stage2_segment_roi_outside_fold0,current-f0-e3b-v0-one-frame-original-geometry,E3b,segment,42,0,b85ea0c87d7d49a446b1d3ff5a513a21433654b1d9098b91f83cca4edd220495,52,val,PKU37,pku_0040,pku_0040_f01,frame,vessel_gt_component_small_detection_recall,0.8,ratio,512x512,640x640,1 px (physical spacing unverified),raw,0.5,0.35,spatial valid AND annotation-valid where available,none,sabids-evaluator-v0-20260828,1.0,1.0,1.0,runs/current/stage2_segment_roi_outside_fold0/validity_v0/frame_metrics.csv,pku_0040_f01;column=vessel_gt_component_small_detection_recall,observed,
current-f0-stage2_segment_roi_outside_fold0,current-f0-e3b-v0-one-frame-original-geometry,E3b,segment,42,0,b85ea0c87d7d49a446b1d3ff5a513a21433654b1d9098b91f83cca4edd220495,52,val,PKU37,pku_0040,pku_0040_f01,frame,vessel_gt_component_medium_count,11.0,ratio,512x512,640x640,1 px (physical spacing unverified),raw,0.5,0.35,spatial valid AND annotation-valid where available,none,sabids-evaluator-v0-20260828,1.0,1.0,1.0,runs/current/stage2_segment_roi_outside_fold0/validity_v0/frame_metrics.csv,pku_0040_f01;column=vessel_gt_component_medium_count,observed,
current-f0-stage2_segment_roi_outside_fold0,current-f0-e3b-v0-one-frame-original-geometry,E3b,segment,42,0,b85ea0c87d7d49a446b1d3ff5a513a21433654b1d9098b91f83cca4edd220495,52,val,PKU37,pku_0040,pku_0040_f01,frame,vessel_gt_component_medium_pixels,2053.0,px,512x512,640x640,1 px (physical spacing unverified),raw,0.5,0.35,spatial valid AND annotation-valid where available,none,sabids-evaluator-v0-20260828,1.0,1.0,1.0,runs/current/stage2_segment_roi_outside_fold0/validity_v0/frame_metrics.csv,pku_0040_f01;column=vessel_gt_component_medium_pixels,observed,
current-f0-stage2_segment_roi_outside_fold0,current-f0-e3b-v0-one-frame-original-geometry,E3b,segment,42,0,b85ea0c87d7d49a446b1d3ff5a513a21433654b1d9098b91f83cca4edd220495,52,val,PKU37,pku_0040,pku_0040_f01,frame,vessel_gt_component_medium_pixel_recall,0.810034096444228,ratio,512x512,640x640,1 px (physical spacing unverified),raw,0.5,0.35,spatial valid AND annotation-valid where available,none,sabids-evaluator-v0-20260828,1.0,1.0,1.0,runs/current/stage2_segment_roi_outside_fold0/validity_v0/frame_metrics.csv,pku_0040_f01;column=vessel_gt_component_medium_pixel_recall,observed,
current-f0-stage2_segment_roi_outside_fold0,current-f0-e3b-v0-one-frame-original-geometry,E3b,segment,42,0,b85ea0c87d7d49a446b1d3ff5a513a21433654b1d9098b91f83cca4edd220495,52,val,PKU37,pku_0040,pku_0040_f01,frame,vessel_gt_component_medium_detection_recall,1.0,ratio,512x512,640x640,1 px (physical spacing unverified),raw,0.5,0.35,spatial valid AND annotation-valid where available,none,sabids-evaluator-v0-20260828,1.0,1.0,1.0,runs/current/stage2_segment_roi_outside_fold0/validity_v0/frame_metrics.csv,pku_0040_f01;column=vessel_gt_component_medium_detection_recall,observed,
current-f0-stage2_segment_roi_outside_fold0,current-f0-e3b-v0-one-frame-original-geometry,E3b,segment,42,0,b85ea0c87d7d49a446b1d3ff5a513a21433654b1d9098b91f83cca4edd220495,52,val,PKU37,pku_0040,pku_0040_f01,frame,vessel_gt_component_large_count,18.0,ratio,512x512,640x640,1 px (physical spacing unverified),raw,0.5,0.35,spatial valid AND annotation-valid where available,none,sabids-evaluator-v0-20260828,1.0,1.0,1.0,runs/current/stage2_segment_roi_outside_fold0/validity_v0/frame_metrics.csv,pku_0040_f01;column=vessel_gt_component_large_count,observed,
current-f0-stage2_segment_roi_outside_fold0,current-f0-e3b-v0-one-frame-original-geometry,E3b,segment,42,0,b85ea0c87d7d49a446b1d3ff5a513a21433654b1d9098b91f83cca4edd220495,52,val,PKU37,pku_0040,pku_0040_f01,frame,vessel_gt_component_large_pixels,20037.0,px,512x512,640x640,1 px (physical spacing unverified),raw,0.5,0.35,spatial valid AND annotation-valid where available,none,sabids-evaluator-v0-20260828,1.0,1.0,1.0,runs/current/stage2_segment_roi_outside_fold0/validity_v0/frame_metrics.csv,pku_0040_f01;column=vessel_gt_component_large_pixels,observed,
current-f0-stage2_segment_roi_outside_fold0,current-f0-e3b-v0-one-frame-original-geometry,E3b,segment,42,0,b85ea0c87d7d49a446b1d3ff5a513a21433654b1d9098b91f83cca4edd220495,52,val,PKU37,pku_0040,pku_0040_f01,frame,vessel_gt_component_large_pixel_recall,0.8539202475420472,ratio,512x512,640x640,1 px (physical spacing unverified),raw,0.5,0.35,spatial valid AND annotation-valid where available,none,sabids-evaluator-v0-20260828,1.0,1.0,1.0,runs/current/stage2_segment_roi_outside_fold0/validity_v0/frame_metrics.csv,pku_0040_f01;column=vessel_gt_component_large_pixel_recall,observed,
current-f0-stage2_segment_roi_outside_fold0,current-f0-e3b-v0-one-frame-original-geometry,E3b,segment,42,0,b85ea0c87d7d49a446b1d3ff5a513a21433654b1d9098b91f83cca4edd220495,52,val,PKU37,pku_0040,pku_0040_f01,frame,vessel_gt_component_large_detection_recall,1.0,ratio,512x512,640x640,1 px (physical spacing unverified),raw,0.5,0.35,spatial valid AND annotation-valid where available,none,sabids-evaluator-v0-20260828,1.0,1.0,1.0,runs/current/stage2_segment_roi_outside_fold0/validity_v0/frame_metrics.csv,pku_0040_f01;column=vessel_gt_component_large_detection_recall,observed,
current-f0-stage2_segment_roi_outside_fold0,current-f0-e3b-v0-one-frame-original-geometry,E3b,segment,42,0,b85ea0c87d7d49a446b1d3ff5a513a21433654b1d9098b91f83cca4edd220495,52,val,PKU37,pku_0040,pku_0040_f01,frame,vessel_boundary_band_dice,0.6893109428666592,ratio,512x512,640x640,1 px (physical spacing unverified),raw,0.5,0.35,spatial valid AND annotation-valid where available,none,sabids-evaluator-v0-20260828,1.0,1.0,1.0,runs/current/stage2_segment_roi_outside_fold0/validity_v0/frame_metrics.csv,pku_0040_f01;column=vessel_boundary_band_dice,observed,
current-f0-stage2_segment_roi_outside_fold0,current-f0-e3b-v0-one-frame-original-geometry,E3b,segment,42,0,b85ea0c87d7d49a446b1d3ff5a513a21433654b1d9098b91f83cca4edd220495,52,val,PKU37,pku_0040,pku_0040_f01,frame,vessel_boundary_band_iou,0.52591492935352,ratio,512x512,640x640,1 px (physical spacing unverified),raw,0.5,0.35,spatial valid AND annotation-valid where available,none,sabids-evaluator-v0-20260828,1.0,1.0,1.0,runs/current/stage2_segment_roi_outside_fold0/validity_v0/frame_metrics.csv,pku_0040_f01;column=vessel_boundary_band_iou,observed,
current-f0-stage2_segment_roi_outside_fold0,current-f0-e3b-v0-one-frame-original-geometry,E3b,segment,42,0,b85ea0c87d7d49a446b1d3ff5a513a21433654b1d9098b91f83cca4edd220495,52,val,PKU37,pku_0040,pku_0040_f01,frame,vessel_boundary_band_background_iou,0.4414873394082969,ratio,512x512,640x640,1 px (physical spacing unverified),raw,0.5,0.35,spatial valid AND annotation-valid where available,none,sabids-evaluator-v0-20260828,1.0,1.0,1.0,runs/current/stage2_segment_roi_outside_fold0/validity_v0/frame_metrics.csv,pku_0040_f01;column=vessel_boundary_band_background_iou,observed,
current-f0-stage2_segment_roi_outside_fold0,current-f0-e3b-v0-one-frame-original-geometry,E3b,segment,42,0,b85ea0c87d7d49a446b1d3ff5a513a21433654b1d9098b91f83cca4edd220495,52,val,PKU37,pku_0040,pku_0040_f01,frame,vessel_boundary_band_miou,0.4837011343809084,ratio,512x512,640x640,1 px (physical spacing unverified),raw,0.5,0.35,spatial valid AND annotation-valid where available,none,sabids-evaluator-v0-20260828,1.0,1.0,1.0,runs/current/stage2_segment_roi_outside_fold0/validity_v0/frame_metrics.csv,pku_0040_f01;column=vessel_boundary_band_miou,observed,
current-f0-stage2_segment_roi_outside_fold0,current-f0-e3b-v0-one-frame-original-geometry,E3b,segment,42,0,b85ea0c87d7d49a446b1d3ff5a513a21433654b1d9098b91f83cca4edd220495,52,val,PKU37,pku_0040,pku_0040_f01,frame,vessel_boundary_band_precision,0.6625467555974511,ratio,512x512,640x640,1 px (physical spacing unverified),raw,0.5,0.35,spatial valid AND annotation-valid where available,none,sabids-evaluator-v0-20260828,1.0,1.0,1.0,runs/current/stage2_segment_roi_outside_fold0/validity_v0/frame_metrics.csv,pku_0040_f01;column=vessel_boundary_band_precision,observed,
current-f0-stage2_segment_roi_outside_fold0,current-f0-e3b-v0-one-frame-original-geometry,E3b,segment,42,0,b85ea0c87d7d49a446b1d3ff5a513a21433654b1d9098b91f83cca4edd220495,52,val,PKU37,pku_0040,pku_0040_f01,frame,vessel_boundary_band_recall,0.7183284845527349,ratio,512x512,640x640,1 px (physical spacing unverified),raw,0.5,0.35,spatial valid AND annotation-valid where available,none,sabids-evaluator-v0-20260828,1.0,1.0,1.0,runs/current/stage2_segment_roi_outside_fold0/validity_v0/frame_metrics.csv,pku_0040_f01;column=vessel_boundary_band_recall,observed,
current-f0-stage2_segment_roi_outside_fold0,current-f0-e3b-v0-one-frame-original-geometry,E3b,segment,42,0,b85ea0c87d7d49a446b1d3ff5a513a21433654b1d9098b91f83cca4edd220495,52,val,PKU37,pku_0040,pku_0040_f01,frame,vessel_boundary_band_specificity,0.5831659301342742,ratio,512x512,640x640,1 px (physical spacing unverified),raw,0.5,0.35,spatial valid AND annotation-valid where available,none,sabids-evaluator-v0-20260828,1.0,1.0,1.0,runs/current/stage2_segment_roi_outside_fold0/validity_v0/frame_metrics.csv,pku_0040_f01;column=vessel_boundary_band_specificity,observed,
current-f0-stage2_segment_roi_outside_fold0,current-f0-e3b-v0-one-frame-original-geometry,E3b,segment,42,0,b85ea0c87d7d49a446b1d3ff5a513a21433654b1d9098b91f83cca4edd220495,52,val,PKU37,pku_0040,pku_0040_f01,frame,vessel_boundary_band_accuracy,0.6551481290363328,ratio,512x512,640x640,1 px (physical spacing unverified),raw,0.5,0.35,spatial valid AND annotation-valid where available,none,sabids-evaluator-v0-20260828,1.0,1.0,1.0,runs/current/stage2_segment_roi_outside_fold0/validity_v0/frame_metrics.csv,pku_0040_f01;column=vessel_boundary_band_accuracy,observed,
current-f0-stage2_segment_roi_outside_fold0,current-f0-e3b-v0-one-frame-original-geometry,E3b,segment,42,0,b85ea0c87d7d49a446b1d3ff5a513a21433654b1d9098b91f83cca4edd220495,52,val,PKU37,pku_0040,pku_0040_f01,frame,vessel_boundary_band_fp_pixels,4150.0,px,512x512,640x640,1 px (physical spacing unverified),raw,0.5,0.35,spatial valid AND annotation-valid where available,none,sabids-evaluator-v0-20260828,1.0,1.0,1.0,runs/current/stage2_segment_roi_outside_fold0/validity_v0/frame_metrics.csv,pku_0040_f01;column=vessel_boundary_band_fp_pixels,observed,
current-f0-stage2_segment_roi_outside_fold0,current-f0-e3b-v0-one-frame-original-geometry,E3b,segment,42,0,b85ea0c87d7d49a446b1d3ff5a513a21433654b1d9098b91f83cca4edd220495,52,val,PKU37,pku_0040,pku_0040_f01,frame,vessel_boundary_band_fn_pixels,3195.0,px,512x512,640x640,1 px (physical spacing unverified),raw,0.5,0.35,spatial valid AND annotation-valid where available,none,sabids-evaluator-v0-20260828,1.0,1.0,1.0,runs/current/stage2_segment_roi_outside_fold0/validity_v0/frame_metrics.csv,pku_0040_f01;column=vessel_boundary_band_fn_pixels,observed,
current-f0-stage2_segment_roi_outside_fold0,current-f0-e3b-v0-one-frame-original-geometry,E3b,segment,42,0,b85ea0c87d7d49a446b1d3ff5a513a21433654b1d9098b91f83cca4edd220495,52,val,PKU37,pku_0040,pku_0040_f01,frame,whole_layer_baseline_vessel_dice,0.5621250217884174,ratio,512x512,640x640,1 px (physical spacing unverified),raw,0.5,0.35,spatial valid AND annotation-valid where available,none,sabids-evaluator-v0-20260828,1.0,1.0,1.0,runs/current/stage2_segment_roi_outside_fold0/validity_v0/frame_metrics.csv,pku_0040_f01;column=whole_layer_baseline_vessel_dice,observed,
current-f0-stage2_segment_roi_outside_fold0,current-f0-e3b-v0-one-frame-original-geometry,E3b,segment,42,0,b85ea0c87d7d49a446b1d3ff5a513a21433654b1d9098b91f83cca4edd220495,52,val,PKU37,pku_0040,pku_0040_f01,frame,empty_baseline_vessel_dice,4.428697962602803e-11,ratio,512x512,640x640,1 px (physical spacing unverified),raw,0.5,0.35,spatial valid AND annotation-valid where available,none,sabids-evaluator-v0-20260828,1.0,1.0,1.0,runs/current/stage2_segment_roi_outside_fold0/validity_v0/frame_metrics.csv,pku_0040_f01;column=empty_baseline_vessel_dice,observed,
current-f0-stage2_segment_roi_outside_fold0,current-f0-e3b-v0-one-frame-original-geometry,E3b,segment,42,0,b85ea0c87d7d49a446b1d3ff5a513a21433654b1d9098b91f83cca4edd220495,52,val,PKU37,pku_0040,pku_0040_f01,frame,vessel_hd95,14.422205101855956,px,512x512,640x640,1 px (physical spacing unverified),raw,0.5,0.35,spatial valid AND annotation-valid where available,none,sabids-evaluator-v0-20260828,1.0,1.0,1.0,runs/current/stage2_segment_roi_outside_fold0/validity_v0/frame_metrics.csv,pku_0040_f01;column=vessel_hd95,observed,
current-f0-stage2_segment_roi_outside_fold0,current-f0-e3b-v0-one-frame-original-geometry,E3b,segment,42,0,b85ea0c87d7d49a446b1d3ff5a513a21433654b1d9098b91f83cca4edd220495,52,val,PKU37,pku_0040,pku_0040_f01,frame,vessel_assd,4.3975071990853065,px,512x512,640x640,1 px (physical spacing unverified),raw,0.5,0.35,spatial valid AND annotation-valid where available,none,sabids-evaluator-v0-20260828,1.0,1.0,1.0,runs/current/stage2_segment_roi_outside_fold0/validity_v0/frame_metrics.csv,pku_0040_f01;column=vessel_assd,observed,
current-f0-stage2_segment_roi_outside_fold0,current-f0-e3b-v0-one-frame-original-geometry,E3b,segment,42,0,b85ea0c87d7d49a446b1d3ff5a513a21433654b1d9098b91f83cca4edd220495,52,val,PKU37,pku_0040,pku_0040_f01,frame,p1_empty_input,0.0,ratio,512x512,640x640,1 px (physical spacing unverified),p1,0.5,0.35,spatial valid AND annotation-valid where available,p0-p3-v1,sabids-evaluator-v0-20260828,1.0,1.0,1.0,runs/current/stage2_segment_roi_outside_fold0/validity_v0/frame_metrics.csv,pku_0040_f01;column=p1_empty_input,observed,
current-f0-stage2_segment_roi_outside_fold0,current-f0-e3b-v0-one-frame-original-geometry,E3b,segment,42,0,b85ea0c87d7d49a446b1d3ff5a513a21433654b1d9098b91f83cca4edd220495,52,val,PKU37,pku_0040,pku_0040_f01,frame,p1_component_count,2.0,ratio,512x512,640x640,1 px (physical spacing unverified),p1,0.5,0.35,spatial valid AND annotation-valid where available,p0-p3-v1,sabids-evaluator-v0-20260828,1.0,1.0,1.0,runs/current/stage2_segment_roi_outside_fold0/validity_v0/frame_metrics.csv,pku_0040_f01;column=p1_component_count,observed,
current-f0-stage2_segment_roi_outside_fold0,current-f0-e3b-v0-one-frame-original-geometry,E3b,segment,42,0,b85ea0c87d7d49a446b1d3ff5a513a21433654b1d9098b91f83cca4edd220495,52,val,PKU37,pku_0040,pku_0040_f01,frame,p1_removed_pixels,108.0,px,512x512,640x640,1 px (physical spacing unverified),p1,0.5,0.35,spatial valid AND annotation-valid where available,p0-p3-v1,sabids-evaluator-v0-20260828,1.0,1.0,1.0,runs/current/stage2_segment_roi_outside_fold0/validity_v0/frame_metrics.csv,pku_0040_f01;column=p1_removed_pixels,observed,
current-f0-stage2_segment_roi_outside_fold0,current-f0-e3b-v0-one-frame-original-geometry,E3b,segment,42,0,b85ea0c87d7d49a446b1d3ff5a513a21433654b1d9098b91f83cca4edd220495,52,val,PKU37,pku_0040,pku_0040_f01,frame,p1_filled_pixels,0.0,px,512x512,640x640,1 px (physical spacing unverified),p1,0.5,0.35,spatial valid AND annotation-valid where available,p0-p3-v1,sabids-evaluator-v0-20260828,1.0,1.0,1.0,runs/current/stage2_segment_roi_outside_fold0/validity_v0/frame_metrics.csv,pku_0040_f01;column=p1_filled_pixels,observed,
current-f0-stage2_segment_roi_outside_fold0,current-f0-e3b-v0-one-frame-original-geometry,E3b,segment,42,0,b85ea0c87d7d49a446b1d3ff5a513a21433654b1d9098b91f83cca4edd220495,52,val,PKU37,pku_0040,pku_0040_f01,frame,p1_main_fraction,0.9980252331321996,ratio,512x512,640x640,1 px (physical spacing unverified),p1,0.5,0.35,spatial valid AND annotation-valid where available,p0-p3-v1,sabids-evaluator-v0-20260828,1.0,1.0,1.0,runs/current/stage2_segment_roi_outside_fold0/validity_v0/frame_metrics.csv,pku_0040_f01;column=p1_main_fraction,observed,
current-f0-stage2_segment_roi_outside_fold0,current-f0-e3b-v0-one-frame-original-geometry,E3b,segment,42,0,b85ea0c87d7d49a446b1d3ff5a513a21433654b1d9098b91f83cca4edd220495,52,val,PKU37,pku_0040,pku_0040_f01,frame,p1_cleanup_failed,0.0,ratio,512x512,640x640,1 px (physical spacing unverified),p1,0.5,0.35,spatial valid AND annotation-valid where available,p0-p3-v1,sabids-evaluator-v0-20260828,1.0,1.0,1.0,runs/current/stage2_segment_roi_outside_fold0/validity_v0/frame_metrics.csv,pku_0040_f01;column=p1_cleanup_failed,observed,
current-f0-stage2_segment_roi_outside_fold0,current-f0-e3b-v0-one-frame-original-geometry,E3b,segment,42,0,b85ea0c87d7d49a446b1d3ff5a513a21433654b1d9098b91f83cca4edd220495,52,val,PKU37,pku_0040,pku_0040_f01,frame,p2_empty_input,0.0,ratio,512x512,640x640,1 px (physical spacing unverified),p2,0.5,0.35,spatial valid AND annotation-valid where available,p0-p3-v1,sabids-evaluator-v0-20260828,1.0,1.0,1.0,runs/current/stage2_segment_roi_outside_fold0/validity_v0/frame_metrics.csv,pku_0040_f01;column=p2_empty_input,observed,
current-f0-stage2_segment_roi_outside_fold0,current-f0-e3b-v0-one-frame-original-geometry,E3b,segment,42,0,b85ea0c87d7d49a446b1d3ff5a513a21433654b1d9098b91f83cca4edd220495,52,val,PKU37,pku_0040,pku_0040_f01,frame,p2_changed_columns,35.0,ratio,512x512,640x640,1 px (physical spacing unverified),p2,0.5,0.35,spatial valid AND annotation-valid where available,p0-p3-v1,sabids-evaluator-v0-20260828,1.0,1.0,1.0,runs/current/stage2_segment_roi_outside_fold0/validity_v0/frame_metrics.csv,pku_0040_f01;column=p2_changed_columns,observed,
current-f0-stage2_segment_roi_outside_fold0,current-f0-e3b-v0-one-frame-original-geometry,E3b,segment,42,0,b85ea0c87d7d49a446b1d3ff5a513a21433654b1d9098b91f83cca4edd220495,52,val,PKU37,pku_0040,pku_0040_f01,frame,p2_mean_abs_displacement,0.1265625,px,512x512,640x640,1 px (physical spacing unverified),p2,0.5,0.35,spatial valid AND annotation-valid where available,p0-p3-v1,sabids-evaluator-v0-20260828,1.0,1.0,1.0,runs/current/stage2_segment_roi_outside_fold0/validity_v0/frame_metrics.csv,pku_0040_f01;column=p2_mean_abs_displacement,observed,
current-f0-stage2_segment_roi_outside_fold0,current-f0-e3b-v0-one-frame-original-geometry,E3b,segment,42,0,b85ea0c87d7d49a446b1d3ff5a513a21433654b1d9098b91f83cca4edd220495,52,val,PKU37,pku_0040,pku_0040_f01,frame,p2_max_abs_displacement,8.0,px,512x512,640x640,1 px (physical spacing unverified),p2,0.5,0.35,spatial valid AND annotation-valid where available,p0-p3-v1,sabids-evaluator-v0-20260828,1.0,1.0,1.0,runs/current/stage2_segment_roi_outside_fold0/validity_v0/frame_metrics.csv,pku_0040_f01;column=p2_max_abs_displacement,observed,
current-f0-stage2_segment_roi_outside_fold0,current-f0-e3b-v0-one-frame-original-geometry,E3b,segment,42,0,b85ea0c87d7d49a446b1d3ff5a513a21433654b1d9098b91f83cca4edd220495,52,val,PKU37,pku_0040,pku_0040_f01,frame,p2_regularization_failed,0.0,ratio,512x512,640x640,1 px (physical spacing unverified),p2,0.5,0.35,spatial valid AND annotation-valid where available,p0-p3-v1,sabids-evaluator-v0-20260828,1.0,1.0,1.0,runs/current/stage2_segment_roi_outside_fold0/validity_v0/frame_metrics.csv,pku_0040_f01;column=p2_regularization_failed,observed,
current-f0-stage2_segment_roi_outside_fold0,current-f0-e3b-v0-one-frame-original-geometry,E3b,segment,42,0,b85ea0c87d7d49a446b1d3ff5a513a21433654b1d9098b91f83cca4edd220495,52,val,PKU37,pku_0040,pku_0040_f01,frame,p0_layer_dice,0.9481715993174784,ratio,512x512,640x640,1 px (physical spacing unverified),p0,0.5,0.35,spatial valid AND annotation-valid where available,p0-p3-v1,sabids-evaluator-v0-20260828,1.0,1.0,1.0,runs/current/stage2_segment_roi_outside_fold0/validity_v0/frame_metrics.csv,pku_0040_f01;column=p0_layer_dice,observed,
current-f0-stage2_segment_roi_outside_fold0,current-f0-e3b-v0-one-frame-original-geometry,E3b,segment,42,0,b85ea0c87d7d49a446b1d3ff5a513a21433654b1d9098b91f83cca4edd220495,52,val,PKU37,pku_0040,pku_0040_f01,frame,p0_layer_iou,0.90145084379077,ratio,512x512,640x640,1 px (physical spacing unverified),p0,0.5,0.35,spatial valid AND annotation-valid where available,p0-p3-v1,sabids-evaluator-v0-20260828,1.0,1.0,1.0,runs/current/stage2_segment_roi_outside_fold0/validity_v0/frame_metrics.csv,pku_0040_f01;column=p0_layer_iou,observed,
current-f0-stage2_segment_roi_outside_fold0,current-f0-e3b-v0-one-frame-original-geometry,E3b,segment,42,0,b85ea0c87d7d49a446b1d3ff5a513a21433654b1d9098b91f83cca4edd220495,52,val,PKU37,pku_0040,pku_0040_f01,frame,p0_layer_background_iou,0.9836425383817012,ratio,512x512,640x640,1 px (physical spacing unverified),p0,0.5,0.35,spatial valid AND annotation-valid where available,p0-p3-v1,sabids-evaluator-v0-20260828,1.0,1.0,1.0,runs/current/stage2_segment_roi_outside_fold0/validity_v0/frame_metrics.csv,pku_0040_f01;column=p0_layer_background_iou,observed,
current-f0-stage2_segment_roi_outside_fold0,current-f0-e3b-v0-one-frame-original-geometry,E3b,segment,42,0,b85ea0c87d7d49a446b1d3ff5a513a21433654b1d9098b91f83cca4edd220495,52,val,PKU37,pku_0040,pku_0040_f01,frame,p0_layer_miou,0.9425466910862356,ratio,512x512,640x640,1 px (physical spacing unverified),p0,0.5,0.35,spatial valid AND annotation-valid where available,p0-p3-v1,sabids-evaluator-v0-20260828,1.0,1.0,1.0,runs/current/stage2_segment_roi_outside_fold0/validity_v0/frame_metrics.csv,pku_0040_f01;column=p0_layer_miou,observed,
current-f0-stage2_segment_roi_outside_fold0,current-f0-e3b-v0-one-frame-original-geometry,E3b,segment,42,0,b85ea0c87d7d49a446b1d3ff5a513a21433654b1d9098b91f83cca4edd220495,52,val,PKU37,pku_0040,pku_0040_f01,frame,p0_layer_precision,0.9747668678007904,ratio,512x512,640x640,1 px (physical spacing unverified),p0,0.5,0.35,spatial valid AND annotation-valid where available,p0-p3-v1,sabids-evaluator-v0-20260828,1.0,1.0,1.0,runs/current/stage2_segment_roi_outside_fold0/validity_v0/frame_metrics.csv,pku_0040_f01;column=p0_layer_precision,observed,
current-f0-stage2_segment_roi_outside_fold0,current-f0-e3b-v0-one-frame-original-geometry,E3b,segment,42,0,b85ea0c87d7d49a446b1d3ff5a513a21433654b1d9098b91f83cca4edd220495,52,val,PKU37,pku_0040,pku_0040_f01,frame,p0_layer_recall,0.9229890231669554,ratio,512x512,640x640,1 px (physical spacing unverified),p0,0.5,0.35,spatial valid AND annotation-valid where available,p0-p3-v1,sabids-evaluator-v0-20260828,1.0,1.0,1.0,runs/current/stage2_segment_roi_outside_fold0/validity_v0/frame_metrics.csv,pku_0040_f01;column=p0_layer_recall,observed,
current-f0-stage2_segment_roi_outside_fold0,current-f0-e3b-v0-one-frame-original-geometry,E3b,segment,42,0,b85ea0c87d7d49a446b1d3ff5a513a21433654b1d9098b91f83cca4edd220495,52,val,PKU37,pku_0040,pku_0040_f01,frame,p0_layer_specificity,0.9960777849148308,ratio,512x512,640x640,1 px (physical spacing unverified),p0,0.5,0.35,spatial valid AND annotation-valid where available,p0-p3-v1,sabids-evaluator-v0-20260828,1.0,1.0,1.0,runs/current/stage2_segment_roi_outside_fold0/validity_v0/frame_metrics.csv,pku_0040_f01;column=p0_layer_specificity,observed,
current-f0-stage2_segment_roi_outside_fold0,current-f0-e3b-v0-one-frame-original-geometry,E3b,segment,42,0,b85ea0c87d7d49a446b1d3ff5a513a21433654b1d9098b91f83cca4edd220495,52,val,PKU37,pku_0040,pku_0040_f01,frame,p0_layer_accuracy,0.9857714843750348,ratio,512x512,640x640,1 px (physical spacing unverified),p0,0.5,0.35,spatial valid AND annotation-valid where available,p0-p3-v1,sabids-evaluator-v0-20260828,1.0,1.0,1.0,runs/current/stage2_segment_roi_outside_fold0/validity_v0/frame_metrics.csv,pku_0040_f01;column=p0_layer_accuracy,observed,
current-f0-stage2_segment_roi_outside_fold0,current-f0-e3b-v0-one-frame-original-geometry,E3b,segment,42,0,b85ea0c87d7d49a446b1d3ff5a513a21433654b1d9098b91f83cca4edd220495,52,val,PKU37,pku_0040,pku_0040_f01,frame,p0_upper_boundary_mae,3.9078125,px,512x512,640x640,1 px (physical spacing unverified),p0,0.5,0.35,spatial valid AND annotation-valid where available,p0-p3-v1,sabids-evaluator-v0-20260828,1.0,1.0,1.0,runs/current/stage2_segment_roi_outside_fold0/validity_v0/frame_metrics.csv,pku_0040_f01;column=p0_upper_boundary_mae,observed,
current-f0-stage2_segment_roi_outside_fold0,current-f0-e3b-v0-one-frame-original-geometry,E3b,segment,42,0,b85ea0c87d7d49a446b1d3ff5a513a21433654b1d9098b91f83cca4edd220495,52,val,PKU37,pku_0040,pku_0040_f01,frame,p0_lower_boundary_mae,6.8453125,px,512x512,640x640,1 px (physical spacing unverified),p0,0.5,0.35,spatial valid AND annotation-valid where available,p0-p3-v1,sabids-evaluator-v0-20260828,1.0,1.0,1.0,runs/current/stage2_segment_roi_outside_fold0/validity_v0/frame_metrics.csv,pku_0040_f01;column=p0_lower_boundary_mae,observed,
current-f0-stage2_segment_roi_outside_fold0,current-f0-e3b-v0-one-frame-original-geometry,E3b,segment,42,0,b85ea0c87d7d49a446b1d3ff5a513a21433654b1d9098b91f83cca4edd220495,52,val,PKU37,pku_0040,pku_0040_f01,frame,p0_thickness_mae,8.98125,px,512x512,640x640,1 px (physical spacing unverified),p0,0.5,0.35,spatial valid AND annotation-valid where available,p0-p3-v1,sabids-evaluator-v0-20260828,1.0,1.0,1.0,runs/current/stage2_segment_roi_outside_fold0/validity_v0/frame_metrics.csv,pku_0040_f01;column=p0_thickness_mae,observed,
current-f0-stage2_segment_roi_outside_fold0,current-f0-e3b-v0-one-frame-original-geometry,E3b,segment,42,0,b85ea0c87d7d49a446b1d3ff5a513a21433654b1d9098b91f83cca4edd220495,52,val,PKU37,pku_0040,pku_0040_f01,frame,p1_layer_dice,0.9490831404668943,ratio,512x512,640x640,1 px (physical spacing unverified),p1,0.5,0.35,spatial valid AND annotation-valid where available,p0-p3-v1,sabids-evaluator-v0-20260828,1.0,1.0,1.0,runs/current/stage2_segment_roi_outside_fold0/validity_v0/frame_metrics.csv,pku_0040_f01;column=p1_layer_dice,observed,
current-f0-stage2_segment_roi_outside_fold0,current-f0-e3b-v0-one-frame-original-geometry,E3b,segment,42,0,b85ea0c87d7d49a446b1d3ff5a513a21433654b1d9098b91f83cca4edd220495,52,val,PKU37,pku_0040,pku_0040_f01,frame,p1_layer_iou,0.9031001185854124,ratio,512x512,640x640,1 px (physical spacing unverified),p1,0.5,0.35,spatial valid AND annotation-valid where available,p0-p3-v1,sabids-evaluator-v0-20260828,1.0,1.0,1.0,runs/current/stage2_segment_roi_outside_fold0/validity_v0/frame_metrics.csv,pku_0040_f01;column=p1_layer_iou,observed,
current-f0-stage2_segment_roi_outside_fold0,current-f0-e3b-v0-one-frame-original-geometry,E3b,segment,42,0,b85ea0c87d7d49a446b1d3ff5a513a21433654b1d9098b91f83cca4edd220495,52,val,PKU37,pku_0040,pku_0040_f01,frame,p1_layer_background_iou,0.9839456622414776,ratio,512x512,640x640,1 px (physical spacing unverified),p1,0.5,0.35,spatial valid AND annotation-valid where available,p0-p3-v1,sabids-evaluator-v0-20260828,1.0,1.0,1.0,runs/current/stage2_segment_roi_outside_fold0/validity_v0/frame_metrics.csv,pku_0040_f01;column=p1_layer_background_iou,observed,
current-f0-stage2_segment_roi_outside_fold0,current-f0-e3b-v0-one-frame-original-geometry,E3b,segment,42,0,b85ea0c87d7d49a446b1d3ff5a513a21433654b1d9098b91f83cca4edd220495,52,val,PKU37,pku_0040,pku_0040_f01,frame,p1_layer_miou,0.9435228904134452,ratio,512x512,640x640,1 px (physical spacing unverified),p1,0.5,0.35,spatial valid AND annotation-valid where available,p0-p3-v1,sabids-evaluator-v0-20260828,1.0,1.0,1.0,runs/current/stage2_segment_roi_outside_fold0/validity_v0/frame_metrics.csv,pku_0040_f01;column=p1_layer_miou,observed,
current-f0-stage2_segment_roi_outside_fold0,current-f0-e3b-v0-one-frame-original-geometry,E3b,segment,42,0,b85ea0c87d7d49a446b1d3ff5a513a21433654b1d9098b91f83cca4edd220495,52,val,PKU37,pku_0040,pku_0040_f01,frame,p1_layer_precision,0.976695613939088,ratio,512x512,640x640,1 px (physical spacing unverified),p1,0.5,0.35,spatial valid AND annotation-valid where available,p0-p3-v1,sabids-evaluator-v0-20260828,1.0,1.0,1.0,runs/current/stage2_segment_roi_outside_fold0/validity_v0/frame_metrics.csv,pku_0040_f01;column=p1_layer_precision,observed,
current-f0-stage2_segment_roi_outside_fold0,current-f0-e3b-v0-one-frame-original-geometry,E3b,segment,42,0,b85ea0c87d7d49a446b1d3ff5a513a21433654b1d9098b91f83cca4edd220495,52,val,PKU37,pku_0040,pku_0040_f01,frame,p1_layer_recall,0.9229890231669554,ratio,512x512,640x640,1 px (physical spacing unverified),p1,0.5,0.35,spatial valid AND annotation-valid where available,p0-p3-v1,sabids-evaluator-v0-20260828,1.0,1.0,1.0,runs/current/stage2_segment_roi_outside_fold0/validity_v0/frame_metrics.csv,pku_0040_f01;column=p1_layer_recall,observed,
current-f0-stage2_segment_roi_outside_fold0,current-f0-e3b-v0-one-frame-original-geometry,E3b,segment,42,0,b85ea0c87d7d49a446b1d3ff5a513a21433654b1d9098b91f83cca4edd220495,52,val,PKU37,pku_0040,pku_0040_f01,frame,p1_layer_specificity,0.996384740878018,ratio,512x512,640x640,1 px (physical spacing unverified),p1,0.5,0.35,spatial valid AND annotation-valid where available,p0-p3-v1,sabids-evaluator-v0-20260828,1.0,1.0,1.0,runs/current/stage2_segment_roi_outside_fold0/validity_v0/frame_metrics.csv,pku_0040_f01;column=p1_layer_specificity,observed,
current-f0-stage2_segment_roi_outside_fold0,current-f0-e3b-v0-one-frame-original-geometry,E3b,segment,42,0,b85ea0c87d7d49a446b1d3ff5a513a21433654b1d9098b91f83cca4edd220495,52,val,PKU37,pku_0040,pku_0040_f01,frame,p1_layer_accuracy,0.986035156250034,ratio,512x512,640x640,1 px (physical spacing unverified),p1,0.5,0.35,spatial valid AND annotation-valid where available,p0-p3-v1,sabids-evaluator-v0-20260828,1.0,1.0,1.0,runs/current/stage2_segment_roi_outside_fold0/validity_v0/frame_metrics.csv,pku_0040_f01;column=p1_layer_accuracy,observed,
current-f0-stage2_segment_roi_outside_fold0,current-f0-e3b-v0-one-frame-original-geometry,E3b,segment,42,0,b85ea0c87d7d49a446b1d3ff5a513a21433654b1d9098b91f83cca4edd220495,52,val,PKU37,pku_0040,pku_0040_f01,frame,p1_upper_boundary_mae,1.721875,px,512x512,640x640,1 px (physical spacing unverified),p1,0.5,0.35,spatial valid AND annotation-valid where available,p0-p3-v1,sabids-evaluator-v0-20260828,1.0,1.0,1.0,runs/current/stage2_segment_roi_outside_fold0/validity_v0/frame_metrics.csv,pku_0040_f01;column=p1_upper_boundary_mae,observed,
current-f0-stage2_segment_roi_outside_fold0,current-f0-e3b-v0-one-frame-original-geometry,E3b,segment,42,0,b85ea0c87d7d49a446b1d3ff5a513a21433654b1d9098b91f83cca4edd220495,52,val,PKU37,pku_0040,pku_0040_f01,frame,p1_lower_boundary_mae,6.8453125,px,512x512,640x640,1 px (physical spacing unverified),p1,0.5,0.35,spatial valid AND annotation-valid where available,p0-p3-v1,sabids-evaluator-v0-20260828,1.0,1.0,1.0,runs/current/stage2_segment_roi_outside_fold0/validity_v0/frame_metrics.csv,pku_0040_f01;column=p1_lower_boundary_mae,observed,
current-f0-stage2_segment_roi_outside_fold0,current-f0-e3b-v0-one-frame-original-geometry,E3b,segment,42,0,b85ea0c87d7d49a446b1d3ff5a513a21433654b1d9098b91f83cca4edd220495,52,val,PKU37,pku_0040,pku_0040_f01,frame,p1_thickness_mae,6.8421875,px,512x512,640x640,1 px (physical spacing unverified),p1,0.5,0.35,spatial valid AND annotation-valid where available,p0-p3-v1,sabids-evaluator-v0-20260828,1.0,1.0,1.0,runs/current/stage2_segment_roi_outside_fold0/validity_v0/frame_metrics.csv,pku_0040_f01;column=p1_thickness_mae,observed,
current-f0-stage2_segment_roi_outside_fold0,current-f0-e3b-v0-one-frame-original-geometry,E3b,segment,42,0,b85ea0c87d7d49a446b1d3ff5a513a21433654b1d9098b91f83cca4edd220495,52,val,PKU37,pku_0040,pku_0040_f01,frame,p2_layer_dice,0.9514707972151532,ratio,512x512,640x640,1 px (physical spacing unverified),p2,0.5,0.35,spatial valid AND annotation-valid where available,p0-p3-v1,sabids-evaluator-v0-20260828,1.0,1.0,1.0,runs/current/stage2_segment_roi_outside_fold0/validity_v0/frame_metrics.csv,pku_0040_f01;column=p2_layer_dice,observed,
current-f0-stage2_segment_roi_outside_fold0,current-f0-e3b-v0-one-frame-original-geometry,E3b,segment,42,0,b85ea0c87d7d49a446b1d3ff5a513a21433654b1d9098b91f83cca4edd220495,52,val,PKU37,pku_0040,pku_0040_f01,frame,p2_layer_iou,0.9074337602509414,ratio,512x512,640x640,1 px (physical spacing unverified),p2,0.5,0.35,spatial valid AND annotation-valid where available,p0-p3-v1,sabids-evaluator-v0-20260828,1.0,1.0,1.0,runs/current/stage2_segment_roi_outside_fold0/validity_v0/frame_metrics.csv,pku_0040_f01;column=p2_layer_iou,observed,
current-f0-stage2_segment_roi_outside_fold0,current-f0-e3b-v0-one-frame-original-geometry,E3b,segment,42,0,b85ea0c87d7d49a446b1d3ff5a513a21433654b1d9098b91f83cca4edd220495,52,val,PKU37,pku_0040,pku_0040_f01,frame,p2_layer_background_iou,0.9846532373131238,ratio,512x512,640x640,1 px (physical spacing unverified),p2,0.5,0.35,spatial valid AND annotation-valid where available,p0-p3-v1,sabids-evaluator-v0-20260828,1.0,1.0,1.0,runs/current/stage2_segment_roi_outside_fold0/validity_v0/frame_metrics.csv,pku_0040_f01;column=p2_layer_background_iou,observed,
current-f0-stage2_segment_roi_outside_fold0,current-f0-e3b-v0-one-frame-original-geometry,E3b,segment,42,0,b85ea0c87d7d49a446b1d3ff5a513a21433654b1d9098b91f83cca4edd220495,52,val,PKU37,pku_0040,pku_0040_f01,frame,p2_layer_miou,0.9460434987820324,ratio,512x512,640x640,1 px (physical spacing unverified),p2,0.5,0.35,spatial valid AND annotation-valid where available,p0-p3-v1,sabids-evaluator-v0-20260828,1.0,1.0,1.0,runs/current/stage2_segment_roi_outside_fold0/validity_v0/frame_metrics.csv,pku_0040_f01;column=p2_layer_miou,observed,
current-f0-stage2_segment_roi_outside_fold0,current-f0-e3b-v0-one-frame-original-geometry,E3b,segment,42,0,b85ea0c87d7d49a446b1d3ff5a513a21433654b1d9098b91f83cca4edd220495,52,val,PKU37,pku_0040,pku_0040_f01,frame,p2_layer_precision,0.9768391873659256,ratio,512x512,640x640,1 px (physical spacing unverified),p2,0.5,0.35,spatial valid AND annotation-valid where available,p0-p3-v1,sabids-evaluator-v0-20260828,1.0,1.0,1.0,runs/current/stage2_segment_roi_outside_fold0/validity_v0/frame_metrics.csv,pku_0040_f01;column=p2_layer_precision,observed,
current-f0-stage2_segment_roi_outside_fold0,current-f0-e3b-v0-one-frame-original-geometry,E3b,segment,42,0,b85ea0c87d7d49a446b1d3ff5a513a21433654b1d9098b91f83cca4edd220495,52,val,PKU37,pku_0040,pku_0040_f01,frame,p2_layer_recall,0.927386682365605,ratio,512x512,640x640,1 px (physical spacing unverified),p2,0.5,0.35,spatial valid AND annotation-valid where available,p0-p3-v1,sabids-evaluator-v0-20260828,1.0,1.0,1.0,runs/current/stage2_segment_roi_outside_fold0/validity_v0/frame_metrics.csv,pku_0040_f01;column=p2_layer_recall,observed,
current-f0-stage2_segment_roi_outside_fold0,current-f0-e3b-v0-one-frame-original-geometry,E3b,segment,42,0,b85ea0c87d7d49a446b1d3ff5a513a21433654b1d9098b91f83cca4edd220495,52,val,PKU37,pku_0040,pku_0040_f01,frame,p2_layer_specificity,0.9963904252477068,ratio,512x512,640x640,1 px (physical spacing unverified),p2,0.5,0.35,spatial valid AND annotation-valid where available,p0-p3-v1,sabids-evaluator-v0-20260828,1.0,1.0,1.0,runs/current/stage2_segment_roi_outside_fold0/validity_v0/frame_metrics.csv,pku_0040_f01;column=p2_layer_specificity,observed,
current-f0-stage2_segment_roi_outside_fold0,current-f0-e3b-v0-one-frame-original-geometry,E3b,segment,42,0,b85ea0c87d7d49a446b1d3ff5a513a21433654b1d9098b91f83cca4edd220495,52,val,PKU37,pku_0040,pku_0040_f01,frame,p2_layer_accuracy,0.9866601562500326,ratio,512x512,640x640,1 px (physical spacing unverified),p2,0.5,0.35,spatial valid AND annotation-valid where available,p0-p3-v1,sabids-evaluator-v0-20260828,1.0,1.0,1.0,runs/current/stage2_segment_roi_outside_fold0/validity_v0/frame_metrics.csv,pku_0040_f01;column=p2_layer_accuracy,observed,
current-f0-stage2_segment_roi_outside_fold0,current-f0-e3b-v0-one-frame-original-geometry,E3b,segment,42,0,b85ea0c87d7d49a446b1d3ff5a513a21433654b1d9098b91f83cca4edd220495,52,val,PKU37,pku_0040,pku_0040_f01,frame,p2_upper_boundary_mae,1.721875,px,512x512,640x640,1 px (physical spacing unverified),p2,0.5,0.35,spatial valid AND annotation-valid where available,p0-p3-v1,sabids-evaluator-v0-20260828,1.0,1.0,1.0,runs/current/stage2_segment_roi_outside_fold0/validity_v0/frame_metrics.csv,pku_0040_f01;column=p2_upper_boundary_mae,observed,
current-f0-stage2_segment_roi_outside_fold0,current-f0-e3b-v0-one-frame-original-geometry,E3b,segment,42,0,b85ea0c87d7d49a446b1d3ff5a513a21433654b1d9098b91f83cca4edd220495,52,val,PKU37,pku_0040,pku_0040_f01,frame,p2_lower_boundary_mae,6.815625,px,512x512,640x640,1 px (physical spacing unverified),p2,0.5,0.35,spatial valid AND annotation-valid where available,p0-p3-v1,sabids-evaluator-v0-20260828,1.0,1.0,1.0,runs/current/stage2_segment_roi_outside_fold0/validity_v0/frame_metrics.csv,pku_0040_f01;column=p2_lower_boundary_mae,observed,
current-f0-stage2_segment_roi_outside_fold0,current-f0-e3b-v0-one-frame-original-geometry,E3b,segment,42,0,b85ea0c87d7d49a446b1d3ff5a513a21433654b1d9098b91f83cca4edd220495,52,val,PKU37,pku_0040,pku_0040_f01,frame,p2_thickness_mae,6.8125,px,512x512,640x640,1 px (physical spacing unverified),p2,0.5,0.35,spatial valid AND annotation-valid where available,p0-p3-v1,sabids-evaluator-v0-20260828,1.0,1.0,1.0,runs/current/stage2_segment_roi_outside_fold0/validity_v0/frame_metrics.csv,pku_0040_f01;column=p2_thickness_mae,observed,
current-f0-stage2_segment_roi_outside_fold0,current-f0-e3b-v0-one-frame-original-geometry,E3b,segment,42,0,b85ea0c87d7d49a446b1d3ff5a513a21433654b1d9098b91f83cca4edd220495,52,val,PKU37,pku_0040,pku_0040_f01,frame,p0_vessel_dice,0.7728122206920287,ratio,512x512,640x640,1 px (physical spacing unverified),p0,0.5,0.35,spatial valid AND annotation-valid where available,p0-p3-v1,sabids-evaluator-v0-20260828,1.0,1.0,1.0,runs/current/stage2_segment_roi_outside_fold0/validity_v0/frame_metrics.csv,pku_0040_f01;column=p0_vessel_dice,observed,
current-f0-stage2_segment_roi_outside_fold0,current-f0-e3b-v0-one-frame-original-geometry,E3b,segment,42,0,b85ea0c87d7d49a446b1d3ff5a513a21433654b1d9098b91f83cca4edd220495,52,val,PKU37,pku_0040,pku_0040_f01,frame,p0_vessel_iou,0.6297424352900172,ratio,512x512,640x640,1 px (physical spacing unverified),p0,0.5,0.35,spatial valid AND annotation-valid where available,p0-p3-v1,sabids-evaluator-v0-20260828,1.0,1.0,1.0,runs/current/stage2_segment_roi_outside_fold0/validity_v0/frame_metrics.csv,pku_0040_f01;column=p0_vessel_iou,observed,
current-f0-stage2_segment_roi_outside_fold0,current-f0-e3b-v0-one-frame-original-geometry,E3b,segment,42,0,b85ea0c87d7d49a446b1d3ff5a513a21433654b1d9098b91f83cca4edd220495,52,val,PKU37,pku_0040,pku_0040_f01,frame,p0_vessel_background_iou,0.9713655146988018,ratio,512x512,640x640,1 px (physical spacing unverified),p0,0.5,0.35,spatial valid AND annotation-valid where available,p0-p3-v1,sabids-evaluator-v0-20260828,1.0,1.0,1.0,runs/current/stage2_segment_roi_outside_fold0/validity_v0/frame_metrics.csv,pku_0040_f01;column=p0_vessel_background_iou,observed,
current-f0-stage2_segment_roi_outside_fold0,current-f0-e3b-v0-one-frame-original-geometry,E3b,segment,42,0,b85ea0c87d7d49a446b1d3ff5a513a21433654b1d9098b91f83cca4edd220495,52,val,PKU37,pku_0040,pku_0040_f01,frame,p0_vessel_miou,0.8005539749944095,ratio,512x512,640x640,1 px (physical spacing unverified),p0,0.5,0.35,spatial valid AND annotation-valid where available,p0-p3-v1,sabids-evaluator-v0-20260828,1.0,1.0,1.0,runs/current/stage2_segment_roi_outside_fold0/validity_v0/frame_metrics.csv,pku_0040_f01;column=p0_vessel_miou,observed,
current-f0-stage2_segment_roi_outside_fold0,current-f0-e3b-v0-one-frame-original-geometry,E3b,segment,42,0,b85ea0c87d7d49a446b1d3ff5a513a21433654b1d9098b91f83cca4edd220495,52,val,PKU37,pku_0040,pku_0040_f01,frame,p0_vessel_precision,0.713824677284831,ratio,512x512,640x640,1 px (physical spacing unverified),p0,0.5,0.35,spatial valid AND annotation-valid where available,p0-p3-v1,sabids-evaluator-v0-20260828,1.0,1.0,1.0,runs/current/stage2_segment_roi_outside_fold0/validity_v0/frame_metrics.csv,pku_0040_f01;column=p0_vessel_precision,observed,
current-f0-stage2_segment_roi_outside_fold0,current-f0-e3b-v0-one-frame-original-geometry,E3b,segment,42,0,b85ea0c87d7d49a446b1d3ff5a513a21433654b1d9098b91f83cca4edd220495,52,val,PKU37,pku_0040,pku_0040_f01,frame,p0_vessel_recall,0.8424269264905923,ratio,512x512,640x640,1 px (physical spacing unverified),p0,0.5,0.35,spatial valid AND annotation-valid where available,p0-p3-v1,sabids-evaluator-v0-20260828,1.0,1.0,1.0,runs/current/stage2_segment_roi_outside_fold0/validity_v0/frame_metrics.csv,pku_0040_f01;column=p0_vessel_recall,observed,
current-f0-stage2_segment_roi_outside_fold0,current-f0-e3b-v0-one-frame-original-geometry,E3b,segment,42,0,b85ea0c87d7d49a446b1d3ff5a513a21433654b1d9098b91f83cca4edd220495,52,val,PKU37,pku_0040,pku_0040_f01,frame,p0_vessel_specificity,0.9802955919591227,ratio,512x512,640x640,1 px (physical spacing unverified),p0,0.5,0.35,spatial valid AND annotation-valid where available,p0-p3-v1,sabids-evaluator-v0-20260828,1.0,1.0,1.0,runs/current/stage2_segment_roi_outside_fold0/validity_v0/frame_metrics.csv,pku_0040_f01;column=p0_vessel_specificity,observed,
current-f0-stage2_segment_roi_outside_fold0,current-f0-e3b-v0-one-frame-original-geometry,E3b,segment,42,0,b85ea0c87d7d49a446b1d3ff5a513a21433654b1d9098b91f83cca4edd220495,52,val,PKU37,pku_0040,pku_0040_f01,frame,p0_vessel_accuracy,0.9726953125000668,ratio,512x512,640x640,1 px (physical spacing unverified),p0,0.5,0.35,spatial valid AND annotation-valid where available,p0-p3-v1,sabids-evaluator-v0-20260828,1.0,1.0,1.0,runs/current/stage2_segment_roi_outside_fold0/validity_v0/frame_metrics.csv,pku_0040_f01;column=p0_vessel_accuracy,observed,
current-f0-stage2_segment_roi_outside_fold0,current-f0-e3b-v0-one-frame-original-geometry,E3b,segment,42,0,b85ea0c87d7d49a446b1d3ff5a513a21433654b1d9098b91f83cca4edd220495,52,val,PKU37,pku_0040,pku_0040_f01,frame,p3_raw_pixels,26648.0,px,512x512,640x640,1 px (physical spacing unverified),p3,0.5,0.35,spatial valid AND annotation-valid where available,p0-p3-v1,sabids-evaluator-v0-20260828,1.0,1.0,1.0,runs/current/stage2_segment_roi_outside_fold0/validity_v0/frame_metrics.csv,pku_0040_f01;column=p3_raw_pixels,observed,
current-f0-stage2_segment_roi_outside_fold0,current-f0-e3b-v0-one-frame-original-geometry,E3b,segment,42,0,b85ea0c87d7d49a446b1d3ff5a513a21433654b1d9098b91f83cca4edd220495,52,val,PKU37,pku_0040,pku_0040_f01,frame,p3_final_pixels,25658.0,px,512x512,640x640,1 px (physical spacing unverified),p3,0.5,0.35,spatial valid AND annotation-valid where available,p0-p3-v1,sabids-evaluator-v0-20260828,1.0,1.0,1.0,runs/current/stage2_segment_roi_outside_fold0/validity_v0/frame_metrics.csv,pku_0040_f01;column=p3_final_pixels,observed,
current-f0-stage2_segment_roi_outside_fold0,current-f0-e3b-v0-one-frame-original-geometry,E3b,segment,42,0,b85ea0c87d7d49a446b1d3ff5a513a21433654b1d9098b91f83cca4edd220495,52,val,PKU37,pku_0040,pku_0040_f01,frame,p3_removed_pixels,990.0,px,512x512,640x640,1 px (physical spacing unverified),p3,0.5,0.35,spatial valid AND annotation-valid where available,p0-p3-v1,sabids-evaluator-v0-20260828,1.0,1.0,1.0,runs/current/stage2_segment_roi_outside_fold0/validity_v0/frame_metrics.csv,pku_0040_f01;column=p3_removed_pixels,observed,
current-f0-stage2_segment_roi_outside_fold0,current-f0-e3b-v0-one-frame-original-geometry,E3b,segment,42,0,b85ea0c87d7d49a446b1d3ff5a513a21433654b1d9098b91f83cca4edd220495,52,val,PKU37,pku_0040,pku_0040_f01,frame,p3_removed_fraction,0.0371510057039927,ratio,512x512,640x640,1 px (physical spacing unverified),p3,0.5,0.35,spatial valid AND annotation-valid where available,p0-p3-v1,sabids-evaluator-v0-20260828,1.0,1.0,1.0,runs/current/stage2_segment_roi_outside_fold0/validity_v0/frame_metrics.csv,pku_0040_f01;column=p3_removed_fraction,observed,
current-f0-stage2_segment_roi_outside_fold0,current-f0-e3b-v0-one-frame-original-geometry,E3b,segment,42,0,b85ea0c87d7d49a446b1d3ff5a513a21433654b1d9098b91f83cca4edd220495,52,val,PKU37,pku_0040,pku_0040_f01,frame,p3_empty_raw,0.0,ratio,512x512,640x640,1 px (physical spacing unverified),p3,0.5,0.35,spatial valid AND annotation-valid where available,p0-p3-v1,sabids-evaluator-v0-20260828,1.0,1.0,1.0,runs/current/stage2_segment_roi_outside_fold0/validity_v0/frame_metrics.csv,pku_0040_f01;column=p3_empty_raw,observed,
current-f0-stage2_segment_roi_outside_fold0,current-f0-e3b-v0-one-frame-original-geometry,E3b,segment,42,0,b85ea0c87d7d49a446b1d3ff5a513a21433654b1d9098b91f83cca4edd220495,52,val,PKU37,pku_0040,pku_0040_f01,frame,p3_empty_final,0.0,ratio,512x512,640x640,1 px (physical spacing unverified),p3,0.5,0.35,spatial valid AND annotation-valid where available,p0-p3-v1,sabids-evaluator-v0-20260828,1.0,1.0,1.0,runs/current/stage2_segment_roi_outside_fold0/validity_v0/frame_metrics.csv,pku_0040_f01;column=p3_empty_final,observed,
current-f0-stage2_segment_roi_outside_fold0,current-f0-e3b-v0-one-frame-original-geometry,E3b,segment,42,0,b85ea0c87d7d49a446b1d3ff5a513a21433654b1d9098b91f83cca4edd220495,52,val,PKU37,pku_0040,pku_0040_f01,frame,p3_outside_final_layer_pixels,0.0,px,512x512,640x640,1 px (physical spacing unverified),p3,0.5,0.35,spatial valid AND annotation-valid where available,p0-p3-v1,sabids-evaluator-v0-20260828,1.0,1.0,1.0,runs/current/stage2_segment_roi_outside_fold0/validity_v0/frame_metrics.csv,pku_0040_f01;column=p3_outside_final_layer_pixels,observed,
current-f0-stage2_segment_roi_outside_fold0,current-f0-e3b-v0-one-frame-original-geometry,E3b,segment,42,0,b85ea0c87d7d49a446b1d3ff5a513a21433654b1d9098b91f83cca4edd220495,52,val,PKU37,pku_0040,pku_0040_f01,frame,p3_removed_tp,19.0,ratio,512x512,640x640,1 px (physical spacing unverified),p3,0.5,0.35,spatial valid AND annotation-valid where available,p0-p3-v1,sabids-evaluator-v0-20260828,1.0,1.0,1.0,runs/current/stage2_segment_roi_outside_fold0/validity_v0/frame_metrics.csv,pku_0040_f01;column=p3_removed_tp,observed,
current-f0-stage2_segment_roi_outside_fold0,current-f0-e3b-v0-one-frame-original-geometry,E3b,segment,42,0,b85ea0c87d7d49a446b1d3ff5a513a21433654b1d9098b91f83cca4edd220495,52,val,PKU37,pku_0040,pku_0040_f01,frame,p3_removed_fp,971.0,ratio,512x512,640x640,1 px (physical spacing unverified),p3,0.5,0.35,spatial valid AND annotation-valid where available,p0-p3-v1,sabids-evaluator-v0-20260828,1.0,1.0,1.0,runs/current/stage2_segment_roi_outside_fold0/validity_v0/frame_metrics.csv,pku_0040_f01;column=p3_removed_fp,observed,
current-f0-stage2_segment_roi_outside_fold0,current-f0-e3b-v0-one-frame-original-geometry,E3b,segment,42,0,b85ea0c87d7d49a446b1d3ff5a513a21433654b1d9098b91f83cca4edd220495,52,val,PKU37,pku_0040,pku_0040_f01,frame,p3_vessel_dice,0.7878850698663319,ratio,512x512,640x640,1 px (physical spacing unverified),p3,0.5,0.35,spatial valid AND annotation-valid where available,p0-p3-v1,sabids-evaluator-v0-20260828,1.0,1.0,1.0,runs/current/stage2_segment_roi_outside_fold0/validity_v0/frame_metrics.csv,pku_0040_f01;column=p3_vessel_dice,observed,
current-f0-stage2_segment_roi_outside_fold0,current-f0-e3b-v0-one-frame-original-geometry,E3b,segment,42,0,b85ea0c87d7d49a446b1d3ff5a513a21433654b1d9098b91f83cca4edd220495,52,val,PKU37,pku_0040,pku_0040_f01,frame,p3_vessel_iou,0.6500085514058489,ratio,512x512,640x640,1 px (physical spacing unverified),p3,0.5,0.35,spatial valid AND annotation-valid where available,p0-p3-v1,sabids-evaluator-v0-20260828,1.0,1.0,1.0,runs/current/stage2_segment_roi_outside_fold0/validity_v0/frame_metrics.csv,pku_0040_f01;column=p3_vessel_iou,observed,
current-f0-stage2_segment_roi_outside_fold0,current-f0-e3b-v0-one-frame-original-geometry,E3b,segment,42,0,b85ea0c87d7d49a446b1d3ff5a513a21433654b1d9098b91f83cca4edd220495,52,val,PKU37,pku_0040,pku_0040_f01,frame,p3_vessel_background_iou,0.9738042022852867,ratio,512x512,640x640,1 px (physical spacing unverified),p3,0.5,0.35,spatial valid AND annotation-valid where available,p0-p3-v1,sabids-evaluator-v0-20260828,1.0,1.0,1.0,runs/current/stage2_segment_roi_outside_fold0/validity_v0/frame_metrics.csv,pku_0040_f01;column=p3_vessel_background_iou,observed,
current-f0-stage2_segment_roi_outside_fold0,current-f0-e3b-v0-one-frame-original-geometry,E3b,segment,42,0,b85ea0c87d7d49a446b1d3ff5a513a21433654b1d9098b91f83cca4edd220495,52,val,PKU37,pku_0040,pku_0040_f01,frame,p3_vessel_miou,0.8119063768455679,ratio,512x512,640x640,1 px (physical spacing unverified),p3,0.5,0.35,spatial valid AND annotation-valid where available,p0-p3-v1,sabids-evaluator-v0-20260828,1.0,1.0,1.0,runs/current/stage2_segment_roi_outside_fold0/validity_v0/frame_metrics.csv,pku_0040_f01;column=p3_vessel_miou,observed,
current-f0-stage2_segment_roi_outside_fold0,current-f0-e3b-v0-one-frame-original-geometry,E3b,segment,42,0,b85ea0c87d7d49a446b1d3ff5a513a21433654b1d9098b91f83cca4edd220495,52,val,PKU37,pku_0040,pku_0040_f01,frame,p3_vessel_precision,0.7406267051313187,ratio,512x512,640x640,1 px (physical spacing unverified),p3,0.5,0.35,spatial valid AND annotation-valid where available,p0-p3-v1,sabids-evaluator-v0-20260828,1.0,1.0,1.0,runs/current/stage2_segment_roi_outside_fold0/validity_v0/frame_metrics.csv,pku_0040_f01;column=p3_vessel_precision,observed,
current-f0-stage2_segment_roi_outside_fold0,current-f0-e3b-v0-one-frame-original-geometry,E3b,segment,42,0,b85ea0c87d7d49a446b1d3ff5a513a21433654b1d9098b91f83cca4edd220495,52,val,PKU37,pku_0040,pku_0040_f01,frame,p3_vessel_recall,0.8415854738776978,ratio,512x512,640x640,1 px (physical spacing unverified),p3,0.5,0.35,spatial valid AND annotation-valid where available,p0-p3-v1,sabids-evaluator-v0-20260828,1.0,1.0,1.0,runs/current/stage2_segment_roi_outside_fold0/validity_v0/frame_metrics.csv,pku_0040_f01;column=p3_vessel_recall,observed,
current-f0-stage2_segment_roi_outside_fold0,current-f0-e3b-v0-one-frame-original-geometry,E3b,segment,42,0,b85ea0c87d7d49a446b1d3ff5a513a21433654b1d9098b91f83cca4edd220495,52,val,PKU37,pku_0040,pku_0040_f01,frame,p3_vessel_specificity,0.9828045062271128,ratio,512x512,640x640,1 px (physical spacing unverified),p3,0.5,0.35,spatial valid AND annotation-valid where available,p0-p3-v1,sabids-evaluator-v0-20260828,1.0,1.0,1.0,runs/current/stage2_segment_roi_outside_fold0/validity_v0/frame_metrics.csv,pku_0040_f01;column=p3_vessel_specificity,observed,
current-f0-stage2_segment_roi_outside_fold0,current-f0-e3b-v0-one-frame-original-geometry,E3b,segment,42,0,b85ea0c87d7d49a446b1d3ff5a513a21433654b1d9098b91f83cca4edd220495,52,val,PKU37,pku_0040,pku_0040_f01,frame,p3_vessel_accuracy,0.975019531250061,ratio,512x512,640x640,1 px (physical spacing unverified),p3,0.5,0.35,spatial valid AND annotation-valid where available,p0-p3-v1,sabids-evaluator-v0-20260828,1.0,1.0,1.0,runs/current/stage2_segment_roi_outside_fold0/validity_v0/frame_metrics.csv,pku_0040_f01;column=p3_vessel_accuracy,observed,
current-f0-stage2_segment_roi_outside_fold0,current-f0-e3b-v0-one-frame-original-geometry,E3b,segment,42,0,b85ea0c87d7d49a446b1d3ff5a513a21433654b1d9098b91f83cca4edd220495,52,val,PKU37,pku_0006,,group,original_height,640.0,ratio,512x512,640x640,1 px (physical spacing unverified),raw,0.5,0.35,spatial valid AND annotation-valid where available,none,sabids-evaluator-v0-20260828,1.0,1.0,1.0,runs/current/stage2_segment_roi_outside_fold0/validity_v0/group_metrics.csv,pku_0006;column=original_height,observed,
current-f0-stage2_segment_roi_outside_fold0,current-f0-e3b-v0-one-frame-original-geometry,E3b,segment,42,0,b85ea0c87d7d49a446b1d3ff5a513a21433654b1d9098b91f83cca4edd220495,52,val,PKU37,pku_0006,,group,original_width,640.0,ratio,512x512,640x640,1 px (physical spacing unverified),raw,0.5,0.35,spatial valid AND annotation-valid where available,none,sabids-evaluator-v0-20260828,1.0,1.0,1.0,runs/current/stage2_segment_roi_outside_fold0/validity_v0/group_metrics.csv,pku_0006;column=original_width,observed,
current-f0-stage2_segment_roi_outside_fold0,current-f0-e3b-v0-one-frame-original-geometry,E3b,segment,42,0,b85ea0c87d7d49a446b1d3ff5a513a21433654b1d9098b91f83cca4edd220495,52,val,PKU37,pku_0006,,group,model_input_height,512.0,ratio,512x512,640x640,1 px (physical spacing unverified),raw,0.5,0.35,spatial valid AND annotation-valid where available,none,sabids-evaluator-v0-20260828,1.0,1.0,1.0,runs/current/stage2_segment_roi_outside_fold0/validity_v0/group_metrics.csv,pku_0006;column=model_input_height,observed,
current-f0-stage2_segment_roi_outside_fold0,current-f0-e3b-v0-one-frame-original-geometry,E3b,segment,42,0,b85ea0c87d7d49a446b1d3ff5a513a21433654b1d9098b91f83cca4edd220495,52,val,PKU37,pku_0006,,group,model_input_width,512.0,ratio,512x512,640x640,1 px (physical spacing unverified),raw,0.5,0.35,spatial valid AND annotation-valid where available,none,sabids-evaluator-v0-20260828,1.0,1.0,1.0,runs/current/stage2_segment_roi_outside_fold0/validity_v0/group_metrics.csv,pku_0006;column=model_input_width,observed,
current-f0-stage2_segment_roi_outside_fold0,current-f0-e3b-v0-one-frame-original-geometry,E3b,segment,42,0,b85ea0c87d7d49a446b1d3ff5a513a21433654b1d9098b91f83cca4edd220495,52,val,PKU37,pku_0006,,group,manifest_group_frames,50.0,ratio,512x512,640x640,1 px (physical spacing unverified),raw,0.5,0.35,spatial valid AND annotation-valid where available,none,sabids-evaluator-v0-20260828,1.0,1.0,1.0,runs/current/stage2_segment_roi_outside_fold0/validity_v0/group_metrics.csv,pku_0006;column=manifest_group_frames,observed,
current-f0-stage2_segment_roi_outside_fold0,current-f0-e3b-v0-one-frame-original-geometry,E3b,segment,42,0,b85ea0c87d7d49a446b1d3ff5a513a21433654b1d9098b91f83cca4edd220495,52,val,PKU37,pku_0006,,group,evaluation_height,640.0,ratio,512x512,640x640,1 px (physical spacing unverified),raw,0.5,0.35,spatial valid AND annotation-valid where available,none,sabids-evaluator-v0-20260828,1.0,1.0,1.0,runs/current/stage2_segment_roi_outside_fold0/validity_v0/group_metrics.csv,pku_0006;column=evaluation_height,observed,
current-f0-stage2_segment_roi_outside_fold0,current-f0-e3b-v0-one-frame-original-geometry,E3b,segment,42,0,b85ea0c87d7d49a446b1d3ff5a513a21433654b1d9098b91f83cca4edd220495,52,val,PKU37,pku_0006,,group,evaluation_width,640.0,ratio,512x512,640x640,1 px (physical spacing unverified),raw,0.5,0.35,spatial valid AND annotation-valid where available,none,sabids-evaluator-v0-20260828,1.0,1.0,1.0,runs/current/stage2_segment_roi_outside_fold0/validity_v0/group_metrics.csv,pku_0006;column=evaluation_width,observed,
current-f0-stage2_segment_roi_outside_fold0,current-f0-e3b-v0-one-frame-original-geometry,E3b,segment,42,0,b85ea0c87d7d49a446b1d3ff5a513a21433654b1d9098b91f83cca4edd220495,52,val,PKU37,pku_0006,,group,pred_layer_vessel_dice,0.6202690129725787,ratio,512x512,640x640,1 px (physical spacing unverified),raw,0.5,0.35,spatial valid AND annotation-valid where available,none,sabids-evaluator-v0-20260828,1.0,1.0,1.0,runs/current/stage2_segment_roi_outside_fold0/validity_v0/group_metrics.csv,pku_0006;column=pred_layer_vessel_dice,observed,
current-f0-stage2_segment_roi_outside_fold0,current-f0-e3b-v0-one-frame-original-geometry,E3b,segment,42,0,b85ea0c87d7d49a446b1d3ff5a513a21433654b1d9098b91f83cca4edd220495,52,val,PKU37,pku_0006,,group,pred_vessel_fraction_of_layer,0.4558808631344342,ratio,512x512,640x640,1 px (physical spacing unverified),raw,0.5,0.35,spatial valid AND annotation-valid where available,none,sabids-evaluator-v0-20260828,1.0,1.0,1.0,runs/current/stage2_segment_roi_outside_fold0/validity_v0/group_metrics.csv,pku_0006;column=pred_vessel_fraction_of_layer,observed,
current-f0-stage2_segment_roi_outside_fold0,current-f0-e3b-v0-one-frame-original-geometry,E3b,segment,42,0,b85ea0c87d7d49a446b1d3ff5a513a21433654b1d9098b91f83cca4edd220495,52,val,PKU37,pku_0006,,group,pred_vessel_outside_layer_fraction,0.0299285021377501,ratio,512x512,640x640,1 px (physical spacing unverified),raw,0.5,0.35,spatial valid AND annotation-valid where available,none,sabids-evaluator-v0-20260828,1.0,1.0,1.0,runs/current/stage2_segment_roi_outside_fold0/validity_v0/group_metrics.csv,pku_0006;column=pred_vessel_outside_layer_fraction,observed,
current-f0-stage2_segment_roi_outside_fold0,current-f0-e3b-v0-one-frame-original-geometry,E3b,segment,42,0,b85ea0c87d7d49a446b1d3ff5a513a21433654b1d9098b91f83cca4edd220495,52,val,PKU37,pku_0006,,group,psnr,34.85902770620106,dB,512x512,640x640,1 px (physical spacing unverified),raw,0.5,0.35,spatial valid AND annotation-valid where available,none,sabids-evaluator-v0-20260828,1.0,1.0,1.0,runs/current/stage2_segment_roi_outside_fold0/validity_v0/group_metrics.csv,pku_0006;column=psnr,observed,
current-f0-stage2_segment_roi_outside_fold0,current-f0-e3b-v0-one-frame-original-geometry,E3b,segment,42,0,b85ea0c87d7d49a446b1d3ff5a513a21433654b1d9098b91f83cca4edd220495,52,val,PKU37,pku_0006,,group,psnr_noisy,25.71227819687914,dB,512x512,640x640,1 px (physical spacing unverified),raw,0.5,0.35,spatial valid AND annotation-valid where available,none,sabids-evaluator-v0-20260828,1.0,1.0,1.0,runs/current/stage2_segment_roi_outside_fold0/validity_v0/group_metrics.csv,pku_0006;column=psnr_noisy,observed,
current-f0-stage2_segment_roi_outside_fold0,current-f0-e3b-v0-one-frame-original-geometry,E3b,segment,42,0,b85ea0c87d7d49a446b1d3ff5a513a21433654b1d9098b91f83cca4edd220495,52,val,PKU37,pku_0006,,group,psnr_gain_db,9.14674950932192,dB,512x512,640x640,1 px (physical spacing unverified),raw,0.5,0.35,spatial valid AND annotation-valid where available,none,sabids-evaluator-v0-20260828,1.0,1.0,1.0,runs/current/stage2_segment_roi_outside_fold0/validity_v0/group_metrics.csv,pku_0006;column=psnr_gain_db,observed,
current-f0-stage2_segment_roi_outside_fold0,current-f0-e3b-v0-one-frame-original-geometry,E3b,segment,42,0,b85ea0c87d7d49a446b1d3ff5a513a21433654b1d9098b91f83cca4edd220495,52,val,PKU37,pku_0006,,group,ssim,0.9108872674489706,ratio,512x512,640x640,1 px (physical spacing unverified),raw,0.5,0.35,spatial valid AND annotation-valid where available,none,sabids-evaluator-v0-20260828,1.0,1.0,1.0,runs/current/stage2_segment_roi_outside_fold0/validity_v0/group_metrics.csv,pku_0006;column=ssim,observed,
current-f0-stage2_segment_roi_outside_fold0,current-f0-e3b-v0-one-frame-original-geometry,E3b,segment,42,0,b85ea0c87d7d49a446b1d3ff5a513a21433654b1d9098b91f83cca4edd220495,52,val,PKU37,pku_0006,,group,ssim_noisy,0.3945914266190896,ratio,512x512,640x640,1 px (physical spacing unverified),raw,0.5,0.35,spatial valid AND annotation-valid where available,none,sabids-evaluator-v0-20260828,1.0,1.0,1.0,runs/current/stage2_segment_roi_outside_fold0/validity_v0/group_metrics.csv,pku_0006;column=ssim_noisy,observed,
current-f0-stage2_segment_roi_outside_fold0,current-f0-e3b-v0-one-frame-original-geometry,E3b,segment,42,0,b85ea0c87d7d49a446b1d3ff5a513a21433654b1d9098b91f83cca4edd220495,52,val,PKU37,pku_0006,,group,ssim_gain,0.516295840829881,ratio,512x512,640x640,1 px (physical spacing unverified),raw,0.5,0.35,spatial valid AND annotation-valid where available,none,sabids-evaluator-v0-20260828,1.0,1.0,1.0,runs/current/stage2_segment_roi_outside_fold0/validity_v0/group_metrics.csv,pku_0006;column=ssim_gain,observed,
current-f0-stage2_segment_roi_outside_fold0,current-f0-e3b-v0-one-frame-original-geometry,E3b,segment,42,0,b85ea0c87d7d49a446b1d3ff5a513a21433654b1d9098b91f83cca4edd220495,52,val,PKU37,pku_0006,,group,rmse,0.0180737659766827,ratio,512x512,640x640,1 px (physical spacing unverified),raw,0.5,0.35,spatial valid AND annotation-valid where available,none,sabids-evaluator-v0-20260828,1.0,1.0,1.0,runs/current/stage2_segment_roi_outside_fold0/validity_v0/group_metrics.csv,pku_0006;column=rmse,observed,
current-f0-stage2_segment_roi_outside_fold0,current-f0-e3b-v0-one-frame-original-geometry,E3b,segment,42,0,b85ea0c87d7d49a446b1d3ff5a513a21433654b1d9098b91f83cca4edd220495,52,val,PKU37,pku_0006,,group,rmse_noisy,0.0518067230247306,ratio,512x512,640x640,1 px (physical spacing unverified),raw,0.5,0.35,spatial valid AND annotation-valid where available,none,sabids-evaluator-v0-20260828,1.0,1.0,1.0,runs/current/stage2_segment_roi_outside_fold0/validity_v0/group_metrics.csv,pku_0006;column=rmse_noisy,observed,
current-f0-stage2_segment_roi_outside_fold0,current-f0-e3b-v0-one-frame-original-geometry,E3b,segment,42,0,b85ea0c87d7d49a446b1d3ff5a513a21433654b1d9098b91f83cca4edd220495,52,val,PKU37,pku_0006,,group,rmse_reduction,0.0337329570480479,ratio,512x512,640x640,1 px (physical spacing unverified),raw,0.5,0.35,spatial valid AND annotation-valid where available,none,sabids-evaluator-v0-20260828,1.0,1.0,1.0,runs/current/stage2_segment_roi_outside_fold0/validity_v0/group_metrics.csv,pku_0006;column=rmse_reduction,observed,
current-f0-stage2_segment_roi_outside_fold0,current-f0-e3b-v0-one-frame-original-geometry,E3b,segment,42,0,b85ea0c87d7d49a446b1d3ff5a513a21433654b1d9098b91f83cca4edd220495,52,val,PKU37,pku_0006,,group,epi,0.7329001632744722,ratio,512x512,640x640,1 px (physical spacing unverified),raw,0.5,0.35,spatial valid AND annotation-valid where available,none,sabids-evaluator-v0-20260828,1.0,1.0,1.0,runs/current/stage2_segment_roi_outside_fold0/validity_v0/group_metrics.csv,pku_0006;column=epi,observed,
current-f0-stage2_segment_roi_outside_fold0,current-f0-e3b-v0-one-frame-original-geometry,E3b,segment,42,0,b85ea0c87d7d49a446b1d3ff5a513a21433654b1d9098b91f83cca4edd220495,52,val,PKU37,pku_0006,,group,epi_noisy,0.2800810216685137,ratio,512x512,640x640,1 px (physical spacing unverified),raw,0.5,0.35,spatial valid AND annotation-valid where available,none,sabids-evaluator-v0-20260828,1.0,1.0,1.0,runs/current/stage2_segment_roi_outside_fold0/validity_v0/group_metrics.csv,pku_0006;column=epi_noisy,observed,
current-f0-stage2_segment_roi_outside_fold0,current-f0-e3b-v0-one-frame-original-geometry,E3b,segment,42,0,b85ea0c87d7d49a446b1d3ff5a513a21433654b1d9098b91f83cca4edd220495,52,val,PKU37,pku_0006,,group,epi_gain,0.4528191416059585,ratio,512x512,640x640,1 px (physical spacing unverified),raw,0.5,0.35,spatial valid AND annotation-valid where available,none,sabids-evaluator-v0-20260828,1.0,1.0,1.0,runs/current/stage2_segment_roi_outside_fold0/validity_v0/group_metrics.csv,pku_0006;column=epi_gain,observed,
current-f0-stage2_segment_roi_outside_fold0,current-f0-e3b-v0-one-frame-original-geometry,E3b,segment,42,0,b85ea0c87d7d49a446b1d3ff5a513a21433654b1d9098b91f83cca4edd220495,52,val,PKU37,pku_0006,,group,snr_noisy_db,13.130714465481894,dB,512x512,640x640,1 px (physical spacing unverified),raw,0.5,0.35,spatial valid AND annotation-valid where available,none,sabids-evaluator-v0-20260828,1.0,1.0,1.0,runs/current/stage2_segment_roi_outside_fold0/validity_v0/group_metrics.csv,pku_0006;column=snr_noisy_db,observed,
current-f0-stage2_segment_roi_outside_fold0,current-f0-e3b-v0-one-frame-original-geometry,E3b,segment,42,0,b85ea0c87d7d49a446b1d3ff5a513a21433654b1d9098b91f83cca4edd220495,52,val,PKU37,pku_0006,,group,snr_denoised_db,22.277463819836,dB,512x512,640x640,1 px (physical spacing unverified),raw,0.5,0.35,spatial valid AND annotation-valid where available,none,sabids-evaluator-v0-20260828,1.0,1.0,1.0,runs/current/stage2_segment_roi_outside_fold0/validity_v0/group_metrics.csv,pku_0006;column=snr_denoised_db,observed,
current-f0-stage2_segment_roi_outside_fold0,current-f0-e3b-v0-one-frame-original-geometry,E3b,segment,42,0,b85ea0c87d7d49a446b1d3ff5a513a21433654b1d9098b91f83cca4edd220495,52,val,PKU37,pku_0006,,group,snr_gain_db,9.146749354354109,dB,512x512,640x640,1 px (physical spacing unverified),raw,0.5,0.35,spatial valid AND annotation-valid where available,none,sabids-evaluator-v0-20260828,1.0,1.0,1.0,runs/current/stage2_segment_roi_outside_fold0/validity_v0/group_metrics.csv,pku_0006;column=snr_gain_db,observed,
current-f0-stage2_segment_roi_outside_fold0,current-f0-e3b-v0-one-frame-original-geometry,E3b,segment,42,0,b85ea0c87d7d49a446b1d3ff5a513a21433654b1d9098b91f83cca4edd220495,52,val,PKU37,pku_0006,,group,cnr_noisy_auto,1.9111744854306645,ratio,512x512,640x640,1 px (physical spacing unverified),raw,0.5,0.35,spatial valid AND annotation-valid where available,none,sabids-evaluator-v0-20260828,1.0,1.0,1.0,runs/current/stage2_segment_roi_outside_fold0/validity_v0/group_metrics.csv,pku_0006;column=cnr_noisy_auto,observed,
current-f0-stage2_segment_roi_outside_fold0,current-f0-e3b-v0-one-frame-original-geometry,E3b,segment,42,0,b85ea0c87d7d49a446b1d3ff5a513a21433654b1d9098b91f83cca4edd220495,52,val,PKU37,pku_0006,,group,cnr_denoised_auto,2.298224325376045,ratio,512x512,640x640,1 px (physical spacing unverified),raw,0.5,0.35,spatial valid AND annotation-valid where available,none,sabids-evaluator-v0-20260828,1.0,1.0,1.0,runs/current/stage2_segment_roi_outside_fold0/validity_v0/group_metrics.csv,pku_0006;column=cnr_denoised_auto,observed,
current-f0-stage2_segment_roi_outside_fold0,current-f0-e3b-v0-one-frame-original-geometry,E3b,segment,42,0,b85ea0c87d7d49a446b1d3ff5a513a21433654b1d9098b91f83cca4edd220495,52,val,PKU37,pku_0006,,group,cnr_clean_auto,2.327403573598172,ratio,512x512,640x640,1 px (physical spacing unverified),raw,0.5,0.35,spatial valid AND annotation-valid where available,none,sabids-evaluator-v0-20260828,1.0,1.0,1.0,runs/current/stage2_segment_roi_outside_fold0/validity_v0/group_metrics.csv,pku_0006;column=cnr_clean_auto,observed,
current-f0-stage2_segment_roi_outside_fold0,current-f0-e3b-v0-one-frame-original-geometry,E3b,segment,42,0,b85ea0c87d7d49a446b1d3ff5a513a21433654b1d9098b91f83cca4edd220495,52,val,PKU37,pku_0006,,group,cnr_error_auto,0.0291792482221269,ratio,512x512,640x640,1 px (physical spacing unverified),raw,0.5,0.35,spatial valid AND annotation-valid where available,none,sabids-evaluator-v0-20260828,1.0,1.0,1.0,runs/current/stage2_segment_roi_outside_fold0/validity_v0/group_metrics.csv,pku_0006;column=cnr_error_auto,observed,
current-f0-stage2_segment_roi_outside_fold0,current-f0-e3b-v0-one-frame-original-geometry,E3b,segment,42,0,b85ea0c87d7d49a446b1d3ff5a513a21433654b1d9098b91f83cca4edd220495,52,val,PKU37,pku_0006,,group,layer_roi_mse,0.0006003936869092,ratio,512x512,640x640,1 px (physical spacing unverified),raw,0.5,0.35,spatial valid AND annotation-valid where available,none,sabids-evaluator-v0-20260828,1.0,1.0,1.0,runs/current/stage2_segment_roi_outside_fold0/validity_v0/group_metrics.csv,pku_0006;column=layer_roi_mse,observed,
current-f0-stage2_segment_roi_outside_fold0,current-f0-e3b-v0-one-frame-original-geometry,E3b,segment,42,0,b85ea0c87d7d49a446b1d3ff5a513a21433654b1d9098b91f83cca4edd220495,52,val,PKU37,pku_0006,,group,layer_roi_mse_noisy,0.0033195759169757,ratio,512x512,640x640,1 px (physical spacing unverified),raw,0.5,0.35,spatial valid AND annotation-valid where available,none,sabids-evaluator-v0-20260828,1.0,1.0,1.0,runs/current/stage2_segment_roi_outside_fold0/validity_v0/group_metrics.csv,pku_0006;column=layer_roi_mse_noisy,observed,
current-f0-stage2_segment_roi_outside_fold0,current-f0-e3b-v0-one-frame-original-geometry,E3b,segment,42,0,b85ea0c87d7d49a446b1d3ff5a513a21433654b1d9098b91f83cca4edd220495,52,val,PKU37,pku_0006,,group,layer_roi_psnr,32.21563882975903,dB,512x512,640x640,1 px (physical spacing unverified),raw,0.5,0.35,spatial valid AND annotation-valid where available,none,sabids-evaluator-v0-20260828,1.0,1.0,1.0,runs/current/stage2_segment_roi_outside_fold0/validity_v0/group_metrics.csv,pku_0006;column=layer_roi_psnr,observed,
current-f0-stage2_segment_roi_outside_fold0,current-f0-e3b-v0-one-frame-original-geometry,E3b,segment,42,0,b85ea0c87d7d49a446b1d3ff5a513a21433654b1d9098b91f83cca4edd220495,52,val,PKU37,pku_0006,,group,layer_roi_psnr_noisy,24.78917394814429,dB,512x512,640x640,1 px (physical spacing unverified),raw,0.5,0.35,spatial valid AND annotation-valid where available,none,sabids-evaluator-v0-20260828,1.0,1.0,1.0,runs/current/stage2_segment_roi_outside_fold0/validity_v0/group_metrics.csv,pku_0006;column=layer_roi_psnr_noisy,observed,
current-f0-stage2_segment_roi_outside_fold0,current-f0-e3b-v0-one-frame-original-geometry,E3b,segment,42,0,b85ea0c87d7d49a446b1d3ff5a513a21433654b1d9098b91f83cca4edd220495,52,val,PKU37,pku_0006,,group,layer_dice,0.9281501009555168,ratio,512x512,640x640,1 px (physical spacing unverified),raw,0.5,0.35,spatial valid AND annotation-valid where available,none,sabids-evaluator-v0-20260828,1.0,1.0,1.0,runs/current/stage2_segment_roi_outside_fold0/validity_v0/group_metrics.csv,pku_0006;column=layer_dice,observed,
current-f0-stage2_segment_roi_outside_fold0,current-f0-e3b-v0-one-frame-original-geometry,E3b,segment,42,0,b85ea0c87d7d49a446b1d3ff5a513a21433654b1d9098b91f83cca4edd220495,52,val,PKU37,pku_0006,,group,layer_iou,0.8659329088747523,ratio,512x512,640x640,1 px (physical spacing unverified),raw,0.5,0.35,spatial valid AND annotation-valid where available,none,sabids-evaluator-v0-20260828,1.0,1.0,1.0,runs/current/stage2_segment_roi_outside_fold0/validity_v0/group_metrics.csv,pku_0006;column=layer_iou,observed,
current-f0-stage2_segment_roi_outside_fold0,current-f0-e3b-v0-one-frame-original-geometry,E3b,segment,42,0,b85ea0c87d7d49a446b1d3ff5a513a21433654b1d9098b91f83cca4edd220495,52,val,PKU37,pku_0006,,group,layer_background_iou,0.9771714953245486,ratio,512x512,640x640,1 px (physical spacing unverified),raw,0.5,0.35,spatial valid AND annotation-valid where available,none,sabids-evaluator-v0-20260828,1.0,1.0,1.0,runs/current/stage2_segment_roi_outside_fold0/validity_v0/group_metrics.csv,pku_0006;column=layer_background_iou,observed,
current-f0-stage2_segment_roi_outside_fold0,current-f0-e3b-v0-one-frame-original-geometry,E3b,segment,42,0,b85ea0c87d7d49a446b1d3ff5a513a21433654b1d9098b91f83cca4edd220495,52,val,PKU37,pku_0006,,group,layer_miou,0.9215522020996504,ratio,512x512,640x640,1 px (physical spacing unverified),raw,0.5,0.35,spatial valid AND annotation-valid where available,none,sabids-evaluator-v0-20260828,1.0,1.0,1.0,runs/current/stage2_segment_roi_outside_fold0/validity_v0/group_metrics.csv,pku_0006;column=layer_miou,observed,
current-f0-stage2_segment_roi_outside_fold0,current-f0-e3b-v0-one-frame-original-geometry,E3b,segment,42,0,b85ea0c87d7d49a446b1d3ff5a513a21433654b1d9098b91f83cca4edd220495,52,val,PKU37,pku_0006,,group,layer_precision,0.8886975314914278,ratio,512x512,640x640,1 px (physical spacing unverified),raw,0.5,0.35,spatial valid AND annotation-valid where available,none,sabids-evaluator-v0-20260828,1.0,1.0,1.0,runs/current/stage2_segment_roi_outside_fold0/validity_v0/group_metrics.csv,pku_0006;column=layer_precision,observed,
current-f0-stage2_segment_roi_outside_fold0,current-f0-e3b-v0-one-frame-original-geometry,E3b,segment,42,0,b85ea0c87d7d49a446b1d3ff5a513a21433654b1d9098b91f83cca4edd220495,52,val,PKU37,pku_0006,,group,layer_recall,0.9712682917832984,ratio,512x512,640x640,1 px (physical spacing unverified),raw,0.5,0.35,spatial valid AND annotation-valid where available,none,sabids-evaluator-v0-20260828,1.0,1.0,1.0,runs/current/stage2_segment_roi_outside_fold0/validity_v0/group_metrics.csv,pku_0006;column=layer_recall,observed,
current-f0-stage2_segment_roi_outside_fold0,current-f0-e3b-v0-one-frame-original-geometry,E3b,segment,42,0,b85ea0c87d7d49a446b1d3ff5a513a21433654b1d9098b91f83cca4edd220495,52,val,PKU37,pku_0006,,group,layer_specificity,0.9814523548925844,ratio,512x512,640x640,1 px (physical spacing unverified),raw,0.5,0.35,spatial valid AND annotation-valid where available,none,sabids-evaluator-v0-20260828,1.0,1.0,1.0,runs/current/stage2_segment_roi_outside_fold0/validity_v0/group_metrics.csv,pku_0006;column=layer_specificity,observed,
current-f0-stage2_segment_roi_outside_fold0,current-f0-e3b-v0-one-frame-original-geometry,E3b,segment,42,0,b85ea0c87d7d49a446b1d3ff5a513a21433654b1d9098b91f83cca4edd220495,52,val,PKU37,pku_0006,,group,layer_accuracy,0.9801049804687986,ratio,512x512,640x640,1 px (physical spacing unverified),raw,0.5,0.35,spatial valid AND annotation-valid where available,none,sabids-evaluator-v0-20260828,1.0,1.0,1.0,runs/current/stage2_segment_roi_outside_fold0/validity_v0/group_metrics.csv,pku_0006;column=layer_accuracy,observed,
current-f0-stage2_segment_roi_outside_fold0,current-f0-e3b-v0-one-frame-original-geometry,E3b,segment,42,0,b85ea0c87d7d49a446b1d3ff5a513a21433654b1d9098b91f83cca4edd220495,52,val,PKU37,pku_0006,,group,layer_hd95,21.412553213720194,px,512x512,640x640,1 px (physical spacing unverified),raw,0.5,0.35,spatial valid AND annotation-valid where available,none,sabids-evaluator-v0-20260828,1.0,1.0,1.0,runs/current/stage2_segment_roi_outside_fold0/validity_v0/group_metrics.csv,pku_0006;column=layer_hd95,observed,
current-f0-stage2_segment_roi_outside_fold0,current-f0-e3b-v0-one-frame-original-geometry,E3b,segment,42,0,b85ea0c87d7d49a446b1d3ff5a513a21433654b1d9098b91f83cca4edd220495,52,val,PKU37,pku_0006,,group,layer_assd,6.330803227115395,px,512x512,640x640,1 px (physical spacing unverified),raw,0.5,0.35,spatial valid AND annotation-valid where available,none,sabids-evaluator-v0-20260828,1.0,1.0,1.0,runs/current/stage2_segment_roi_outside_fold0/validity_v0/group_metrics.csv,pku_0006;column=layer_assd,observed,
current-f0-stage2_segment_roi_outside_fold0,current-f0-e3b-v0-one-frame-original-geometry,E3b,segment,42,0,b85ea0c87d7d49a446b1d3ff5a513a21433654b1d9098b91f83cca4edd220495,52,val,PKU37,pku_0006,,group,upper_boundary_mae,4.5703125,px,512x512,640x640,1 px (physical spacing unverified),raw,0.5,0.35,spatial valid AND annotation-valid where available,none,sabids-evaluator-v0-20260828,1.0,1.0,1.0,runs/current/stage2_segment_roi_outside_fold0/validity_v0/group_metrics.csv,pku_0006;column=upper_boundary_mae,observed,
current-f0-stage2_segment_roi_outside_fold0,current-f0-e3b-v0-one-frame-original-geometry,E3b,segment,42,0,b85ea0c87d7d49a446b1d3ff5a513a21433654b1d9098b91f83cca4edd220495,52,val,PKU37,pku_0006,,group,lower_boundary_mae,9.8609375,px,512x512,640x640,1 px (physical spacing unverified),raw,0.5,0.35,spatial valid AND annotation-valid where available,none,sabids-evaluator-v0-20260828,1.0,1.0,1.0,runs/current/stage2_segment_roi_outside_fold0/validity_v0/group_metrics.csv,pku_0006;column=lower_boundary_mae,observed,
current-f0-stage2_segment_roi_outside_fold0,current-f0-e3b-v0-one-frame-original-geometry,E3b,segment,42,0,b85ea0c87d7d49a446b1d3ff5a513a21433654b1d9098b91f83cca4edd220495,52,val,PKU37,pku_0006,,group,thickness_mae,13.815625,px,512x512,640x640,1 px (physical spacing unverified),raw,0.5,0.35,spatial valid AND annotation-valid where available,none,sabids-evaluator-v0-20260828,1.0,1.0,1.0,runs/current/stage2_segment_roi_outside_fold0/validity_v0/group_metrics.csv,pku_0006;column=thickness_mae,observed,
current-f0-stage2_segment_roi_outside_fold0,current-f0-e3b-v0-one-frame-original-geometry,E3b,segment,42,0,b85ea0c87d7d49a446b1d3ff5a513a21433654b1d9098b91f83cca4edd220495,52,val,PKU37,pku_0006,,group,layer_surface_dice,0.610126582278481,ratio,512x512,640x640,1 px (physical spacing unverified),raw,0.5,0.35,spatial valid AND annotation-valid where available,none,sabids-evaluator-v0-20260828,1.0,1.0,1.0,runs/current/stage2_segment_roi_outside_fold0/validity_v0/group_metrics.csv,pku_0006;column=layer_surface_dice,observed,
current-f0-stage2_segment_roi_outside_fold0,current-f0-e3b-v0-one-frame-original-geometry,E3b,segment,42,0,b85ea0c87d7d49a446b1d3ff5a513a21433654b1d9098b91f83cca4edd220495,52,val,PKU37,pku_0006,,group,upper_boundary_signed_bias,-3.7921875,ratio,512x512,640x640,1 px (physical spacing unverified),raw,0.5,0.35,spatial valid AND annotation-valid where available,none,sabids-evaluator-v0-20260828,1.0,1.0,1.0,runs/current/stage2_segment_roi_outside_fold0/validity_v0/group_metrics.csv,pku_0006;column=upper_boundary_signed_bias,observed,
current-f0-stage2_segment_roi_outside_fold0,current-f0-e3b-v0-one-frame-original-geometry,E3b,segment,42,0,b85ea0c87d7d49a446b1d3ff5a513a21433654b1d9098b91f83cca4edd220495,52,val,PKU37,pku_0006,,group,lower_boundary_signed_bias,7.5578125,ratio,512x512,640x640,1 px (physical spacing unverified),raw,0.5,0.35,spatial valid AND annotation-valid where available,none,sabids-evaluator-v0-20260828,1.0,1.0,1.0,runs/current/stage2_segment_roi_outside_fold0/validity_v0/group_metrics.csv,pku_0006;column=lower_boundary_signed_bias,observed,
current-f0-stage2_segment_roi_outside_fold0,current-f0-e3b-v0-one-frame-original-geometry,E3b,segment,42,0,b85ea0c87d7d49a446b1d3ff5a513a21433654b1d9098b91f83cca4edd220495,52,val,PKU37,pku_0006,,group,thickness_signed_bias,11.35,ratio,512x512,640x640,1 px (physical spacing unverified),raw,0.5,0.35,spatial valid AND annotation-valid where available,none,sabids-evaluator-v0-20260828,1.0,1.0,1.0,runs/current/stage2_segment_roi_outside_fold0/validity_v0/group_metrics.csv,pku_0006;column=thickness_signed_bias,observed,
current-f0-stage2_segment_roi_outside_fold0,current-f0-e3b-v0-one-frame-original-geometry,E3b,segment,42,0,b85ea0c87d7d49a446b1d3ff5a513a21433654b1d9098b91f83cca4edd220495,52,val,PKU37,pku_0006,,group,layer_component_count,3.0,ratio,512x512,640x640,1 px (physical spacing unverified),raw,0.5,0.35,spatial valid AND annotation-valid where available,none,sabids-evaluator-v0-20260828,1.0,1.0,1.0,runs/current/stage2_segment_roi_outside_fold0/validity_v0/group_metrics.csv,pku_0006;column=layer_component_count,observed,
current-f0-stage2_segment_roi_outside_fold0,current-f0-e3b-v0-one-frame-original-geometry,E3b,segment,42,0,b85ea0c87d7d49a446b1d3ff5a513a21433654b1d9098b91f83cca4edd220495,52,val,PKU37,pku_0006,,group,layer_extra_component_area_ratio,0.0104514908992672,ratio,512x512,640x640,1 px (physical spacing unverified),raw,0.5,0.35,spatial valid AND annotation-valid where available,none,sabids-evaluator-v0-20260828,1.0,1.0,1.0,runs/current/stage2_segment_roi_outside_fold0/validity_v0/group_metrics.csv,pku_0006;column=layer_extra_component_area_ratio,observed,
current-f0-stage2_segment_roi_outside_fold0,current-f0-e3b-v0-one-frame-original-geometry,E3b,segment,42,0,b85ea0c87d7d49a446b1d3ff5a513a21433654b1d9098b91f83cca4edd220495,52,val,PKU37,pku_0006,,group,layer_hole_pixels,0.0,px,512x512,640x640,1 px (physical spacing unverified),raw,0.5,0.35,spatial valid AND annotation-valid where available,none,sabids-evaluator-v0-20260828,1.0,1.0,1.0,runs/current/stage2_segment_roi_outside_fold0/validity_v0/group_metrics.csv,pku_0006;column=layer_hole_pixels,observed,
current-f0-stage2_segment_roi_outside_fold0,current-f0-e3b-v0-one-frame-original-geometry,E3b,segment,42,0,b85ea0c87d7d49a446b1d3ff5a513a21433654b1d9098b91f83cca4edd220495,52,val,PKU37,pku_0006,,group,layer_hole_area_ratio,0.0,ratio,512x512,640x640,1 px (physical spacing unverified),raw,0.5,0.35,spatial valid AND annotation-valid where available,none,sabids-evaluator-v0-20260828,1.0,1.0,1.0,runs/current/stage2_segment_roi_outside_fold0/validity_v0/group_metrics.csv,pku_0006;column=layer_hole_area_ratio,observed,
current-f0-stage2_segment_roi_outside_fold0,current-f0-e3b-v0-one-frame-original-geometry,E3b,segment,42,0,b85ea0c87d7d49a446b1d3ff5a513a21433654b1d9098b91f83cca4edd220495,52,val,PKU37,pku_0006,,group,lower_boundary_roughness_pred,0.8949843260188087,px,512x512,640x640,1 px (physical spacing unverified),raw,0.5,0.35,spatial valid AND annotation-valid where available,none,sabids-evaluator-v0-20260828,1.0,1.0,1.0,runs/current/stage2_segment_roi_outside_fold0/validity_v0/group_metrics.csv,pku_0006;column=lower_boundary_roughness_pred,observed,
current-f0-stage2_segment_roi_outside_fold0,current-f0-e3b-v0-one-frame-original-geometry,E3b,segment,42,0,b85ea0c87d7d49a446b1d3ff5a513a21433654b1d9098b91f83cca4edd220495,52,val,PKU37,pku_0006,,group,lower_boundary_roughness_true,0.6144200626959248,px,512x512,640x640,1 px (physical spacing unverified),raw,0.5,0.35,spatial valid AND annotation-valid where available,none,sabids-evaluator-v0-20260828,1.0,1.0,1.0,runs/current/stage2_segment_roi_outside_fold0/validity_v0/group_metrics.csv,pku_0006;column=lower_boundary_roughness_true,observed,
current-f0-stage2_segment_roi_outside_fold0,current-f0-e3b-v0-one-frame-original-geometry,E3b,segment,42,0,b85ea0c87d7d49a446b1d3ff5a513a21433654b1d9098b91f83cca4edd220495,52,val,PKU37,pku_0006,,group,layer_valid_column_fraction,1.0,ratio,512x512,640x640,1 px (physical spacing unverified),raw,0.5,0.35,spatial valid AND annotation-valid where available,none,sabids-evaluator-v0-20260828,1.0,1.0,1.0,runs/current/stage2_segment_roi_outside_fold0/validity_v0/group_metrics.csv,pku_0006;column=layer_valid_column_fraction,observed,
current-f0-stage2_segment_roi_outside_fold0,current-f0-e3b-v0-one-frame-original-geometry,E3b,segment,42,0,b85ea0c87d7d49a446b1d3ff5a513a21433654b1d9098b91f83cca4edd220495,52,val,PKU37,pku_0006,,group,vessel_stroma_cnr_noisy,0.5434817700380022,ratio,512x512,640x640,1 px (physical spacing unverified),raw,0.5,0.35,spatial valid AND annotation-valid where available,none,sabids-evaluator-v0-20260828,1.0,1.0,1.0,runs/current/stage2_segment_roi_outside_fold0/validity_v0/group_metrics.csv,pku_0006;column=vessel_stroma_cnr_noisy,observed,
current-f0-stage2_segment_roi_outside_fold0,current-f0-e3b-v0-one-frame-original-geometry,E3b,segment,42,0,b85ea0c87d7d49a446b1d3ff5a513a21433654b1d9098b91f83cca4edd220495,52,val,PKU37,pku_0006,,group,vessel_stroma_cnr_denoised,0.6328339592776958,ratio,512x512,640x640,1 px (physical spacing unverified),raw,0.5,0.35,spatial valid AND annotation-valid where available,none,sabids-evaluator-v0-20260828,1.0,1.0,1.0,runs/current/stage2_segment_roi_outside_fold0/validity_v0/group_metrics.csv,pku_0006;column=vessel_stroma_cnr_denoised,observed,
current-f0-stage2_segment_roi_outside_fold0,current-f0-e3b-v0-one-frame-original-geometry,E3b,segment,42,0,b85ea0c87d7d49a446b1d3ff5a513a21433654b1d9098b91f83cca4edd220495,52,val,PKU37,pku_0006,,group,vessel_stroma_cnr_clean,0.7381352537326323,ratio,512x512,640x640,1 px (physical spacing unverified),raw,0.5,0.35,spatial valid AND annotation-valid where available,none,sabids-evaluator-v0-20260828,1.0,1.0,1.0,runs/current/stage2_segment_roi_outside_fold0/validity_v0/group_metrics.csv,pku_0006;column=vessel_stroma_cnr_clean,observed,
current-f0-stage2_segment_roi_outside_fold0,current-f0-e3b-v0-one-frame-original-geometry,E3b,segment,42,0,b85ea0c87d7d49a446b1d3ff5a513a21433654b1d9098b91f83cca4edd220495,52,val,PKU37,pku_0006,,group,vessel_dice,0.6858522094383411,ratio,512x512,640x640,1 px (physical spacing unverified),raw,0.5,0.35,spatial valid AND annotation-valid where available,none,sabids-evaluator-v0-20260828,1.0,1.0,1.0,runs/current/stage2_segment_roi_outside_fold0/validity_v0/group_metrics.csv,pku_0006;column=vessel_dice,observed,
current-f0-stage2_segment_roi_outside_fold0,current-f0-e3b-v0-one-frame-original-geometry,E3b,segment,42,0,b85ea0c87d7d49a446b1d3ff5a513a21433654b1d9098b91f83cca4edd220495,52,val,PKU37,pku_0006,,group,vessel_iou,0.5218988414956548,ratio,512x512,640x640,1 px (physical spacing unverified),raw,0.5,0.35,spatial valid AND annotation-valid where available,none,sabids-evaluator-v0-20260828,1.0,1.0,1.0,runs/current/stage2_segment_roi_outside_fold0/validity_v0/group_metrics.csv,pku_0006;column=vessel_iou,observed,
current-f0-stage2_segment_roi_outside_fold0,current-f0-e3b-v0-one-frame-original-geometry,E3b,segment,42,0,b85ea0c87d7d49a446b1d3ff5a513a21433654b1d9098b91f83cca4edd220495,52,val,PKU37,pku_0006,,group,vessel_background_iou,0.9612496405643046,ratio,512x512,640x640,1 px (physical spacing unverified),raw,0.5,0.35,spatial valid AND annotation-valid where available,none,sabids-evaluator-v0-20260828,1.0,1.0,1.0,runs/current/stage2_segment_roi_outside_fold0/validity_v0/group_metrics.csv,pku_0006;column=vessel_background_iou,observed,
current-f0-stage2_segment_roi_outside_fold0,current-f0-e3b-v0-one-frame-original-geometry,E3b,segment,42,0,b85ea0c87d7d49a446b1d3ff5a513a21433654b1d9098b91f83cca4edd220495,52,val,PKU37,pku_0006,,group,vessel_miou,0.7415742410299797,ratio,512x512,640x640,1 px (physical spacing unverified),raw,0.5,0.35,spatial valid AND annotation-valid where available,none,sabids-evaluator-v0-20260828,1.0,1.0,1.0,runs/current/stage2_segment_roi_outside_fold0/validity_v0/group_metrics.csv,pku_0006;column=vessel_miou,observed,
current-f0-stage2_segment_roi_outside_fold0,current-f0-e3b-v0-one-frame-original-geometry,E3b,segment,42,0,b85ea0c87d7d49a446b1d3ff5a513a21433654b1d9098b91f83cca4edd220495,52,val,PKU37,pku_0006,,group,vessel_precision,0.5972406855316624,ratio,512x512,640x640,1 px (physical spacing unverified),raw,0.5,0.35,spatial valid AND annotation-valid where available,none,sabids-evaluator-v0-20260828,1.0,1.0,1.0,runs/current/stage2_segment_roi_outside_fold0/validity_v0/group_metrics.csv,pku_0006;column=vessel_precision,observed,
current-f0-stage2_segment_roi_outside_fold0,current-f0-e3b-v0-one-frame-original-geometry,E3b,segment,42,0,b85ea0c87d7d49a446b1d3ff5a513a21433654b1d9098b91f83cca4edd220495,52,val,PKU37,pku_0006,,group,vessel_recall,0.8053388886291682,ratio,512x512,640x640,1 px (physical spacing unverified),raw,0.5,0.35,spatial valid AND annotation-valid where available,none,sabids-evaluator-v0-20260828,1.0,1.0,1.0,runs/current/stage2_segment_roi_outside_fold0/validity_v0/group_metrics.csv,pku_0006;column=vessel_recall,observed,
current-f0-stage2_segment_roi_outside_fold0,current-f0-e3b-v0-one-frame-original-geometry,E3b,segment,42,0,b85ea0c87d7d49a446b1d3ff5a513a21433654b1d9098b91f83cca4edd220495,52,val,PKU37,pku_0006,,group,vessel_specificity,0.971179481642098,ratio,512x512,640x640,1 px (physical spacing unverified),raw,0.5,0.35,spatial valid AND annotation-valid where available,none,sabids-evaluator-v0-20260828,1.0,1.0,1.0,runs/current/stage2_segment_roi_outside_fold0/validity_v0/group_metrics.csv,pku_0006;column=vessel_specificity,observed,
current-f0-stage2_segment_roi_outside_fold0,current-f0-e3b-v0-one-frame-original-geometry,E3b,segment,42,0,b85ea0c87d7d49a446b1d3ff5a513a21433654b1d9098b91f83cca4edd220495,52,val,PKU37,pku_0006,,group,vessel_accuracy,0.9628222656250908,ratio,512x512,640x640,1 px (physical spacing unverified),raw,0.5,0.35,spatial valid AND annotation-valid where available,none,sabids-evaluator-v0-20260828,1.0,1.0,1.0,runs/current/stage2_segment_roi_outside_fold0/validity_v0/group_metrics.csv,pku_0006;column=vessel_accuracy,observed,
current-f0-stage2_segment_roi_outside_fold0,current-f0-e3b-v0-one-frame-original-geometry,E3b,segment,42,0,b85ea0c87d7d49a446b1d3ff5a513a21433654b1d9098b91f83cca4edd220495,52,val,PKU37,pku_0006,,group,vessel_soft_dice,0.622877917053294,ratio,512x512,640x640,1 px (physical spacing unverified),raw,0.5,0.35,spatial valid AND annotation-valid where available,none,sabids-evaluator-v0-20260828,1.0,1.0,1.0,runs/current/stage2_segment_roi_outside_fold0/validity_v0/group_metrics.csv,pku_0006;column=vessel_soft_dice,observed,
current-f0-stage2_segment_roi_outside_fold0,current-f0-e3b-v0-one-frame-original-geometry,E3b,segment,42,0,b85ea0c87d7d49a446b1d3ff5a513a21433654b1d9098b91f83cca4edd220495,52,val,PKU37,pku_0006,,group,vessel_roi_dice,0.6961055276445539,ratio,512x512,640x640,1 px (physical spacing unverified),raw,0.5,0.35,spatial valid AND annotation-valid where available,none,sabids-evaluator-v0-20260828,1.0,1.0,1.0,runs/current/stage2_segment_roi_outside_fold0/validity_v0/group_metrics.csv,pku_0006;column=vessel_roi_dice,observed,
current-f0-stage2_segment_roi_outside_fold0,current-f0-e3b-v0-one-frame-original-geometry,E3b,segment,42,0,b85ea0c87d7d49a446b1d3ff5a513a21433654b1d9098b91f83cca4edd220495,52,val,PKU37,pku_0006,,group,vessel_roi_iou,0.5338664611383928,ratio,512x512,640x640,1 px (physical spacing unverified),raw,0.5,0.35,spatial valid AND annotation-valid where available,none,sabids-evaluator-v0-20260828,1.0,1.0,1.0,runs/current/stage2_segment_roi_outside_fold0/validity_v0/group_metrics.csv,pku_0006;column=vessel_roi_iou,observed,
current-f0-stage2_segment_roi_outside_fold0,current-f0-e3b-v0-one-frame-original-geometry,E3b,segment,42,0,b85ea0c87d7d49a446b1d3ff5a513a21433654b1d9098b91f83cca4edd220495,52,val,PKU37,pku_0006,,group,vessel_roi_background_iou,0.613660562190863,ratio,512x512,640x640,1 px (physical spacing unverified),raw,0.5,0.35,spatial valid AND annotation-valid where available,none,sabids-evaluator-v0-20260828,1.0,1.0,1.0,runs/current/stage2_segment_roi_outside_fold0/validity_v0/group_metrics.csv,pku_0006;column=vessel_roi_background_iou,observed,
current-f0-stage2_segment_roi_outside_fold0,current-f0-e3b-v0-one-frame-original-geometry,E3b,segment,42,0,b85ea0c87d7d49a446b1d3ff5a513a21433654b1d9098b91f83cca4edd220495,52,val,PKU37,pku_0006,,group,vessel_roi_miou,0.5737635116646278,ratio,512x512,640x640,1 px (physical spacing unverified),raw,0.5,0.35,spatial valid AND annotation-valid where available,none,sabids-evaluator-v0-20260828,1.0,1.0,1.0,runs/current/stage2_segment_roi_outside_fold0/validity_v0/group_metrics.csv,pku_0006;column=vessel_roi_miou,observed,
current-f0-stage2_segment_roi_outside_fold0,current-f0-e3b-v0-one-frame-original-geometry,E3b,segment,42,0,b85ea0c87d7d49a446b1d3ff5a513a21433654b1d9098b91f83cca4edd220495,52,val,PKU37,pku_0006,,group,vessel_roi_precision,0.612965079847599,ratio,512x512,640x640,1 px (physical spacing unverified),raw,0.5,0.35,spatial valid AND annotation-valid where available,none,sabids-evaluator-v0-20260828,1.0,1.0,1.0,runs/current/stage2_segment_roi_outside_fold0/validity_v0/group_metrics.csv,pku_0006;column=vessel_roi_precision,observed,
current-f0-stage2_segment_roi_outside_fold0,current-f0-e3b-v0-one-frame-original-geometry,E3b,segment,42,0,b85ea0c87d7d49a446b1d3ff5a513a21433654b1d9098b91f83cca4edd220495,52,val,PKU37,pku_0006,,group,vessel_roi_recall,0.8053388886291682,ratio,512x512,640x640,1 px (physical spacing unverified),raw,0.5,0.35,spatial valid AND annotation-valid where available,none,sabids-evaluator-v0-20260828,1.0,1.0,1.0,runs/current/stage2_segment_roi_outside_fold0/validity_v0/group_metrics.csv,pku_0006;column=vessel_roi_recall,observed,
current-f0-stage2_segment_roi_outside_fold0,current-f0-e3b-v0-one-frame-original-geometry,E3b,segment,42,0,b85ea0c87d7d49a446b1d3ff5a513a21433654b1d9098b91f83cca4edd220495,52,val,PKU37,pku_0006,,group,vessel_roi_specificity,0.6871535022447942,ratio,512x512,640x640,1 px (physical spacing unverified),raw,0.5,0.35,spatial valid AND annotation-valid where available,none,sabids-evaluator-v0-20260828,1.0,1.0,1.0,runs/current/stage2_segment_roi_outside_fold0/validity_v0/group_metrics.csv,pku_0006;column=vessel_roi_specificity,observed,
current-f0-stage2_segment_roi_outside_fold0,current-f0-e3b-v0-one-frame-original-geometry,E3b,segment,42,0,b85ea0c87d7d49a446b1d3ff5a513a21433654b1d9098b91f83cca4edd220495,52,val,PKU37,pku_0006,,group,vessel_roi_accuracy,0.7321695484539468,ratio,512x512,640x640,1 px (physical spacing unverified),raw,0.5,0.35,spatial valid AND annotation-valid where available,none,sabids-evaluator-v0-20260828,1.0,1.0,1.0,runs/current/stage2_segment_roi_outside_fold0/validity_v0/group_metrics.csv,pku_0006;column=vessel_roi_accuracy,observed,
current-f0-stage2_segment_roi_outside_fold0,current-f0-e3b-v0-one-frame-original-geometry,E3b,segment,42,0,b85ea0c87d7d49a446b1d3ff5a513a21433654b1d9098b91f83cca4edd220495,52,val,PKU37,pku_0006,,group,vessel_area_fraction_pred,0.5004336513443192,ratio,512x512,640x640,1 px (physical spacing unverified),raw,0.5,0.35,spatial valid AND annotation-valid where available,none,sabids-evaluator-v0-20260828,1.0,1.0,1.0,runs/current/stage2_segment_roi_outside_fold0/validity_v0/group_metrics.csv,pku_0006;column=vessel_area_fraction_pred,observed,
current-f0-stage2_segment_roi_outside_fold0,current-f0-e3b-v0-one-frame-original-geometry,E3b,segment,42,0,b85ea0c87d7d49a446b1d3ff5a513a21433654b1d9098b91f83cca4edd220495,52,val,PKU37,pku_0006,,group,vessel_area_fraction_true,0.3808935063017844,ratio,512x512,640x640,1 px (physical spacing unverified),raw,0.5,0.35,spatial valid AND annotation-valid where available,none,sabids-evaluator-v0-20260828,1.0,1.0,1.0,runs/current/stage2_segment_roi_outside_fold0/validity_v0/group_metrics.csv,pku_0006;column=vessel_area_fraction_true,observed,
current-f0-stage2_segment_roi_outside_fold0,current-f0-e3b-v0-one-frame-original-geometry,E3b,segment,42,0,b85ea0c87d7d49a446b1d3ff5a513a21433654b1d9098b91f83cca4edd220495,52,val,PKU37,pku_0006,,group,vessel_area_fraction_mae,0.1195401450425347,px,512x512,640x640,1 px (physical spacing unverified),raw,0.5,0.35,spatial valid AND annotation-valid where available,none,sabids-evaluator-v0-20260828,1.0,1.0,1.0,runs/current/stage2_segment_roi_outside_fold0/validity_v0/group_metrics.csv,pku_0006;column=vessel_area_fraction_mae,observed,
current-f0-stage2_segment_roi_outside_fold0,current-f0-e3b-v0-one-frame-original-geometry,E3b,segment,42,0,b85ea0c87d7d49a446b1d3ff5a513a21433654b1d9098b91f83cca4edd220495,52,val,PKU37,pku_0006,,group,vessel_outside_gt_layer_fraction,0.0256530018323572,ratio,512x512,640x640,1 px (physical spacing unverified),raw,0.5,0.35,spatial valid AND annotation-valid where available,none,sabids-evaluator-v0-20260828,1.0,1.0,1.0,runs/current/stage2_segment_roi_outside_fold0/validity_v0/group_metrics.csv,pku_0006;column=vessel_outside_gt_layer_fraction,observed,
current-f0-stage2_segment_roi_outside_fold0,current-f0-e3b-v0-one-frame-original-geometry,E3b,segment,42,0,b85ea0c87d7d49a446b1d3ff5a513a21433654b1d9098b91f83cca4edd220495,52,val,PKU37,pku_0006,,group,vessel_error_outside_gt_and_pred_layer_pixels,414.0,px,512x512,640x640,1 px (physical spacing unverified),raw,0.5,0.35,spatial valid AND annotation-valid where available,none,sabids-evaluator-v0-20260828,1.0,1.0,1.0,runs/current/stage2_segment_roi_outside_fold0/validity_v0/group_metrics.csv,pku_0006;column=vessel_error_outside_gt_and_pred_layer_pixels,observed,
current-f0-stage2_segment_roi_outside_fold0,current-f0-e3b-v0-one-frame-original-geometry,E3b,segment,42,0,b85ea0c87d7d49a446b1d3ff5a513a21433654b1d9098b91f83cca4edd220495,52,val,PKU37,pku_0006,,group,vessel_error_outside_gt_and_pred_layer_fraction,0.0148744296338878,ratio,512x512,640x640,1 px (physical spacing unverified),raw,0.5,0.35,spatial valid AND annotation-valid where available,none,sabids-evaluator-v0-20260828,1.0,1.0,1.0,runs/current/stage2_segment_roi_outside_fold0/validity_v0/group_metrics.csv,pku_0006;column=vessel_error_outside_gt_and_pred_layer_fraction,observed,
current-f0-stage2_segment_roi_outside_fold0,current-f0-e3b-v0-one-frame-original-geometry,E3b,segment,42,0,b85ea0c87d7d49a446b1d3ff5a513a21433654b1d9098b91f83cca4edd220495,52,val,PKU37,pku_0006,,group,vessel_error_outside_gt_inside_pred_layer_pixels,300.0,px,512x512,640x640,1 px (physical spacing unverified),raw,0.5,0.35,spatial valid AND annotation-valid where available,none,sabids-evaluator-v0-20260828,1.0,1.0,1.0,runs/current/stage2_segment_roi_outside_fold0/validity_v0/group_metrics.csv,pku_0006;column=vessel_error_outside_gt_inside_pred_layer_pixels,observed,
current-f0-stage2_segment_roi_outside_fold0,current-f0-e3b-v0-one-frame-original-geometry,E3b,segment,42,0,b85ea0c87d7d49a446b1d3ff5a513a21433654b1d9098b91f83cca4edd220495,52,val,PKU37,pku_0006,,group,vessel_error_outside_gt_inside_pred_layer_fraction,0.0107785721984694,ratio,512x512,640x640,1 px (physical spacing unverified),raw,0.5,0.35,spatial valid AND annotation-valid where available,none,sabids-evaluator-v0-20260828,1.0,1.0,1.0,runs/current/stage2_segment_roi_outside_fold0/validity_v0/group_metrics.csv,pku_0006;column=vessel_error_outside_gt_inside_pred_layer_fraction,observed,
current-f0-stage2_segment_roi_outside_fold0,current-f0-e3b-v0-one-frame-original-geometry,E3b,segment,42,0,b85ea0c87d7d49a446b1d3ff5a513a21433654b1d9098b91f83cca4edd220495,52,val,PKU37,pku_0006,,group,gt_vessel_outside_pred_layer_pixels,1042.0,px,512x512,640x640,1 px (physical spacing unverified),raw,0.5,0.35,spatial valid AND annotation-valid where available,none,sabids-evaluator-v0-20260828,1.0,1.0,1.0,runs/current/stage2_segment_roi_outside_fold0/validity_v0/group_metrics.csv,pku_0006;column=gt_vessel_outside_pred_layer_pixels,observed,
current-f0-stage2_segment_roi_outside_fold0,current-f0-e3b-v0-one-frame-original-geometry,E3b,segment,42,0,b85ea0c87d7d49a446b1d3ff5a513a21433654b1d9098b91f83cca4edd220495,52,val,PKU37,pku_0006,,group,gt_vessel_outside_pred_layer_fraction,0.0504820502882612,ratio,512x512,640x640,1 px (physical spacing unverified),raw,0.5,0.35,spatial valid AND annotation-valid where available,none,sabids-evaluator-v0-20260828,1.0,1.0,1.0,runs/current/stage2_segment_roi_outside_fold0/validity_v0/group_metrics.csv,pku_0006;column=gt_vessel_outside_pred_layer_fraction,observed,
current-f0-stage2_segment_roi_outside_fold0,current-f0-e3b-v0-one-frame-original-geometry,E3b,segment,42,0,b85ea0c87d7d49a446b1d3ff5a513a21433654b1d9098b91f83cca4edd220495,52,val,PKU37,pku_0006,,group,vessel_oracle_gt_layer_dice,0.6961055276445539,ratio,512x512,640x640,1 px (physical spacing unverified),raw,0.5,0.35,spatial valid AND annotation-valid where available,none,sabids-evaluator-v0-20260828,1.0,1.0,1.0,runs/current/stage2_segment_roi_outside_fold0/validity_v0/group_metrics.csv,pku_0006;column=vessel_oracle_gt_layer_dice,observed,
current-f0-stage2_segment_roi_outside_fold0,current-f0-e3b-v0-one-frame-original-geometry,E3b,segment,42,0,b85ea0c87d7d49a446b1d3ff5a513a21433654b1d9098b91f83cca4edd220495,52,val,PKU37,pku_0006,,group,vessel_oracle_gt_layer_iou,0.5338664611383928,ratio,512x512,640x640,1 px (physical spacing unverified),raw,0.5,0.35,spatial valid AND annotation-valid where available,none,sabids-evaluator-v0-20260828,1.0,1.0,1.0,runs/current/stage2_segment_roi_outside_fold0/validity_v0/group_metrics.csv,pku_0006;column=vessel_oracle_gt_layer_iou,observed,
current-f0-stage2_segment_roi_outside_fold0,current-f0-e3b-v0-one-frame-original-geometry,E3b,segment,42,0,b85ea0c87d7d49a446b1d3ff5a513a21433654b1d9098b91f83cca4edd220495,52,val,PKU37,pku_0006,,group,vessel_oracle_gt_layer_background_iou,0.963066540790013,ratio,512x512,640x640,1 px (physical spacing unverified),raw,0.5,0.35,spatial valid AND annotation-valid where available,none,sabids-evaluator-v0-20260828,1.0,1.0,1.0,runs/current/stage2_segment_roi_outside_fold0/validity_v0/group_metrics.csv,pku_0006;column=vessel_oracle_gt_layer_background_iou,observed,
current-f0-stage2_segment_roi_outside_fold0,current-f0-e3b-v0-one-frame-original-geometry,E3b,segment,42,0,b85ea0c87d7d49a446b1d3ff5a513a21433654b1d9098b91f83cca4edd220495,52,val,PKU37,pku_0006,,group,vessel_oracle_gt_layer_miou,0.7484665009642029,ratio,512x512,640x640,1 px (physical spacing unverified),raw,0.5,0.35,spatial valid AND annotation-valid where available,none,sabids-evaluator-v0-20260828,1.0,1.0,1.0,runs/current/stage2_segment_roi_outside_fold0/validity_v0/group_metrics.csv,pku_0006;column=vessel_oracle_gt_layer_miou,observed,
current-f0-stage2_segment_roi_outside_fold0,current-f0-e3b-v0-one-frame-original-geometry,E3b,segment,42,0,b85ea0c87d7d49a446b1d3ff5a513a21433654b1d9098b91f83cca4edd220495,52,val,PKU37,pku_0006,,group,vessel_oracle_gt_layer_precision,0.612965079847599,ratio,512x512,640x640,1 px (physical spacing unverified),raw,0.5,0.35,spatial valid AND annotation-valid where available,none,sabids-evaluator-v0-20260828,1.0,1.0,1.0,runs/current/stage2_segment_roi_outside_fold0/validity_v0/group_metrics.csv,pku_0006;column=vessel_oracle_gt_layer_precision,observed,
current-f0-stage2_segment_roi_outside_fold0,current-f0-e3b-v0-one-frame-original-geometry,E3b,segment,42,0,b85ea0c87d7d49a446b1d3ff5a513a21433654b1d9098b91f83cca4edd220495,52,val,PKU37,pku_0006,,group,vessel_oracle_gt_layer_recall,0.8053388886291682,ratio,512x512,640x640,1 px (physical spacing unverified),raw,0.5,0.35,spatial valid AND annotation-valid where available,none,sabids-evaluator-v0-20260828,1.0,1.0,1.0,runs/current/stage2_segment_roi_outside_fold0/validity_v0/group_metrics.csv,pku_0006;column=vessel_oracle_gt_layer_recall,observed,
current-f0-stage2_segment_roi_outside_fold0,current-f0-e3b-v0-one-frame-original-geometry,E3b,segment,42,0,b85ea0c87d7d49a446b1d3ff5a513a21433654b1d9098b91f83cca4edd220495,52,val,PKU37,pku_0006,,group,vessel_oracle_gt_layer_specificity,0.9730151506971866,ratio,512x512,640x640,1 px (physical spacing unverified),raw,0.5,0.35,spatial valid AND annotation-valid where available,none,sabids-evaluator-v0-20260828,1.0,1.0,1.0,runs/current/stage2_segment_roi_outside_fold0/validity_v0/group_metrics.csv,pku_0006;column=vessel_oracle_gt_layer_specificity,observed,
current-f0-stage2_segment_roi_outside_fold0,current-f0-e3b-v0-one-frame-original-geometry,E3b,segment,42,0,b85ea0c87d7d49a446b1d3ff5a513a21433654b1d9098b91f83cca4edd220495,52,val,PKU37,pku_0006,,group,vessel_oracle_gt_layer_accuracy,0.9645654296875864,ratio,512x512,640x640,1 px (physical spacing unverified),raw,0.5,0.35,spatial valid AND annotation-valid where available,none,sabids-evaluator-v0-20260828,1.0,1.0,1.0,runs/current/stage2_segment_roi_outside_fold0/validity_v0/group_metrics.csv,pku_0006;column=vessel_oracle_gt_layer_accuracy,observed,
current-f0-stage2_segment_roi_outside_fold0,current-f0-e3b-v0-one-frame-original-geometry,E3b,segment,42,0,b85ea0c87d7d49a446b1d3ff5a513a21433654b1d9098b91f83cca4edd220495,52,val,PKU37,pku_0006,,group,vessel_pred_layer_soft_gate_dice,0.685705879887242,ratio,512x512,640x640,1 px (physical spacing unverified),soft_gate,0.5,0.35,spatial valid AND annotation-valid where available,none,sabids-evaluator-v0-20260828,1.0,1.0,1.0,runs/current/stage2_segment_roi_outside_fold0/validity_v0/group_metrics.csv,pku_0006;column=vessel_pred_layer_soft_gate_dice,observed,
current-f0-stage2_segment_roi_outside_fold0,current-f0-e3b-v0-one-frame-original-geometry,E3b,segment,42,0,b85ea0c87d7d49a446b1d3ff5a513a21433654b1d9098b91f83cca4edd220495,52,val,PKU37,pku_0006,,group,vessel_pred_layer_soft_gate_iou,0.5217293978599428,ratio,512x512,640x640,1 px (physical spacing unverified),soft_gate,0.5,0.35,spatial valid AND annotation-valid where available,none,sabids-evaluator-v0-20260828,1.0,1.0,1.0,runs/current/stage2_segment_roi_outside_fold0/validity_v0/group_metrics.csv,pku_0006;column=vessel_pred_layer_soft_gate_iou,observed,
current-f0-stage2_segment_roi_outside_fold0,current-f0-e3b-v0-one-frame-original-geometry,E3b,segment,42,0,b85ea0c87d7d49a446b1d3ff5a513a21433654b1d9098b91f83cca4edd220495,52,val,PKU37,pku_0006,,group,vessel_pred_layer_soft_gate_background_iou,0.9619715982049608,ratio,512x512,640x640,1 px (physical spacing unverified),soft_gate,0.5,0.35,spatial valid AND annotation-valid where available,none,sabids-evaluator-v0-20260828,1.0,1.0,1.0,runs/current/stage2_segment_roi_outside_fold0/validity_v0/group_metrics.csv,pku_0006;column=vessel_pred_layer_soft_gate_background_iou,observed,
current-f0-stage2_segment_roi_outside_fold0,current-f0-e3b-v0-one-frame-original-geometry,E3b,segment,42,0,b85ea0c87d7d49a446b1d3ff5a513a21433654b1d9098b91f83cca4edd220495,52,val,PKU37,pku_0006,,group,vessel_pred_layer_soft_gate_miou,0.7418504980324518,ratio,512x512,640x640,1 px (physical spacing unverified),soft_gate,0.5,0.35,spatial valid AND annotation-valid where available,none,sabids-evaluator-v0-20260828,1.0,1.0,1.0,runs/current/stage2_segment_roi_outside_fold0/validity_v0/group_metrics.csv,pku_0006;column=vessel_pred_layer_soft_gate_miou,observed,
current-f0-stage2_segment_roi_outside_fold0,current-f0-e3b-v0-one-frame-original-geometry,E3b,segment,42,0,b85ea0c87d7d49a446b1d3ff5a513a21433654b1d9098b91f83cca4edd220495,52,val,PKU37,pku_0006,,group,vessel_pred_layer_soft_gate_precision,0.6054926702688628,ratio,512x512,640x640,1 px (physical spacing unverified),soft_gate,0.5,0.35,spatial valid AND annotation-valid where available,none,sabids-evaluator-v0-20260828,1.0,1.0,1.0,runs/current/stage2_segment_roi_outside_fold0/validity_v0/group_metrics.csv,pku_0006;column=vessel_pred_layer_soft_gate_precision,observed,
current-f0-stage2_segment_roi_outside_fold0,current-f0-e3b-v0-one-frame-original-geometry,E3b,segment,42,0,b85ea0c87d7d49a446b1d3ff5a513a21433654b1d9098b91f83cca4edd220495,52,val,PKU37,pku_0006,,group,vessel_pred_layer_soft_gate_recall,0.7904171309631114,ratio,512x512,640x640,1 px (physical spacing unverified),soft_gate,0.5,0.35,spatial valid AND annotation-valid where available,none,sabids-evaluator-v0-20260828,1.0,1.0,1.0,runs/current/stage2_segment_roi_outside_fold0/validity_v0/group_metrics.csv,pku_0006;column=vessel_pred_layer_soft_gate_recall,observed,
current-f0-stage2_segment_roi_outside_fold0,current-f0-e3b-v0-one-frame-original-geometry,E3b,segment,42,0,b85ea0c87d7d49a446b1d3ff5a513a21433654b1d9098b91f83cca4edd220495,52,val,PKU37,pku_0006,,group,vessel_pred_layer_soft_gate_specificity,0.9726706413787246,ratio,512x512,640x640,1 px (physical spacing unverified),soft_gate,0.5,0.35,spatial valid AND annotation-valid where available,none,sabids-evaluator-v0-20260828,1.0,1.0,1.0,runs/current/stage2_segment_roi_outside_fold0/validity_v0/group_metrics.csv,pku_0006;column=vessel_pred_layer_soft_gate_specificity,observed,
current-f0-stage2_segment_roi_outside_fold0,current-f0-e3b-v0-one-frame-original-geometry,E3b,segment,42,0,b85ea0c87d7d49a446b1d3ff5a513a21433654b1d9098b91f83cca4edd220495,52,val,PKU37,pku_0006,,group,vessel_pred_layer_soft_gate_accuracy,0.9634863281250892,ratio,512x512,640x640,1 px (physical spacing unverified),soft_gate,0.5,0.35,spatial valid AND annotation-valid where available,none,sabids-evaluator-v0-20260828,1.0,1.0,1.0,runs/current/stage2_segment_roi_outside_fold0/validity_v0/group_metrics.csv,pku_0006;column=vessel_pred_layer_soft_gate_accuracy,observed,
current-f0-stage2_segment_roi_outside_fold0,current-f0-e3b-v0-one-frame-original-geometry,E3b,segment,42,0,b85ea0c87d7d49a446b1d3ff5a513a21433654b1d9098b91f83cca4edd220495,52,val,PKU37,pku_0006,,group,vessel_pred_layer_soft_gate_soft_dice,0.6252573216861648,ratio,512x512,640x640,1 px (physical spacing unverified),soft_gate,0.5,0.35,spatial valid AND annotation-valid where available,none,sabids-evaluator-v0-20260828,1.0,1.0,1.0,runs/current/stage2_segment_roi_outside_fold0/validity_v0/group_metrics.csv,pku_0006;column=vessel_pred_layer_soft_gate_soft_dice,observed,
current-f0-stage2_segment_roi_outside_fold0,current-f0-e3b-v0-one-frame-original-geometry,E3b,segment,42,0,b85ea0c87d7d49a446b1d3ff5a513a21433654b1d9098b91f83cca4edd220495,52,val,PKU37,pku_0006,,group,vessel_gt_component_small_count,1.0,ratio,512x512,640x640,1 px (physical spacing unverified),raw,0.5,0.35,spatial valid AND annotation-valid where available,none,sabids-evaluator-v0-20260828,1.0,1.0,1.0,runs/current/stage2_segment_roi_outside_fold0/validity_v0/group_metrics.csv,pku_0006;column=vessel_gt_component_small_count,observed,
current-f0-stage2_segment_roi_outside_fold0,current-f0-e3b-v0-one-frame-original-geometry,E3b,segment,42,0,b85ea0c87d7d49a446b1d3ff5a513a21433654b1d9098b91f83cca4edd220495,52,val,PKU37,pku_0006,,group,vessel_gt_component_small_pixels,110.0,px,512x512,640x640,1 px (physical spacing unverified),raw,0.5,0.35,spatial valid AND annotation-valid where available,none,sabids-evaluator-v0-20260828,1.0,1.0,1.0,runs/current/stage2_segment_roi_outside_fold0/validity_v0/group_metrics.csv,pku_0006;column=vessel_gt_component_small_pixels,observed,
current-f0-stage2_segment_roi_outside_fold0,current-f0-e3b-v0-one-frame-original-geometry,E3b,segment,42,0,b85ea0c87d7d49a446b1d3ff5a513a21433654b1d9098b91f83cca4edd220495,52,val,PKU37,pku_0006,,group,vessel_gt_component_small_pixel_recall,0.7909090909090909,ratio,512x512,640x640,1 px (physical spacing unverified),raw,0.5,0.35,spatial valid AND annotation-valid where available,none,sabids-evaluator-v0-20260828,1.0,1.0,1.0,runs/current/stage2_segment_roi_outside_fold0/validity_v0/group_metrics.csv,pku_0006;column=vessel_gt_component_small_pixel_recall,observed,
current-f0-stage2_segment_roi_outside_fold0,current-f0-e3b-v0-one-frame-original-geometry,E3b,segment,42,0,b85ea0c87d7d49a446b1d3ff5a513a21433654b1d9098b91f83cca4edd220495,52,val,PKU37,pku_0006,,group,vessel_gt_component_small_detection_recall,1.0,ratio,512x512,640x640,1 px (physical spacing unverified),raw,0.5,0.35,spatial valid AND annotation-valid where available,none,sabids-evaluator-v0-20260828,1.0,1.0,1.0,runs/current/stage2_segment_roi_outside_fold0/validity_v0/group_metrics.csv,pku_0006;column=vessel_gt_component_small_detection_recall,observed,
current-f0-stage2_segment_roi_outside_fold0,current-f0-e3b-v0-one-frame-original-geometry,E3b,segment,42,0,b85ea0c87d7d49a446b1d3ff5a513a21433654b1d9098b91f83cca4edd220495,52,val,PKU37,pku_0006,,group,vessel_gt_component_medium_count,12.0,ratio,512x512,640x640,1 px (physical spacing unverified),raw,0.5,0.35,spatial valid AND annotation-valid where available,none,sabids-evaluator-v0-20260828,1.0,1.0,1.0,runs/current/stage2_segment_roi_outside_fold0/validity_v0/group_metrics.csv,pku_0006;column=vessel_gt_component_medium_count,observed,
current-f0-stage2_segment_roi_outside_fold0,current-f0-e3b-v0-one-frame-original-geometry,E3b,segment,42,0,b85ea0c87d7d49a446b1d3ff5a513a21433654b1d9098b91f83cca4edd220495,52,val,PKU37,pku_0006,,group,vessel_gt_component_medium_pixels,2532.0,px,512x512,640x640,1 px (physical spacing unverified),raw,0.5,0.35,spatial valid AND annotation-valid where available,none,sabids-evaluator-v0-20260828,1.0,1.0,1.0,runs/current/stage2_segment_roi_outside_fold0/validity_v0/group_metrics.csv,pku_0006;column=vessel_gt_component_medium_pixels,observed,
current-f0-stage2_segment_roi_outside_fold0,current-f0-e3b-v0-one-frame-original-geometry,E3b,segment,42,0,b85ea0c87d7d49a446b1d3ff5a513a21433654b1d9098b91f83cca4edd220495,52,val,PKU37,pku_0006,,group,vessel_gt_component_medium_pixel_recall,0.806477093206951,ratio,512x512,640x640,1 px (physical spacing unverified),raw,0.5,0.35,spatial valid AND annotation-valid where available,none,sabids-evaluator-v0-20260828,1.0,1.0,1.0,runs/current/stage2_segment_roi_outside_fold0/validity_v0/group_metrics.csv,pku_0006;column=vessel_gt_component_medium_pixel_recall,observed,
current-f0-stage2_segment_roi_outside_fold0,current-f0-e3b-v0-one-frame-original-geometry,E3b,segment,42,0,b85ea0c87d7d49a446b1d3ff5a513a21433654b1d9098b91f83cca4edd220495,52,val,PKU37,pku_0006,,group,vessel_gt_component_medium_detection_recall,1.0,ratio,512x512,640x640,1 px (physical spacing unverified),raw,0.5,0.35,spatial valid AND annotation-valid where available,none,sabids-evaluator-v0-20260828,1.0,1.0,1.0,runs/current/stage2_segment_roi_outside_fold0/validity_v0/group_metrics.csv,pku_0006;column=vessel_gt_component_medium_detection_recall,observed,
current-f0-stage2_segment_roi_outside_fold0,current-f0-e3b-v0-one-frame-original-geometry,E3b,segment,42,0,b85ea0c87d7d49a446b1d3ff5a513a21433654b1d9098b91f83cca4edd220495,52,val,PKU37,pku_0006,,group,vessel_gt_component_large_count,23.0,ratio,512x512,640x640,1 px (physical spacing unverified),raw,0.5,0.35,spatial valid AND annotation-valid where available,none,sabids-evaluator-v0-20260828,1.0,1.0,1.0,runs/current/stage2_segment_roi_outside_fold0/validity_v0/group_metrics.csv,pku_0006;column=vessel_gt_component_large_count,observed,
current-f0-stage2_segment_roi_outside_fold0,current-f0-e3b-v0-one-frame-original-geometry,E3b,segment,42,0,b85ea0c87d7d49a446b1d3ff5a513a21433654b1d9098b91f83cca4edd220495,52,val,PKU37,pku_0006,,group,vessel_gt_component_large_pixels,17999.0,px,512x512,640x640,1 px (physical spacing unverified),raw,0.5,0.35,spatial valid AND annotation-valid where available,none,sabids-evaluator-v0-20260828,1.0,1.0,1.0,runs/current/stage2_segment_roi_outside_fold0/validity_v0/group_metrics.csv,pku_0006;column=vessel_gt_component_large_pixels,observed,
current-f0-stage2_segment_roi_outside_fold0,current-f0-e3b-v0-one-frame-original-geometry,E3b,segment,42,0,b85ea0c87d7d49a446b1d3ff5a513a21433654b1d9098b91f83cca4edd220495,52,val,PKU37,pku_0006,,group,vessel_gt_component_large_pixel_recall,0.8052669592755153,ratio,512x512,640x640,1 px (physical spacing unverified),raw,0.5,0.35,spatial valid AND annotation-valid where available,none,sabids-evaluator-v0-20260828,1.0,1.0,1.0,runs/current/stage2_segment_roi_outside_fold0/validity_v0/group_metrics.csv,pku_0006;column=vessel_gt_component_large_pixel_recall,observed,
current-f0-stage2_segment_roi_outside_fold0,current-f0-e3b-v0-one-frame-original-geometry,E3b,segment,42,0,b85ea0c87d7d49a446b1d3ff5a513a21433654b1d9098b91f83cca4edd220495,52,val,PKU37,pku_0006,,group,vessel_gt_component_large_detection_recall,1.0,ratio,512x512,640x640,1 px (physical spacing unverified),raw,0.5,0.35,spatial valid AND annotation-valid where available,none,sabids-evaluator-v0-20260828,1.0,1.0,1.0,runs/current/stage2_segment_roi_outside_fold0/validity_v0/group_metrics.csv,pku_0006;column=vessel_gt_component_large_detection_recall,observed,
current-f0-stage2_segment_roi_outside_fold0,current-f0-e3b-v0-one-frame-original-geometry,E3b,segment,42,0,b85ea0c87d7d49a446b1d3ff5a513a21433654b1d9098b91f83cca4edd220495,52,val,PKU37,pku_0006,,group,vessel_boundary_band_dice,0.6772591857124262,ratio,512x512,640x640,1 px (physical spacing unverified),raw,0.5,0.35,spatial valid AND annotation-valid where available,none,sabids-evaluator-v0-20260828,1.0,1.0,1.0,runs/current/stage2_segment_roi_outside_fold0/validity_v0/group_metrics.csv,pku_0006;column=vessel_boundary_band_dice,observed,
current-f0-stage2_segment_roi_outside_fold0,current-f0-e3b-v0-one-frame-original-geometry,E3b,segment,42,0,b85ea0c87d7d49a446b1d3ff5a513a21433654b1d9098b91f83cca4edd220495,52,val,PKU37,pku_0006,,group,vessel_boundary_band_iou,0.5120120120401933,ratio,512x512,640x640,1 px (physical spacing unverified),raw,0.5,0.35,spatial valid AND annotation-valid where available,none,sabids-evaluator-v0-20260828,1.0,1.0,1.0,runs/current/stage2_segment_roi_outside_fold0/validity_v0/group_metrics.csv,pku_0006;column=vessel_boundary_band_iou,observed,
current-f0-stage2_segment_roi_outside_fold0,current-f0-e3b-v0-one-frame-original-geometry,E3b,segment,42,0,b85ea0c87d7d49a446b1d3ff5a513a21433654b1d9098b91f83cca4edd220495,52,val,PKU37,pku_0006,,group,vessel_boundary_band_background_iou,0.361106910678882,ratio,512x512,640x640,1 px (physical spacing unverified),raw,0.5,0.35,spatial valid AND annotation-valid where available,none,sabids-evaluator-v0-20260828,1.0,1.0,1.0,runs/current/stage2_segment_roi_outside_fold0/validity_v0/group_metrics.csv,pku_0006;column=vessel_boundary_band_background_iou,observed,
current-f0-stage2_segment_roi_outside_fold0,current-f0-e3b-v0-one-frame-original-geometry,E3b,segment,42,0,b85ea0c87d7d49a446b1d3ff5a513a21433654b1d9098b91f83cca4edd220495,52,val,PKU37,pku_0006,,group,vessel_boundary_band_miou,0.4365594613595376,ratio,512x512,640x640,1 px (physical spacing unverified),raw,0.5,0.35,spatial valid AND annotation-valid where available,none,sabids-evaluator-v0-20260828,1.0,1.0,1.0,runs/current/stage2_segment_roi_outside_fold0/validity_v0/group_metrics.csv,pku_0006;column=vessel_boundary_band_miou,observed,
current-f0-stage2_segment_roi_outside_fold0,current-f0-e3b-v0-one-frame-original-geometry,E3b,segment,42,0,b85ea0c87d7d49a446b1d3ff5a513a21433654b1d9098b91f83cca4edd220495,52,val,PKU37,pku_0006,,group,vessel_boundary_band_precision,0.6061807739910994,ratio,512x512,640x640,1 px (physical spacing unverified),raw,0.5,0.35,spatial valid AND annotation-valid where available,none,sabids-evaluator-v0-20260828,1.0,1.0,1.0,runs/current/stage2_segment_roi_outside_fold0/validity_v0/group_metrics.csv,pku_0006;column=vessel_boundary_band_precision,observed,
current-f0-stage2_segment_roi_outside_fold0,current-f0-e3b-v0-one-frame-original-geometry,E3b,segment,42,0,b85ea0c87d7d49a446b1d3ff5a513a21433654b1d9098b91f83cca4edd220495,52,val,PKU37,pku_0006,,group,vessel_boundary_band_recall,0.7672204915397005,ratio,512x512,640x640,1 px (physical spacing unverified),raw,0.5,0.35,spatial valid AND annotation-valid where available,none,sabids-evaluator-v0-20260828,1.0,1.0,1.0,runs/current/stage2_segment_roi_outside_fold0/validity_v0/group_metrics.csv,pku_0006;column=vessel_boundary_band_recall,observed,
current-f0-stage2_segment_roi_outside_fold0,current-f0-e3b-v0-one-frame-original-geometry,E3b,segment,42,0,b85ea0c87d7d49a446b1d3ff5a513a21433654b1d9098b91f83cca4edd220495,52,val,PKU37,pku_0006,,group,vessel_boundary_band_specificity,0.4533029613275149,ratio,512x512,640x640,1 px (physical spacing unverified),raw,0.5,0.35,spatial valid AND annotation-valid where available,none,sabids-evaluator-v0-20260828,1.0,1.0,1.0,runs/current/stage2_segment_roi_outside_fold0/validity_v0/group_metrics.csv,pku_0006;column=vessel_boundary_band_specificity,observed,
current-f0-stage2_segment_roi_outside_fold0,current-f0-e3b-v0-one-frame-original-geometry,E3b,segment,42,0,b85ea0c87d7d49a446b1d3ff5a513a21433654b1d9098b91f83cca4edd220495,52,val,PKU37,pku_0006,,group,vessel_boundary_band_accuracy,0.6175086004156478,ratio,512x512,640x640,1 px (physical spacing unverified),raw,0.5,0.35,spatial valid AND annotation-valid where available,none,sabids-evaluator-v0-20260828,1.0,1.0,1.0,runs/current/stage2_segment_roi_outside_fold0/validity_v0/group_metrics.csv,pku_0006;column=vessel_boundary_band_accuracy,observed,
current-f0-stage2_segment_roi_outside_fold0,current-f0-e3b-v0-one-frame-original-geometry,E3b,segment,42,0,b85ea0c87d7d49a446b1d3ff5a513a21433654b1d9098b91f83cca4edd220495,52,val,PKU37,pku_0006,,group,vessel_boundary_band_fp_pixels,5760.0,px,512x512,640x640,1 px (physical spacing unverified),raw,0.5,0.35,spatial valid AND annotation-valid where available,none,sabids-evaluator-v0-20260828,1.0,1.0,1.0,runs/current/stage2_segment_roi_outside_fold0/validity_v0/group_metrics.csv,pku_0006;column=vessel_boundary_band_fp_pixels,observed,
current-f0-stage2_segment_roi_outside_fold0,current-f0-e3b-v0-one-frame-original-geometry,E3b,segment,42,0,b85ea0c87d7d49a446b1d3ff5a513a21433654b1d9098b91f83cca4edd220495,52,val,PKU37,pku_0006,,group,vessel_boundary_band_fn_pixels,2690.0,px,512x512,640x640,1 px (physical spacing unverified),raw,0.5,0.35,spatial valid AND annotation-valid where available,none,sabids-evaluator-v0-20260828,1.0,1.0,1.0,runs/current/stage2_segment_roi_outside_fold0/validity_v0/group_metrics.csv,pku_0006;column=vessel_boundary_band_fn_pixels,observed,
current-f0-stage2_segment_roi_outside_fold0,current-f0-e3b-v0-one-frame-original-geometry,E3b,segment,42,0,b85ea0c87d7d49a446b1d3ff5a513a21433654b1d9098b91f83cca4edd220495,52,val,PKU37,pku_0006,,group,whole_layer_baseline_vessel_dice,0.5516623904272014,ratio,512x512,640x640,1 px (physical spacing unverified),raw,0.5,0.35,spatial valid AND annotation-valid where available,none,sabids-evaluator-v0-20260828,1.0,1.0,1.0,runs/current/stage2_segment_roi_outside_fold0/validity_v0/group_metrics.csv,pku_0006;column=whole_layer_baseline_vessel_dice,observed,
current-f0-stage2_segment_roi_outside_fold0,current-f0-e3b-v0-one-frame-original-geometry,E3b,segment,42,0,b85ea0c87d7d49a446b1d3ff5a513a21433654b1d9098b91f83cca4edd220495,52,val,PKU37,pku_0006,,group,empty_baseline_vessel_dice,4.844726514953504e-11,ratio,512x512,640x640,1 px (physical spacing unverified),raw,0.5,0.35,spatial valid AND annotation-valid where available,none,sabids-evaluator-v0-20260828,1.0,1.0,1.0,runs/current/stage2_segment_roi_outside_fold0/validity_v0/group_metrics.csv,pku_0006;column=empty_baseline_vessel_dice,observed,
current-f0-stage2_segment_roi_outside_fold0,current-f0-e3b-v0-one-frame-original-geometry,E3b,segment,42,0,b85ea0c87d7d49a446b1d3ff5a513a21433654b1d9098b91f83cca4edd220495,52,val,PKU37,pku_0006,,group,vessel_hd95,12.36931687685298,px,512x512,640x640,1 px (physical spacing unverified),raw,0.5,0.35,spatial valid AND annotation-valid where available,none,sabids-evaluator-v0-20260828,1.0,1.0,1.0,runs/current/stage2_segment_roi_outside_fold0/validity_v0/group_metrics.csv,pku_0006;column=vessel_hd95,observed,
current-f0-stage2_segment_roi_outside_fold0,current-f0-e3b-v0-one-frame-original-geometry,E3b,segment,42,0,b85ea0c87d7d49a446b1d3ff5a513a21433654b1d9098b91f83cca4edd220495,52,val,PKU37,pku_0006,,group,vessel_assd,4.62080727335833,px,512x512,640x640,1 px (physical spacing unverified),raw,0.5,0.35,spatial valid AND annotation-valid where available,none,sabids-evaluator-v0-20260828,1.0,1.0,1.0,runs/current/stage2_segment_roi_outside_fold0/validity_v0/group_metrics.csv,pku_0006;column=vessel_assd,observed,
current-f0-stage2_segment_roi_outside_fold0,current-f0-e3b-v0-one-frame-original-geometry,E3b,segment,42,0,b85ea0c87d7d49a446b1d3ff5a513a21433654b1d9098b91f83cca4edd220495,52,val,PKU37,pku_0006,,group,p1_empty_input,0.0,ratio,512x512,640x640,1 px (physical spacing unverified),p1,0.5,0.35,spatial valid AND annotation-valid where available,p0-p3-v1,sabids-evaluator-v0-20260828,1.0,1.0,1.0,runs/current/stage2_segment_roi_outside_fold0/validity_v0/group_metrics.csv,pku_0006;column=p1_empty_input,observed,
current-f0-stage2_segment_roi_outside_fold0,current-f0-e3b-v0-one-frame-original-geometry,E3b,segment,42,0,b85ea0c87d7d49a446b1d3ff5a513a21433654b1d9098b91f83cca4edd220495,52,val,PKU37,pku_0006,,group,p1_component_count,3.0,ratio,512x512,640x640,1 px (physical spacing unverified),p1,0.5,0.35,spatial valid AND annotation-valid where available,p0-p3-v1,sabids-evaluator-v0-20260828,1.0,1.0,1.0,runs/current/stage2_segment_roi_outside_fold0/validity_v0/group_metrics.csv,pku_0006;column=p1_component_count,observed,
current-f0-stage2_segment_roi_outside_fold0,current-f0-e3b-v0-one-frame-original-geometry,E3b,segment,42,0,b85ea0c87d7d49a446b1d3ff5a513a21433654b1d9098b91f83cca4edd220495,52,val,PKU37,pku_0006,,group,p1_removed_pixels,619.0,px,512x512,640x640,1 px (physical spacing unverified),p1,0.5,0.35,spatial valid AND annotation-valid where available,p0-p3-v1,sabids-evaluator-v0-20260828,1.0,1.0,1.0,runs/current/stage2_segment_roi_outside_fold0/validity_v0/group_metrics.csv,pku_0006;column=p1_removed_pixels,observed,
current-f0-stage2_segment_roi_outside_fold0,current-f0-e3b-v0-one-frame-original-geometry,E3b,segment,42,0,b85ea0c87d7d49a446b1d3ff5a513a21433654b1d9098b91f83cca4edd220495,52,val,PKU37,pku_0006,,group,p1_filled_pixels,0.0,px,512x512,640x640,1 px (physical spacing unverified),p1,0.5,0.35,spatial valid AND annotation-valid where available,p0-p3-v1,sabids-evaluator-v0-20260828,1.0,1.0,1.0,runs/current/stage2_segment_roi_outside_fold0/validity_v0/group_metrics.csv,pku_0006;column=p1_filled_pixels,observed,
current-f0-stage2_segment_roi_outside_fold0,current-f0-e3b-v0-one-frame-original-geometry,E3b,segment,42,0,b85ea0c87d7d49a446b1d3ff5a513a21433654b1d9098b91f83cca4edd220495,52,val,PKU37,pku_0006,,group,p1_main_fraction,0.9895485091007328,ratio,512x512,640x640,1 px (physical spacing unverified),p1,0.5,0.35,spatial valid AND annotation-valid where available,p0-p3-v1,sabids-evaluator-v0-20260828,1.0,1.0,1.0,runs/current/stage2_segment_roi_outside_fold0/validity_v0/group_metrics.csv,pku_0006;column=p1_main_fraction,observed,
current-f0-stage2_segment_roi_outside_fold0,current-f0-e3b-v0-one-frame-original-geometry,E3b,segment,42,0,b85ea0c87d7d49a446b1d3ff5a513a21433654b1d9098b91f83cca4edd220495,52,val,PKU37,pku_0006,,group,p1_cleanup_failed,0.0,ratio,512x512,640x640,1 px (physical spacing unverified),p1,0.5,0.35,spatial valid AND annotation-valid where available,p0-p3-v1,sabids-evaluator-v0-20260828,1.0,1.0,1.0,runs/current/stage2_segment_roi_outside_fold0/validity_v0/group_metrics.csv,pku_0006;column=p1_cleanup_failed,observed,
current-f0-stage2_segment_roi_outside_fold0,current-f0-e3b-v0-one-frame-original-geometry,E3b,segment,42,0,b85ea0c87d7d49a446b1d3ff5a513a21433654b1d9098b91f83cca4edd220495,52,val,PKU37,pku_0006,,group,p2_empty_input,0.0,ratio,512x512,640x640,1 px (physical spacing unverified),p2,0.5,0.35,spatial valid AND annotation-valid where available,p0-p3-v1,sabids-evaluator-v0-20260828,1.0,1.0,1.0,runs/current/stage2_segment_roi_outside_fold0/validity_v0/group_metrics.csv,pku_0006;column=p2_empty_input,observed,
current-f0-stage2_segment_roi_outside_fold0,current-f0-e3b-v0-one-frame-original-geometry,E3b,segment,42,0,b85ea0c87d7d49a446b1d3ff5a513a21433654b1d9098b91f83cca4edd220495,52,val,PKU37,pku_0006,,group,p2_changed_columns,50.0,ratio,512x512,640x640,1 px (physical spacing unverified),p2,0.5,0.35,spatial valid AND annotation-valid where available,p0-p3-v1,sabids-evaluator-v0-20260828,1.0,1.0,1.0,runs/current/stage2_segment_roi_outside_fold0/validity_v0/group_metrics.csv,pku_0006;column=p2_changed_columns,observed,
current-f0-stage2_segment_roi_outside_fold0,current-f0-e3b-v0-one-frame-original-geometry,E3b,segment,42,0,b85ea0c87d7d49a446b1d3ff5a513a21433654b1d9098b91f83cca4edd220495,52,val,PKU37,pku_0006,,group,p2_mean_abs_displacement,0.1828125,px,512x512,640x640,1 px (physical spacing unverified),p2,0.5,0.35,spatial valid AND annotation-valid where available,p0-p3-v1,sabids-evaluator-v0-20260828,1.0,1.0,1.0,runs/current/stage2_segment_roi_outside_fold0/validity_v0/group_metrics.csv,pku_0006;column=p2_mean_abs_displacement,observed,
current-f0-stage2_segment_roi_outside_fold0,current-f0-e3b-v0-one-frame-original-geometry,E3b,segment,42,0,b85ea0c87d7d49a446b1d3ff5a513a21433654b1d9098b91f83cca4edd220495,52,val,PKU37,pku_0006,,group,p2_max_abs_displacement,8.0,px,512x512,640x640,1 px (physical spacing unverified),p2,0.5,0.35,spatial valid AND annotation-valid where available,p0-p3-v1,sabids-evaluator-v0-20260828,1.0,1.0,1.0,runs/current/stage2_segment_roi_outside_fold0/validity_v0/group_metrics.csv,pku_0006;column=p2_max_abs_displacement,observed,
current-f0-stage2_segment_roi_outside_fold0,current-f0-e3b-v0-one-frame-original-geometry,E3b,segment,42,0,b85ea0c87d7d49a446b1d3ff5a513a21433654b1d9098b91f83cca4edd220495,52,val,PKU37,pku_0006,,group,p2_regularization_failed,0.0,ratio,512x512,640x640,1 px (physical spacing unverified),p2,0.5,0.35,spatial valid AND annotation-valid where available,p0-p3-v1,sabids-evaluator-v0-20260828,1.0,1.0,1.0,runs/current/stage2_segment_roi_outside_fold0/validity_v0/group_metrics.csv,pku_0006;column=p2_regularization_failed,observed,
current-f0-stage2_segment_roi_outside_fold0,current-f0-e3b-v0-one-frame-original-geometry,E3b,segment,42,0,b85ea0c87d7d49a446b1d3ff5a513a21433654b1d9098b91f83cca4edd220495,52,val,PKU37,pku_0006,,group,p0_layer_dice,0.9281501009555168,ratio,512x512,640x640,1 px (physical spacing unverified),p0,0.5,0.35,spatial valid AND annotation-valid where available,p0-p3-v1,sabids-evaluator-v0-20260828,1.0,1.0,1.0,runs/current/stage2_segment_roi_outside_fold0/validity_v0/group_metrics.csv,pku_0006;column=p0_layer_dice,observed,
current-f0-stage2_segment_roi_outside_fold0,current-f0-e3b-v0-one-frame-original-geometry,E3b,segment,42,0,b85ea0c87d7d49a446b1d3ff5a513a21433654b1d9098b91f83cca4edd220495,52,val,PKU37,pku_0006,,group,p0_layer_iou,0.8659329088747523,ratio,512x512,640x640,1 px (physical spacing unverified),p0,0.5,0.35,spatial valid AND annotation-valid where available,p0-p3-v1,sabids-evaluator-v0-20260828,1.0,1.0,1.0,runs/current/stage2_segment_roi_outside_fold0/validity_v0/group_metrics.csv,pku_0006;column=p0_layer_iou,observed,
current-f0-stage2_segment_roi_outside_fold0,current-f0-e3b-v0-one-frame-original-geometry,E3b,segment,42,0,b85ea0c87d7d49a446b1d3ff5a513a21433654b1d9098b91f83cca4edd220495,52,val,PKU37,pku_0006,,group,p0_layer_background_iou,0.9771714953245486,ratio,512x512,640x640,1 px (physical spacing unverified),p0,0.5,0.35,spatial valid AND annotation-valid where available,p0-p3-v1,sabids-evaluator-v0-20260828,1.0,1.0,1.0,runs/current/stage2_segment_roi_outside_fold0/validity_v0/group_metrics.csv,pku_0006;column=p0_layer_background_iou,observed,
current-f0-stage2_segment_roi_outside_fold0,current-f0-e3b-v0-one-frame-original-geometry,E3b,segment,42,0,b85ea0c87d7d49a446b1d3ff5a513a21433654b1d9098b91f83cca4edd220495,52,val,PKU37,pku_0006,,group,p0_layer_miou,0.9215522020996504,ratio,512x512,640x640,1 px (physical spacing unverified),p0,0.5,0.35,spatial valid AND annotation-valid where available,p0-p3-v1,sabids-evaluator-v0-20260828,1.0,1.0,1.0,runs/current/stage2_segment_roi_outside_fold0/validity_v0/group_metrics.csv,pku_0006;column=p0_layer_miou,observed,
current-f0-stage2_segment_roi_outside_fold0,current-f0-e3b-v0-one-frame-original-geometry,E3b,segment,42,0,b85ea0c87d7d49a446b1d3ff5a513a21433654b1d9098b91f83cca4edd220495,52,val,PKU37,pku_0006,,group,p0_layer_precision,0.8886975314914278,ratio,512x512,640x640,1 px (physical spacing unverified),p0,0.5,0.35,spatial valid AND annotation-valid where available,p0-p3-v1,sabids-evaluator-v0-20260828,1.0,1.0,1.0,runs/current/stage2_segment_roi_outside_fold0/validity_v0/group_metrics.csv,pku_0006;column=p0_layer_precision,observed,
current-f0-stage2_segment_roi_outside_fold0,current-f0-e3b-v0-one-frame-original-geometry,E3b,segment,42,0,b85ea0c87d7d49a446b1d3ff5a513a21433654b1d9098b91f83cca4edd220495,52,val,PKU37,pku_0006,,group,p0_layer_recall,0.9712682917832984,ratio,512x512,640x640,1 px (physical spacing unverified),p0,0.5,0.35,spatial valid AND annotation-valid where available,p0-p3-v1,sabids-evaluator-v0-20260828,1.0,1.0,1.0,runs/current/stage2_segment_roi_outside_fold0/validity_v0/group_metrics.csv,pku_0006;column=p0_layer_recall,observed,
current-f0-stage2_segment_roi_outside_fold0,current-f0-e3b-v0-one-frame-original-geometry,E3b,segment,42,0,b85ea0c87d7d49a446b1d3ff5a513a21433654b1d9098b91f83cca4edd220495,52,val,PKU37,pku_0006,,group,p0_layer_specificity,0.9814523548925844,ratio,512x512,640x640,1 px (physical spacing unverified),p0,0.5,0.35,spatial valid AND annotation-valid where available,p0-p3-v1,sabids-evaluator-v0-20260828,1.0,1.0,1.0,runs/current/stage2_segment_roi_outside_fold0/validity_v0/group_metrics.csv,pku_0006;column=p0_layer_specificity,observed,
current-f0-stage2_segment_roi_outside_fold0,current-f0-e3b-v0-one-frame-original-geometry,E3b,segment,42,0,b85ea0c87d7d49a446b1d3ff5a513a21433654b1d9098b91f83cca4edd220495,52,val,PKU37,pku_0006,,group,p0_layer_accuracy,0.9801049804687986,ratio,512x512,640x640,1 px (physical spacing unverified),p0,0.5,0.35,spatial valid AND annotation-valid where available,p0-p3-v1,sabids-evaluator-v0-20260828,1.0,1.0,1.0,runs/current/stage2_segment_roi_outside_fold0/validity_v0/group_metrics.csv,pku_0006;column=p0_layer_accuracy,observed,
current-f0-stage2_segment_roi_outside_fold0,current-f0-e3b-v0-one-frame-original-geometry,E3b,segment,42,0,b85ea0c87d7d49a446b1d3ff5a513a21433654b1d9098b91f83cca4edd220495,52,val,PKU37,pku_0006,,group,p0_upper_boundary_mae,4.5703125,px,512x512,640x640,1 px (physical spacing unverified),p0,0.5,0.35,spatial valid AND annotation-valid where available,p0-p3-v1,sabids-evaluator-v0-20260828,1.0,1.0,1.0,runs/current/stage2_segment_roi_outside_fold0/validity_v0/group_metrics.csv,pku_0006;column=p0_upper_boundary_mae,observed,
current-f0-stage2_segment_roi_outside_fold0,current-f0-e3b-v0-one-frame-original-geometry,E3b,segment,42,0,b85ea0c87d7d49a446b1d3ff5a513a21433654b1d9098b91f83cca4edd220495,52,val,PKU37,pku_0006,,group,p0_lower_boundary_mae,9.8609375,px,512x512,640x640,1 px (physical spacing unverified),p0,0.5,0.35,spatial valid AND annotation-valid where available,p0-p3-v1,sabids-evaluator-v0-20260828,1.0,1.0,1.0,runs/current/stage2_segment_roi_outside_fold0/validity_v0/group_metrics.csv,pku_0006;column=p0_lower_boundary_mae,observed,
current-f0-stage2_segment_roi_outside_fold0,current-f0-e3b-v0-one-frame-original-geometry,E3b,segment,42,0,b85ea0c87d7d49a446b1d3ff5a513a21433654b1d9098b91f83cca4edd220495,52,val,PKU37,pku_0006,,group,p0_thickness_mae,13.815625,px,512x512,640x640,1 px (physical spacing unverified),p0,0.5,0.35,spatial valid AND annotation-valid where available,p0-p3-v1,sabids-evaluator-v0-20260828,1.0,1.0,1.0,runs/current/stage2_segment_roi_outside_fold0/validity_v0/group_metrics.csv,pku_0006;column=p0_thickness_mae,observed,
current-f0-stage2_segment_roi_outside_fold0,current-f0-e3b-v0-one-frame-original-geometry,E3b,segment,42,0,b85ea0c87d7d49a446b1d3ff5a513a21433654b1d9098b91f83cca4edd220495,52,val,PKU37,pku_0006,,group,p1_layer_dice,0.9326583804683358,ratio,512x512,640x640,1 px (physical spacing unverified),p1,0.5,0.35,spatial valid AND annotation-valid where available,p0-p3-v1,sabids-evaluator-v0-20260828,1.0,1.0,1.0,runs/current/stage2_segment_roi_outside_fold0/validity_v0/group_metrics.csv,pku_0006;column=p1_layer_dice,observed,
current-f0-stage2_segment_roi_outside_fold0,current-f0-e3b-v0-one-frame-original-geometry,E3b,segment,42,0,b85ea0c87d7d49a446b1d3ff5a513a21433654b1d9098b91f83cca4edd220495,52,val,PKU37,pku_0006,,group,p1_layer_iou,0.873814309685303,ratio,512x512,640x640,1 px (physical spacing unverified),p1,0.5,0.35,spatial valid AND annotation-valid where available,p0-p3-v1,sabids-evaluator-v0-20260828,1.0,1.0,1.0,runs/current/stage2_segment_roi_outside_fold0/validity_v0/group_metrics.csv,pku_0006;column=p1_layer_iou,observed,
current-f0-stage2_segment_roi_outside_fold0,current-f0-e3b-v0-one-frame-original-geometry,E3b,segment,42,0,b85ea0c87d7d49a446b1d3ff5a513a21433654b1d9098b91f83cca4edd220495,52,val,PKU37,pku_0006,,group,p1_layer_background_iou,0.9787226294752122,ratio,512x512,640x640,1 px (physical spacing unverified),p1,0.5,0.35,spatial valid AND annotation-valid where available,p0-p3-v1,sabids-evaluator-v0-20260828,1.0,1.0,1.0,runs/current/stage2_segment_roi_outside_fold0/validity_v0/group_metrics.csv,pku_0006;column=p1_layer_background_iou,observed,
current-f0-stage2_segment_roi_outside_fold0,current-f0-e3b-v0-one-frame-original-geometry,E3b,segment,42,0,b85ea0c87d7d49a446b1d3ff5a513a21433654b1d9098b91f83cca4edd220495,52,val,PKU37,pku_0006,,group,p1_layer_miou,0.9262684695802575,ratio,512x512,640x640,1 px (physical spacing unverified),p1,0.5,0.35,spatial valid AND annotation-valid where available,p0-p3-v1,sabids-evaluator-v0-20260828,1.0,1.0,1.0,runs/current/stage2_segment_roi_outside_fold0/validity_v0/group_metrics.csv,pku_0006;column=p1_layer_miou,observed,
current-f0-stage2_segment_roi_outside_fold0,current-f0-e3b-v0-one-frame-original-geometry,E3b,segment,42,0,b85ea0c87d7d49a446b1d3ff5a513a21433654b1d9098b91f83cca4edd220495,52,val,PKU37,pku_0006,,group,p1_layer_precision,0.8975207739707284,ratio,512x512,640x640,1 px (physical spacing unverified),p1,0.5,0.35,spatial valid AND annotation-valid where available,p0-p3-v1,sabids-evaluator-v0-20260828,1.0,1.0,1.0,runs/current/stage2_segment_roi_outside_fold0/validity_v0/group_metrics.csv,pku_0006;column=p1_layer_precision,observed,
current-f0-stage2_segment_roi_outside_fold0,current-f0-e3b-v0-one-frame-original-geometry,E3b,segment,42,0,b85ea0c87d7d49a446b1d3ff5a513a21433654b1d9098b91f83cca4edd220495,52,val,PKU37,pku_0006,,group,p1_layer_recall,0.9706593345763936,ratio,512x512,640x640,1 px (physical spacing unverified),p1,0.5,0.35,spatial valid AND annotation-valid where available,p0-p3-v1,sabids-evaluator-v0-20260828,1.0,1.0,1.0,runs/current/stage2_segment_roi_outside_fold0/validity_v0/group_metrics.csv,pku_0006;column=p1_layer_recall,observed,
current-f0-stage2_segment_roi_outside_fold0,current-f0-e3b-v0-one-frame-original-geometry,E3b,segment,42,0,b85ea0c87d7d49a446b1d3ff5a513a21433654b1d9098b91f83cca4edd220495,52,val,PKU37,pku_0006,,group,p1_layer_specificity,0.9831011595092328,ratio,512x512,640x640,1 px (physical spacing unverified),p1,0.5,0.35,spatial valid AND annotation-valid where available,p0-p3-v1,sabids-evaluator-v0-20260828,1.0,1.0,1.0,runs/current/stage2_segment_roi_outside_fold0/validity_v0/group_metrics.csv,pku_0006;column=p1_layer_specificity,observed,
current-f0-stage2_segment_roi_outside_fold0,current-f0-e3b-v0-one-frame-original-geometry,E3b,segment,42,0,b85ea0c87d7d49a446b1d3ff5a513a21433654b1d9098b91f83cca4edd220495,52,val,PKU37,pku_0006,,group,p1_layer_accuracy,0.9814550781250452,ratio,512x512,640x640,1 px (physical spacing unverified),p1,0.5,0.35,spatial valid AND annotation-valid where available,p0-p3-v1,sabids-evaluator-v0-20260828,1.0,1.0,1.0,runs/current/stage2_segment_roi_outside_fold0/validity_v0/group_metrics.csv,pku_0006;column=p1_layer_accuracy,observed,
current-f0-stage2_segment_roi_outside_fold0,current-f0-e3b-v0-one-frame-original-geometry,E3b,segment,42,0,b85ea0c87d7d49a446b1d3ff5a513a21433654b1d9098b91f83cca4edd220495,52,val,PKU37,pku_0006,,group,p1_upper_boundary_mae,1.2265625,px,512x512,640x640,1 px (physical spacing unverified),p1,0.5,0.35,spatial valid AND annotation-valid where available,p0-p3-v1,sabids-evaluator-v0-20260828,1.0,1.0,1.0,runs/current/stage2_segment_roi_outside_fold0/validity_v0/group_metrics.csv,pku_0006;column=p1_upper_boundary_mae,observed,
current-f0-stage2_segment_roi_outside_fold0,current-f0-e3b-v0-one-frame-original-geometry,E3b,segment,42,0,b85ea0c87d7d49a446b1d3ff5a513a21433654b1d9098b91f83cca4edd220495,52,val,PKU37,pku_0006,,group,p1_lower_boundary_mae,9.8609375,px,512x512,640x640,1 px (physical spacing unverified),p1,0.5,0.35,spatial valid AND annotation-valid where available,p0-p3-v1,sabids-evaluator-v0-20260828,1.0,1.0,1.0,runs/current/stage2_segment_roi_outside_fold0/validity_v0/group_metrics.csv,pku_0006;column=p1_lower_boundary_mae,observed,
current-f0-stage2_segment_roi_outside_fold0,current-f0-e3b-v0-one-frame-original-geometry,E3b,segment,42,0,b85ea0c87d7d49a446b1d3ff5a513a21433654b1d9098b91f83cca4edd220495,52,val,PKU37,pku_0006,,group,p1_thickness_mae,10.35,px,512x512,640x640,1 px (physical spacing unverified),p1,0.5,0.35,spatial valid AND annotation-valid where available,p0-p3-v1,sabids-evaluator-v0-20260828,1.0,1.0,1.0,runs/current/stage2_segment_roi_outside_fold0/validity_v0/group_metrics.csv,pku_0006;column=p1_thickness_mae,observed,
current-f0-stage2_segment_roi_outside_fold0,current-f0-e3b-v0-one-frame-original-geometry,E3b,segment,42,0,b85ea0c87d7d49a446b1d3ff5a513a21433654b1d9098b91f83cca4edd220495,52,val,PKU37,pku_0006,,group,p2_layer_dice,0.9375876145055448,ratio,512x512,640x640,1 px (physical spacing unverified),p2,0.5,0.35,spatial valid AND annotation-valid where available,p0-p3-v1,sabids-evaluator-v0-20260828,1.0,1.0,1.0,runs/current/stage2_segment_roi_outside_fold0/validity_v0/group_metrics.csv,pku_0006;column=p2_layer_dice,observed,
current-f0-stage2_segment_roi_outside_fold0,current-f0-e3b-v0-one-frame-original-geometry,E3b,segment,42,0,b85ea0c87d7d49a446b1d3ff5a513a21433654b1d9098b91f83cca4edd220495,52,val,PKU37,pku_0006,,group,p2_layer_iou,0.8825081741401386,ratio,512x512,640x640,1 px (physical spacing unverified),p2,0.5,0.35,spatial valid AND annotation-valid where available,p0-p3-v1,sabids-evaluator-v0-20260828,1.0,1.0,1.0,runs/current/stage2_segment_roi_outside_fold0/validity_v0/group_metrics.csv,pku_0006;column=p2_layer_iou,observed,
current-f0-stage2_segment_roi_outside_fold0,current-f0-e3b-v0-one-frame-original-geometry,E3b,segment,42,0,b85ea0c87d7d49a446b1d3ff5a513a21433654b1d9098b91f83cca4edd220495,52,val,PKU37,pku_0006,,group,p2_layer_background_iou,0.98013904631516,ratio,512x512,640x640,1 px (physical spacing unverified),p2,0.5,0.35,spatial valid AND annotation-valid where available,p0-p3-v1,sabids-evaluator-v0-20260828,1.0,1.0,1.0,runs/current/stage2_segment_roi_outside_fold0/validity_v0/group_metrics.csv,pku_0006;column=p2_layer_background_iou,observed,
current-f0-stage2_segment_roi_outside_fold0,current-f0-e3b-v0-one-frame-original-geometry,E3b,segment,42,0,b85ea0c87d7d49a446b1d3ff5a513a21433654b1d9098b91f83cca4edd220495,52,val,PKU37,pku_0006,,group,p2_layer_miou,0.9313236102276492,ratio,512x512,640x640,1 px (physical spacing unverified),p2,0.5,0.35,spatial valid AND annotation-valid where available,p0-p3-v1,sabids-evaluator-v0-20260828,1.0,1.0,1.0,runs/current/stage2_segment_roi_outside_fold0/validity_v0/group_metrics.csv,pku_0006;column=p2_layer_miou,observed,
current-f0-stage2_segment_roi_outside_fold0,current-f0-e3b-v0-one-frame-original-geometry,E3b,segment,42,0,b85ea0c87d7d49a446b1d3ff5a513a21433654b1d9098b91f83cca4edd220495,52,val,PKU37,pku_0006,,group,p2_layer_precision,0.8976904376030239,ratio,512x512,640x640,1 px (physical spacing unverified),p2,0.5,0.35,spatial valid AND annotation-valid where available,p0-p3-v1,sabids-evaluator-v0-20260828,1.0,1.0,1.0,runs/current/stage2_segment_roi_outside_fold0/validity_v0/group_metrics.csv,pku_0006;column=p2_layer_precision,observed,
current-f0-stage2_segment_roi_outside_fold0,current-f0-e3b-v0-one-frame-original-geometry,E3b,segment,42,0,b85ea0c87d7d49a446b1d3ff5a513a21433654b1d9098b91f83cca4edd220495,52,val,PKU37,pku_0006,,group,p2_layer_recall,0.9811961395807202,ratio,512x512,640x640,1 px (physical spacing unverified),p2,0.5,0.35,spatial valid AND annotation-valid where available,p0-p3-v1,sabids-evaluator-v0-20260828,1.0,1.0,1.0,runs/current/stage2_segment_roi_outside_fold0/validity_v0/group_metrics.csv,pku_0006;column=p2_layer_recall,observed,
current-f0-stage2_segment_roi_outside_fold0,current-f0-e3b-v0-one-frame-original-geometry,E3b,segment,42,0,b85ea0c87d7d49a446b1d3ff5a513a21433654b1d9098b91f83cca4edd220495,52,val,PKU37,pku_0006,,group,p2_layer_specificity,0.9829492218824426,ratio,512x512,640x640,1 px (physical spacing unverified),p2,0.5,0.35,spatial valid AND annotation-valid where available,p0-p3-v1,sabids-evaluator-v0-20260828,1.0,1.0,1.0,runs/current/stage2_segment_roi_outside_fold0/validity_v0/group_metrics.csv,pku_0006;column=p2_layer_specificity,observed,
current-f0-stage2_segment_roi_outside_fold0,current-f0-e3b-v0-one-frame-original-geometry,E3b,segment,42,0,b85ea0c87d7d49a446b1d3ff5a513a21433654b1d9098b91f83cca4edd220495,52,val,PKU37,pku_0006,,group,p2_layer_accuracy,0.9827172851562922,ratio,512x512,640x640,1 px (physical spacing unverified),p2,0.5,0.35,spatial valid AND annotation-valid where available,p0-p3-v1,sabids-evaluator-v0-20260828,1.0,1.0,1.0,runs/current/stage2_segment_roi_outside_fold0/validity_v0/group_metrics.csv,pku_0006;column=p2_layer_accuracy,observed,
current-f0-stage2_segment_roi_outside_fold0,current-f0-e3b-v0-one-frame-original-geometry,E3b,segment,42,0,b85ea0c87d7d49a446b1d3ff5a513a21433654b1d9098b91f83cca4edd220495,52,val,PKU37,pku_0006,,group,p2_upper_boundary_mae,1.2265625,px,512x512,640x640,1 px (physical spacing unverified),p2,0.5,0.35,spatial valid AND annotation-valid where available,p0-p3-v1,sabids-evaluator-v0-20260828,1.0,1.0,1.0,runs/current/stage2_segment_roi_outside_fold0/validity_v0/group_metrics.csv,pku_0006;column=p2_upper_boundary_mae,observed,
current-f0-stage2_segment_roi_outside_fold0,current-f0-e3b-v0-one-frame-original-geometry,E3b,segment,42,0,b85ea0c87d7d49a446b1d3ff5a513a21433654b1d9098b91f83cca4edd220495,52,val,PKU37,pku_0006,,group,p2_lower_boundary_mae,9.834375,px,512x512,640x640,1 px (physical spacing unverified),p2,0.5,0.35,spatial valid AND annotation-valid where available,p0-p3-v1,sabids-evaluator-v0-20260828,1.0,1.0,1.0,runs/current/stage2_segment_roi_outside_fold0/validity_v0/group_metrics.csv,pku_0006;column=p2_lower_boundary_mae,observed,
current-f0-stage2_segment_roi_outside_fold0,current-f0-e3b-v0-one-frame-original-geometry,E3b,segment,42,0,b85ea0c87d7d49a446b1d3ff5a513a21433654b1d9098b91f83cca4edd220495,52,val,PKU37,pku_0006,,group,p2_thickness_mae,10.3359375,px,512x512,640x640,1 px (physical spacing unverified),p2,0.5,0.35,spatial valid AND annotation-valid where available,p0-p3-v1,sabids-evaluator-v0-20260828,1.0,1.0,1.0,runs/current/stage2_segment_roi_outside_fold0/validity_v0/group_metrics.csv,pku_0006;column=p2_thickness_mae,observed,
current-f0-stage2_segment_roi_outside_fold0,current-f0-e3b-v0-one-frame-original-geometry,E3b,segment,42,0,b85ea0c87d7d49a446b1d3ff5a513a21433654b1d9098b91f83cca4edd220495,52,val,PKU37,pku_0006,,group,p0_vessel_dice,0.6858522094383411,ratio,512x512,640x640,1 px (physical spacing unverified),p0,0.5,0.35,spatial valid AND annotation-valid where available,p0-p3-v1,sabids-evaluator-v0-20260828,1.0,1.0,1.0,runs/current/stage2_segment_roi_outside_fold0/validity_v0/group_metrics.csv,pku_0006;column=p0_vessel_dice,observed,
current-f0-stage2_segment_roi_outside_fold0,current-f0-e3b-v0-one-frame-original-geometry,E3b,segment,42,0,b85ea0c87d7d49a446b1d3ff5a513a21433654b1d9098b91f83cca4edd220495,52,val,PKU37,pku_0006,,group,p0_vessel_iou,0.5218988414956548,ratio,512x512,640x640,1 px (physical spacing unverified),p0,0.5,0.35,spatial valid AND annotation-valid where available,p0-p3-v1,sabids-evaluator-v0-20260828,1.0,1.0,1.0,runs/current/stage2_segment_roi_outside_fold0/validity_v0/group_metrics.csv,pku_0006;column=p0_vessel_iou,observed,
current-f0-stage2_segment_roi_outside_fold0,current-f0-e3b-v0-one-frame-original-geometry,E3b,segment,42,0,b85ea0c87d7d49a446b1d3ff5a513a21433654b1d9098b91f83cca4edd220495,52,val,PKU37,pku_0006,,group,p0_vessel_background_iou,0.9612496405643046,ratio,512x512,640x640,1 px (physical spacing unverified),p0,0.5,0.35,spatial valid AND annotation-valid where available,p0-p3-v1,sabids-evaluator-v0-20260828,1.0,1.0,1.0,runs/current/stage2_segment_roi_outside_fold0/validity_v0/group_metrics.csv,pku_0006;column=p0_vessel_background_iou,observed,
current-f0-stage2_segment_roi_outside_fold0,current-f0-e3b-v0-one-frame-original-geometry,E3b,segment,42,0,b85ea0c87d7d49a446b1d3ff5a513a21433654b1d9098b91f83cca4edd220495,52,val,PKU37,pku_0006,,group,p0_vessel_miou,0.7415742410299797,ratio,512x512,640x640,1 px (physical spacing unverified),p0,0.5,0.35,spatial valid AND annotation-valid where available,p0-p3-v1,sabids-evaluator-v0-20260828,1.0,1.0,1.0,runs/current/stage2_segment_roi_outside_fold0/validity_v0/group_metrics.csv,pku_0006;column=p0_vessel_miou,observed,
current-f0-stage2_segment_roi_outside_fold0,current-f0-e3b-v0-one-frame-original-geometry,E3b,segment,42,0,b85ea0c87d7d49a446b1d3ff5a513a21433654b1d9098b91f83cca4edd220495,52,val,PKU37,pku_0006,,group,p0_vessel_precision,0.5972406855316624,ratio,512x512,640x640,1 px (physical spacing unverified),p0,0.5,0.35,spatial valid AND annotation-valid where available,p0-p3-v1,sabids-evaluator-v0-20260828,1.0,1.0,1.0,runs/current/stage2_segment_roi_outside_fold0/validity_v0/group_metrics.csv,pku_0006;column=p0_vessel_precision,observed,
current-f0-stage2_segment_roi_outside_fold0,current-f0-e3b-v0-one-frame-original-geometry,E3b,segment,42,0,b85ea0c87d7d49a446b1d3ff5a513a21433654b1d9098b91f83cca4edd220495,52,val,PKU37,pku_0006,,group,p0_vessel_recall,0.8053388886291682,ratio,512x512,640x640,1 px (physical spacing unverified),p0,0.5,0.35,spatial valid AND annotation-valid where available,p0-p3-v1,sabids-evaluator-v0-20260828,1.0,1.0,1.0,runs/current/stage2_segment_roi_outside_fold0/validity_v0/group_metrics.csv,pku_0006;column=p0_vessel_recall,observed,
current-f0-stage2_segment_roi_outside_fold0,current-f0-e3b-v0-one-frame-original-geometry,E3b,segment,42,0,b85ea0c87d7d49a446b1d3ff5a513a21433654b1d9098b91f83cca4edd220495,52,val,PKU37,pku_0006,,group,p0_vessel_specificity,0.971179481642098,ratio,512x512,640x640,1 px (physical spacing unverified),p0,0.5,0.35,spatial valid AND annotation-valid where available,p0-p3-v1,sabids-evaluator-v0-20260828,1.0,1.0,1.0,runs/current/stage2_segment_roi_outside_fold0/validity_v0/group_metrics.csv,pku_0006;column=p0_vessel_specificity,observed,
current-f0-stage2_segment_roi_outside_fold0,current-f0-e3b-v0-one-frame-original-geometry,E3b,segment,42,0,b85ea0c87d7d49a446b1d3ff5a513a21433654b1d9098b91f83cca4edd220495,52,val,PKU37,pku_0006,,group,p0_vessel_accuracy,0.9628222656250908,ratio,512x512,640x640,1 px (physical spacing unverified),p0,0.5,0.35,spatial valid AND annotation-valid where available,p0-p3-v1,sabids-evaluator-v0-20260828,1.0,1.0,1.0,runs/current/stage2_segment_roi_outside_fold0/validity_v0/group_metrics.csv,pku_0006;column=p0_vessel_accuracy,observed,
current-f0-stage2_segment_roi_outside_fold0,current-f0-e3b-v0-one-frame-original-geometry,E3b,segment,42,0,b85ea0c87d7d49a446b1d3ff5a513a21433654b1d9098b91f83cca4edd220495,52,val,PKU37,pku_0006,,group,p3_raw_pixels,27833.0,px,512x512,640x640,1 px (physical spacing unverified),p3,0.5,0.35,spatial valid AND annotation-valid where available,p0-p3-v1,sabids-evaluator-v0-20260828,1.0,1.0,1.0,runs/current/stage2_segment_roi_outside_fold0/validity_v0/group_metrics.csv,pku_0006;column=p3_raw_pixels,observed,
current-f0-stage2_segment_roi_outside_fold0,current-f0-e3b-v0-one-frame-original-geometry,E3b,segment,42,0,b85ea0c87d7d49a446b1d3ff5a513a21433654b1d9098b91f83cca4edd220495,52,val,PKU37,pku_0006,,group,p3_final_pixels,27216.0,px,512x512,640x640,1 px (physical spacing unverified),p3,0.5,0.35,spatial valid AND annotation-valid where available,p0-p3-v1,sabids-evaluator-v0-20260828,1.0,1.0,1.0,runs/current/stage2_segment_roi_outside_fold0/validity_v0/group_metrics.csv,pku_0006;column=p3_final_pixels,observed,
current-f0-stage2_segment_roi_outside_fold0,current-f0-e3b-v0-one-frame-original-geometry,E3b,segment,42,0,b85ea0c87d7d49a446b1d3ff5a513a21433654b1d9098b91f83cca4edd220495,52,val,PKU37,pku_0006,,group,p3_removed_pixels,617.0,px,512x512,640x640,1 px (physical spacing unverified),p3,0.5,0.35,spatial valid AND annotation-valid where available,p0-p3-v1,sabids-evaluator-v0-20260828,1.0,1.0,1.0,runs/current/stage2_segment_roi_outside_fold0/validity_v0/group_metrics.csv,pku_0006;column=p3_removed_pixels,observed,
current-f0-stage2_segment_roi_outside_fold0,current-f0-e3b-v0-one-frame-original-geometry,E3b,segment,42,0,b85ea0c87d7d49a446b1d3ff5a513a21433654b1d9098b91f83cca4edd220495,52,val,PKU37,pku_0006,,group,p3_removed_fraction,0.0221679301548521,ratio,512x512,640x640,1 px (physical spacing unverified),p3,0.5,0.35,spatial valid AND annotation-valid where available,p0-p3-v1,sabids-evaluator-v0-20260828,1.0,1.0,1.0,runs/current/stage2_segment_roi_outside_fold0/validity_v0/group_metrics.csv,pku_0006;column=p3_removed_fraction,observed,
current-f0-stage2_segment_roi_outside_fold0,current-f0-e3b-v0-one-frame-original-geometry,E3b,segment,42,0,b85ea0c87d7d49a446b1d3ff5a513a21433654b1d9098b91f83cca4edd220495,52,val,PKU37,pku_0006,,group,p3_empty_raw,0.0,ratio,512x512,640x640,1 px (physical spacing unverified),p3,0.5,0.35,spatial valid AND annotation-valid where available,p0-p3-v1,sabids-evaluator-v0-20260828,1.0,1.0,1.0,runs/current/stage2_segment_roi_outside_fold0/validity_v0/group_metrics.csv,pku_0006;column=p3_empty_raw,observed,
current-f0-stage2_segment_roi_outside_fold0,current-f0-e3b-v0-one-frame-original-geometry,E3b,segment,42,0,b85ea0c87d7d49a446b1d3ff5a513a21433654b1d9098b91f83cca4edd220495,52,val,PKU37,pku_0006,,group,p3_empty_final,0.0,ratio,512x512,640x640,1 px (physical spacing unverified),p3,0.5,0.35,spatial valid AND annotation-valid where available,p0-p3-v1,sabids-evaluator-v0-20260828,1.0,1.0,1.0,runs/current/stage2_segment_roi_outside_fold0/validity_v0/group_metrics.csv,pku_0006;column=p3_empty_final,observed,
current-f0-stage2_segment_roi_outside_fold0,current-f0-e3b-v0-one-frame-original-geometry,E3b,segment,42,0,b85ea0c87d7d49a446b1d3ff5a513a21433654b1d9098b91f83cca4edd220495,52,val,PKU37,pku_0006,,group,p3_outside_final_layer_pixels,0.0,px,512x512,640x640,1 px (physical spacing unverified),p3,0.5,0.35,spatial valid AND annotation-valid where available,p0-p3-v1,sabids-evaluator-v0-20260828,1.0,1.0,1.0,runs/current/stage2_segment_roi_outside_fold0/validity_v0/group_metrics.csv,pku_0006;column=p3_outside_final_layer_pixels,observed,
current-f0-stage2_segment_roi_outside_fold0,current-f0-e3b-v0-one-frame-original-geometry,E3b,segment,42,0,b85ea0c87d7d49a446b1d3ff5a513a21433654b1d9098b91f83cca4edd220495,52,val,PKU37,pku_0006,,group,p3_removed_tp,82.0,ratio,512x512,640x640,1 px (physical spacing unverified),p3,0.5,0.35,spatial valid AND annotation-valid where available,p0-p3-v1,sabids-evaluator-v0-20260828,1.0,1.0,1.0,runs/current/stage2_segment_roi_outside_fold0/validity_v0/group_metrics.csv,pku_0006;column=p3_removed_tp,observed,
current-f0-stage2_segment_roi_outside_fold0,current-f0-e3b-v0-one-frame-original-geometry,E3b,segment,42,0,b85ea0c87d7d49a446b1d3ff5a513a21433654b1d9098b91f83cca4edd220495,52,val,PKU37,pku_0006,,group,p3_removed_fp,535.0,ratio,512x512,640x640,1 px (physical spacing unverified),p3,0.5,0.35,spatial valid AND annotation-valid where available,p0-p3-v1,sabids-evaluator-v0-20260828,1.0,1.0,1.0,runs/current/stage2_segment_roi_outside_fold0/validity_v0/group_metrics.csv,pku_0006;column=p3_removed_fp,observed,
current-f0-stage2_segment_roi_outside_fold0,current-f0-e3b-v0-one-frame-original-geometry,E3b,segment,42,0,b85ea0c87d7d49a446b1d3ff5a513a21433654b1d9098b91f83cca4edd220495,52,val,PKU37,pku_0006,,group,p3_vessel_dice,0.6912677351340187,ratio,512x512,640x640,1 px (physical spacing unverified),p3,0.5,0.35,spatial valid AND annotation-valid where available,p0-p3-v1,sabids-evaluator-v0-20260828,1.0,1.0,1.0,runs/current/stage2_segment_roi_outside_fold0/validity_v0/group_metrics.csv,pku_0006;column=p3_vessel_dice,observed,
current-f0-stage2_segment_roi_outside_fold0,current-f0-e3b-v0-one-frame-original-geometry,E3b,segment,42,0,b85ea0c87d7d49a446b1d3ff5a513a21433654b1d9098b91f83cca4edd220495,52,val,PKU37,pku_0006,,group,p3_vessel_iou,0.5281964491145678,ratio,512x512,640x640,1 px (physical spacing unverified),p3,0.5,0.35,spatial valid AND annotation-valid where available,p0-p3-v1,sabids-evaluator-v0-20260828,1.0,1.0,1.0,runs/current/stage2_segment_roi_outside_fold0/validity_v0/group_metrics.csv,pku_0006;column=p3_vessel_iou,observed,
current-f0-stage2_segment_roi_outside_fold0,current-f0-e3b-v0-one-frame-original-geometry,E3b,segment,42,0,b85ea0c87d7d49a446b1d3ff5a513a21433654b1d9098b91f83cca4edd220495,52,val,PKU37,pku_0006,,group,p3_vessel_background_iou,0.9624102234016716,ratio,512x512,640x640,1 px (physical spacing unverified),p3,0.5,0.35,spatial valid AND annotation-valid where available,p0-p3-v1,sabids-evaluator-v0-20260828,1.0,1.0,1.0,runs/current/stage2_segment_roi_outside_fold0/validity_v0/group_metrics.csv,pku_0006;column=p3_vessel_background_iou,observed,
current-f0-stage2_segment_roi_outside_fold0,current-f0-e3b-v0-one-frame-original-geometry,E3b,segment,42,0,b85ea0c87d7d49a446b1d3ff5a513a21433654b1d9098b91f83cca4edd220495,52,val,PKU37,pku_0006,,group,p3_vessel_miou,0.7453033362581196,ratio,512x512,640x640,1 px (physical spacing unverified),p3,0.5,0.35,spatial valid AND annotation-valid where available,p0-p3-v1,sabids-evaluator-v0-20260828,1.0,1.0,1.0,runs/current/stage2_segment_roi_outside_fold0/validity_v0/group_metrics.csv,pku_0006;column=p3_vessel_miou,observed,
current-f0-stage2_segment_roi_outside_fold0,current-f0-e3b-v0-one-frame-original-geometry,E3b,segment,42,0,b85ea0c87d7d49a446b1d3ff5a513a21433654b1d9098b91f83cca4edd220495,52,val,PKU37,pku_0006,,group,p3_vessel_precision,0.607767489726346,ratio,512x512,640x640,1 px (physical spacing unverified),p3,0.5,0.35,spatial valid AND annotation-valid where available,p0-p3-v1,sabids-evaluator-v0-20260828,1.0,1.0,1.0,runs/current/stage2_segment_roi_outside_fold0/validity_v0/group_metrics.csv,pku_0006;column=p3_vessel_precision,observed,
current-f0-stage2_segment_roi_outside_fold0,current-f0-e3b-v0-one-frame-original-geometry,E3b,segment,42,0,b85ea0c87d7d49a446b1d3ff5a513a21433654b1d9098b91f83cca4edd220495,52,val,PKU37,pku_0006,,group,p3_vessel_recall,0.8013662128869063,ratio,512x512,640x640,1 px (physical spacing unverified),p3,0.5,0.35,spatial valid AND annotation-valid where available,p0-p3-v1,sabids-evaluator-v0-20260828,1.0,1.0,1.0,runs/current/stage2_segment_roi_outside_fold0/validity_v0/group_metrics.csv,pku_0006;column=p3_vessel_recall,observed,
current-f0-stage2_segment_roi_outside_fold0,current-f0-e3b-v0-one-frame-original-geometry,E3b,segment,42,0,b85ea0c87d7d49a446b1d3ff5a513a21433654b1d9098b91f83cca4edd220495,52,val,PKU37,pku_0006,,group,p3_vessel_specificity,0.9725549479508828,ratio,512x512,640x640,1 px (physical spacing unverified),p3,0.5,0.35,spatial valid AND annotation-valid where available,p0-p3-v1,sabids-evaluator-v0-20260828,1.0,1.0,1.0,runs/current/stage2_segment_roi_outside_fold0/validity_v0/group_metrics.csv,pku_0006;column=p3_vessel_specificity,observed,
current-f0-stage2_segment_roi_outside_fold0,current-f0-e3b-v0-one-frame-original-geometry,E3b,segment,42,0,b85ea0c87d7d49a446b1d3ff5a513a21433654b1d9098b91f83cca4edd220495,52,val,PKU37,pku_0006,,group,p3_vessel_accuracy,0.963928222656338,ratio,512x512,640x640,1 px (physical spacing unverified),p3,0.5,0.35,spatial valid AND annotation-valid where available,p0-p3-v1,sabids-evaluator-v0-20260828,1.0,1.0,1.0,runs/current/stage2_segment_roi_outside_fold0/validity_v0/group_metrics.csv,pku_0006;column=p3_vessel_accuracy,observed,
current-f0-stage2_segment_roi_outside_fold0,current-f0-e3b-v0-one-frame-original-geometry,E3b,segment,42,0,b85ea0c87d7d49a446b1d3ff5a513a21433654b1d9098b91f83cca4edd220495,52,val,PKU37,pku_0006,,group,n_evaluated_frames,1.0,ratio,512x512,640x640,1 px (physical spacing unverified),raw,0.5,0.35,spatial valid AND annotation-valid where available,none,sabids-evaluator-v0-20260828,1.0,1.0,1.0,runs/current/stage2_segment_roi_outside_fold0/validity_v0/group_metrics.csv,pku_0006;column=n_evaluated_frames,observed,
current-f0-stage2_segment_roi_outside_fold0,current-f0-e3b-v0-one-frame-original-geometry,E3b,segment,42,0,b85ea0c87d7d49a446b1d3ff5a513a21433654b1d9098b91f83cca4edd220495,52,val,PKU37,pku_0012,,group,original_height,640.0,ratio,512x512,640x640,1 px (physical spacing unverified),raw,0.5,0.35,spatial valid AND annotation-valid where available,none,sabids-evaluator-v0-20260828,1.0,1.0,1.0,runs/current/stage2_segment_roi_outside_fold0/validity_v0/group_metrics.csv,pku_0012;column=original_height,observed,
current-f0-stage2_segment_roi_outside_fold0,current-f0-e3b-v0-one-frame-original-geometry,E3b,segment,42,0,b85ea0c87d7d49a446b1d3ff5a513a21433654b1d9098b91f83cca4edd220495,52,val,PKU37,pku_0012,,group,original_width,640.0,ratio,512x512,640x640,1 px (physical spacing unverified),raw,0.5,0.35,spatial valid AND annotation-valid where available,none,sabids-evaluator-v0-20260828,1.0,1.0,1.0,runs/current/stage2_segment_roi_outside_fold0/validity_v0/group_metrics.csv,pku_0012;column=original_width,observed,
current-f0-stage2_segment_roi_outside_fold0,current-f0-e3b-v0-one-frame-original-geometry,E3b,segment,42,0,b85ea0c87d7d49a446b1d3ff5a513a21433654b1d9098b91f83cca4edd220495,52,val,PKU37,pku_0012,,group,model_input_height,512.0,ratio,512x512,640x640,1 px (physical spacing unverified),raw,0.5,0.35,spatial valid AND annotation-valid where available,none,sabids-evaluator-v0-20260828,1.0,1.0,1.0,runs/current/stage2_segment_roi_outside_fold0/validity_v0/group_metrics.csv,pku_0012;column=model_input_height,observed,
current-f0-stage2_segment_roi_outside_fold0,current-f0-e3b-v0-one-frame-original-geometry,E3b,segment,42,0,b85ea0c87d7d49a446b1d3ff5a513a21433654b1d9098b91f83cca4edd220495,52,val,PKU37,pku_0012,,group,model_input_width,512.0,ratio,512x512,640x640,1 px (physical spacing unverified),raw,0.5,0.35,spatial valid AND annotation-valid where available,none,sabids-evaluator-v0-20260828,1.0,1.0,1.0,runs/current/stage2_segment_roi_outside_fold0/validity_v0/group_metrics.csv,pku_0012;column=model_input_width,observed,
current-f0-stage2_segment_roi_outside_fold0,current-f0-e3b-v0-one-frame-original-geometry,E3b,segment,42,0,b85ea0c87d7d49a446b1d3ff5a513a21433654b1d9098b91f83cca4edd220495,52,val,PKU37,pku_0012,,group,manifest_group_frames,50.0,ratio,512x512,640x640,1 px (physical spacing unverified),raw,0.5,0.35,spatial valid AND annotation-valid where available,none,sabids-evaluator-v0-20260828,1.0,1.0,1.0,runs/current/stage2_segment_roi_outside_fold0/validity_v0/group_metrics.csv,pku_0012;column=manifest_group_frames,observed,
current-f0-stage2_segment_roi_outside_fold0,current-f0-e3b-v0-one-frame-original-geometry,E3b,segment,42,0,b85ea0c87d7d49a446b1d3ff5a513a21433654b1d9098b91f83cca4edd220495,52,val,PKU37,pku_0012,,group,evaluation_height,640.0,ratio,512x512,640x640,1 px (physical spacing unverified),raw,0.5,0.35,spatial valid AND annotation-valid where available,none,sabids-evaluator-v0-20260828,1.0,1.0,1.0,runs/current/stage2_segment_roi_outside_fold0/validity_v0/group_metrics.csv,pku_0012;column=evaluation_height,observed,
current-f0-stage2_segment_roi_outside_fold0,current-f0-e3b-v0-one-frame-original-geometry,E3b,segment,42,0,b85ea0c87d7d49a446b1d3ff5a513a21433654b1d9098b91f83cca4edd220495,52,val,PKU37,pku_0012,,group,evaluation_width,640.0,ratio,512x512,640x640,1 px (physical spacing unverified),raw,0.5,0.35,spatial valid AND annotation-valid where available,none,sabids-evaluator-v0-20260828,1.0,1.0,1.0,runs/current/stage2_segment_roi_outside_fold0/validity_v0/group_metrics.csv,pku_0012;column=evaluation_width,observed,
current-f0-stage2_segment_roi_outside_fold0,current-f0-e3b-v0-one-frame-original-geometry,E3b,segment,42,0,b85ea0c87d7d49a446b1d3ff5a513a21433654b1d9098b91f83cca4edd220495,52,val,PKU37,pku_0012,,group,pred_layer_vessel_dice,0.6661845175597864,ratio,512x512,640x640,1 px (physical spacing unverified),raw,0.5,0.35,spatial valid AND annotation-valid where available,none,sabids-evaluator-v0-20260828,1.0,1.0,1.0,runs/current/stage2_segment_roi_outside_fold0/validity_v0/group_metrics.csv,pku_0012;column=pred_layer_vessel_dice,observed,
current-f0-stage2_segment_roi_outside_fold0,current-f0-e3b-v0-one-frame-original-geometry,E3b,segment,42,0,b85ea0c87d7d49a446b1d3ff5a513a21433654b1d9098b91f83cca4edd220495,52,val,PKU37,pku_0012,,group,pred_vessel_fraction_of_layer,0.5232022291287107,ratio,512x512,640x640,1 px (physical spacing unverified),raw,0.5,0.35,spatial valid AND annotation-valid where available,none,sabids-evaluator-v0-20260828,1.0,1.0,1.0,runs/current/stage2_segment_roi_outside_fold0/validity_v0/group_metrics.csv,pku_0012;column=pred_vessel_fraction_of_layer,observed,
current-f0-stage2_segment_roi_outside_fold0,current-f0-e3b-v0-one-frame-original-geometry,E3b,segment,42,0,b85ea0c87d7d49a446b1d3ff5a513a21433654b1d9098b91f83cca4edd220495,52,val,PKU37,pku_0012,,group,pred_vessel_outside_layer_fraction,0.083295778879375,ratio,512x512,640x640,1 px (physical spacing unverified),raw,0.5,0.35,spatial valid AND annotation-valid where available,none,sabids-evaluator-v0-20260828,1.0,1.0,1.0,runs/current/stage2_segment_roi_outside_fold0/validity_v0/group_metrics.csv,pku_0012;column=pred_vessel_outside_layer_fraction,observed,
current-f0-stage2_segment_roi_outside_fold0,current-f0-e3b-v0-one-frame-original-geometry,E3b,segment,42,0,b85ea0c87d7d49a446b1d3ff5a513a21433654b1d9098b91f83cca4edd220495,52,val,PKU37,pku_0012,,group,psnr,34.54404650347448,dB,512x512,640x640,1 px (physical spacing unverified),raw,0.5,0.35,spatial valid AND annotation-valid where available,none,sabids-evaluator-v0-20260828,1.0,1.0,1.0,runs/current/stage2_segment_roi_outside_fold0/validity_v0/group_metrics.csv,pku_0012;column=psnr,observed,
current-f0-stage2_segment_roi_outside_fold0,current-f0-e3b-v0-one-frame-original-geometry,E3b,segment,42,0,b85ea0c87d7d49a446b1d3ff5a513a21433654b1d9098b91f83cca4edd220495,52,val,PKU37,pku_0012,,group,psnr_noisy,25.61258123559796,dB,512x512,640x640,1 px (physical spacing unverified),raw,0.5,0.35,spatial valid AND annotation-valid where available,none,sabids-evaluator-v0-20260828,1.0,1.0,1.0,runs/current/stage2_segment_roi_outside_fold0/validity_v0/group_metrics.csv,pku_0012;column=psnr_noisy,observed,
current-f0-stage2_segment_roi_outside_fold0,current-f0-e3b-v0-one-frame-original-geometry,E3b,segment,42,0,b85ea0c87d7d49a446b1d3ff5a513a21433654b1d9098b91f83cca4edd220495,52,val,PKU37,pku_0012,,group,psnr_gain_db,8.931465267876515,dB,512x512,640x640,1 px (physical spacing unverified),raw,0.5,0.35,spatial valid AND annotation-valid where available,none,sabids-evaluator-v0-20260828,1.0,1.0,1.0,runs/current/stage2_segment_roi_outside_fold0/validity_v0/group_metrics.csv,pku_0012;column=psnr_gain_db,observed,
current-f0-stage2_segment_roi_outside_fold0,current-f0-e3b-v0-one-frame-original-geometry,E3b,segment,42,0,b85ea0c87d7d49a446b1d3ff5a513a21433654b1d9098b91f83cca4edd220495,52,val,PKU37,pku_0012,,group,ssim,0.9055838898981182,ratio,512x512,640x640,1 px (physical spacing unverified),raw,0.5,0.35,spatial valid AND annotation-valid where available,none,sabids-evaluator-v0-20260828,1.0,1.0,1.0,runs/current/stage2_segment_roi_outside_fold0/validity_v0/group_metrics.csv,pku_0012;column=ssim,observed,
current-f0-stage2_segment_roi_outside_fold0,current-f0-e3b-v0-one-frame-original-geometry,E3b,segment,42,0,b85ea0c87d7d49a446b1d3ff5a513a21433654b1d9098b91f83cca4edd220495,52,val,PKU37,pku_0012,,group,ssim_noisy,0.3715191169691095,ratio,512x512,640x640,1 px (physical spacing unverified),raw,0.5,0.35,spatial valid AND annotation-valid where available,none,sabids-evaluator-v0-20260828,1.0,1.0,1.0,runs/current/stage2_segment_roi_outside_fold0/validity_v0/group_metrics.csv,pku_0012;column=ssim_noisy,observed,
current-f0-stage2_segment_roi_outside_fold0,current-f0-e3b-v0-one-frame-original-geometry,E3b,segment,42,0,b85ea0c87d7d49a446b1d3ff5a513a21433654b1d9098b91f83cca4edd220495,52,val,PKU37,pku_0012,,group,ssim_gain,0.5340647729290087,ratio,512x512,640x640,1 px (physical spacing unverified),raw,0.5,0.35,spatial valid AND annotation-valid where available,none,sabids-evaluator-v0-20260828,1.0,1.0,1.0,runs/current/stage2_segment_roi_outside_fold0/validity_v0/group_metrics.csv,pku_0012;column=ssim_gain,observed,
current-f0-stage2_segment_roi_outside_fold0,current-f0-e3b-v0-one-frame-original-geometry,E3b,segment,42,0,b85ea0c87d7d49a446b1d3ff5a513a21433654b1d9098b91f83cca4edd220495,52,val,PKU37,pku_0012,,group,rmse,0.0187412112387636,ratio,512x512,640x640,1 px (physical spacing unverified),raw,0.5,0.35,spatial valid AND annotation-valid where available,none,sabids-evaluator-v0-20260828,1.0,1.0,1.0,runs/current/stage2_segment_roi_outside_fold0/validity_v0/group_metrics.csv,pku_0012;column=rmse,observed,
current-f0-stage2_segment_roi_outside_fold0,current-f0-e3b-v0-one-frame-original-geometry,E3b,segment,42,0,b85ea0c87d7d49a446b1d3ff5a513a21433654b1d9098b91f83cca4edd220495,52,val,PKU37,pku_0012,,group,rmse_noisy,0.0524047851351695,ratio,512x512,640x640,1 px (physical spacing unverified),raw,0.5,0.35,spatial valid AND annotation-valid where available,none,sabids-evaluator-v0-20260828,1.0,1.0,1.0,runs/current/stage2_segment_roi_outside_fold0/validity_v0/group_metrics.csv,pku_0012;column=rmse_noisy,observed,
current-f0-stage2_segment_roi_outside_fold0,current-f0-e3b-v0-one-frame-original-geometry,E3b,segment,42,0,b85ea0c87d7d49a446b1d3ff5a513a21433654b1d9098b91f83cca4edd220495,52,val,PKU37,pku_0012,,group,rmse_reduction,0.0336635738964059,ratio,512x512,640x640,1 px (physical spacing unverified),raw,0.5,0.35,spatial valid AND annotation-valid where available,none,sabids-evaluator-v0-20260828,1.0,1.0,1.0,runs/current/stage2_segment_roi_outside_fold0/validity_v0/group_metrics.csv,pku_0012;column=rmse_reduction,observed,
current-f0-stage2_segment_roi_outside_fold0,current-f0-e3b-v0-one-frame-original-geometry,E3b,segment,42,0,b85ea0c87d7d49a446b1d3ff5a513a21433654b1d9098b91f83cca4edd220495,52,val,PKU37,pku_0012,,group,epi,0.7249736103356066,ratio,512x512,640x640,1 px (physical spacing unverified),raw,0.5,0.35,spatial valid AND annotation-valid where available,none,sabids-evaluator-v0-20260828,1.0,1.0,1.0,runs/current/stage2_segment_roi_outside_fold0/validity_v0/group_metrics.csv,pku_0012;column=epi,observed,
current-f0-stage2_segment_roi_outside_fold0,current-f0-e3b-v0-one-frame-original-geometry,E3b,segment,42,0,b85ea0c87d7d49a446b1d3ff5a513a21433654b1d9098b91f83cca4edd220495,52,val,PKU37,pku_0012,,group,epi_noisy,0.245733943256135,ratio,512x512,640x640,1 px (physical spacing unverified),raw,0.5,0.35,spatial valid AND annotation-valid where available,none,sabids-evaluator-v0-20260828,1.0,1.0,1.0,runs/current/stage2_segment_roi_outside_fold0/validity_v0/group_metrics.csv,pku_0012;column=epi_noisy,observed,
current-f0-stage2_segment_roi_outside_fold0,current-f0-e3b-v0-one-frame-original-geometry,E3b,segment,42,0,b85ea0c87d7d49a446b1d3ff5a513a21433654b1d9098b91f83cca4edd220495,52,val,PKU37,pku_0012,,group,epi_gain,0.4792396670794716,ratio,512x512,640x640,1 px (physical spacing unverified),raw,0.5,0.35,spatial valid AND annotation-valid where available,none,sabids-evaluator-v0-20260828,1.0,1.0,1.0,runs/current/stage2_segment_roi_outside_fold0/validity_v0/group_metrics.csv,pku_0012;column=epi_gain,observed,
current-f0-stage2_segment_roi_outside_fold0,current-f0-e3b-v0-one-frame-original-geometry,E3b,segment,42,0,b85ea0c87d7d49a446b1d3ff5a513a21433654b1d9098b91f83cca4edd220495,52,val,PKU37,pku_0012,,group,snr_noisy_db,13.46336410315862,dB,512x512,640x640,1 px (physical spacing unverified),raw,0.5,0.35,spatial valid AND annotation-valid where available,none,sabids-evaluator-v0-20260828,1.0,1.0,1.0,runs/current/stage2_segment_roi_outside_fold0/validity_v0/group_metrics.csv,pku_0012;column=snr_noisy_db,observed,
current-f0-stage2_segment_roi_outside_fold0,current-f0-e3b-v0-one-frame-original-geometry,E3b,segment,42,0,b85ea0c87d7d49a446b1d3ff5a513a21433654b1d9098b91f83cca4edd220495,52,val,PKU37,pku_0012,,group,snr_denoised_db,22.394829881044966,dB,512x512,640x640,1 px (physical spacing unverified),raw,0.5,0.35,spatial valid AND annotation-valid where available,none,sabids-evaluator-v0-20260828,1.0,1.0,1.0,runs/current/stage2_segment_roi_outside_fold0/validity_v0/group_metrics.csv,pku_0012;column=snr_denoised_db,observed,
current-f0-stage2_segment_roi_outside_fold0,current-f0-e3b-v0-one-frame-original-geometry,E3b,segment,42,0,b85ea0c87d7d49a446b1d3ff5a513a21433654b1d9098b91f83cca4edd220495,52,val,PKU37,pku_0012,,group,snr_gain_db,8.931465777886347,dB,512x512,640x640,1 px (physical spacing unverified),raw,0.5,0.35,spatial valid AND annotation-valid where available,none,sabids-evaluator-v0-20260828,1.0,1.0,1.0,runs/current/stage2_segment_roi_outside_fold0/validity_v0/group_metrics.csv,pku_0012;column=snr_gain_db,observed,
current-f0-stage2_segment_roi_outside_fold0,current-f0-e3b-v0-one-frame-original-geometry,E3b,segment,42,0,b85ea0c87d7d49a446b1d3ff5a513a21433654b1d9098b91f83cca4edd220495,52,val,PKU37,pku_0012,,group,cnr_noisy_auto,1.8484427401015944,ratio,512x512,640x640,1 px (physical spacing unverified),raw,0.5,0.35,spatial valid AND annotation-valid where available,none,sabids-evaluator-v0-20260828,1.0,1.0,1.0,runs/current/stage2_segment_roi_outside_fold0/validity_v0/group_metrics.csv,pku_0012;column=cnr_noisy_auto,observed,
current-f0-stage2_segment_roi_outside_fold0,current-f0-e3b-v0-one-frame-original-geometry,E3b,segment,42,0,b85ea0c87d7d49a446b1d3ff5a513a21433654b1d9098b91f83cca4edd220495,52,val,PKU37,pku_0012,,group,cnr_denoised_auto,2.345805140897072,ratio,512x512,640x640,1 px (physical spacing unverified),raw,0.5,0.35,spatial valid AND annotation-valid where available,none,sabids-evaluator-v0-20260828,1.0,1.0,1.0,runs/current/stage2_segment_roi_outside_fold0/validity_v0/group_metrics.csv,pku_0012;column=cnr_denoised_auto,observed,
current-f0-stage2_segment_roi_outside_fold0,current-f0-e3b-v0-one-frame-original-geometry,E3b,segment,42,0,b85ea0c87d7d49a446b1d3ff5a513a21433654b1d9098b91f83cca4edd220495,52,val,PKU37,pku_0012,,group,cnr_clean_auto,2.4396836541757323,ratio,512x512,640x640,1 px (physical spacing unverified),raw,0.5,0.35,spatial valid AND annotation-valid where available,none,sabids-evaluator-v0-20260828,1.0,1.0,1.0,runs/current/stage2_segment_roi_outside_fold0/validity_v0/group_metrics.csv,pku_0012;column=cnr_clean_auto,observed,
current-f0-stage2_segment_roi_outside_fold0,current-f0-e3b-v0-one-frame-original-geometry,E3b,segment,42,0,b85ea0c87d7d49a446b1d3ff5a513a21433654b1d9098b91f83cca4edd220495,52,val,PKU37,pku_0012,,group,cnr_error_auto,0.0938785132786605,ratio,512x512,640x640,1 px (physical spacing unverified),raw,0.5,0.35,spatial valid AND annotation-valid where available,none,sabids-evaluator-v0-20260828,1.0,1.0,1.0,runs/current/stage2_segment_roi_outside_fold0/validity_v0/group_metrics.csv,pku_0012;column=cnr_error_auto,observed,
current-f0-stage2_segment_roi_outside_fold0,current-f0-e3b-v0-one-frame-original-geometry,E3b,segment,42,0,b85ea0c87d7d49a446b1d3ff5a513a21433654b1d9098b91f83cca4edd220495,52,val,PKU37,pku_0012,,group,layer_roi_mse,0.0006212907028384,ratio,512x512,640x640,1 px (physical spacing unverified),raw,0.5,0.35,spatial valid AND annotation-valid where available,none,sabids-evaluator-v0-20260828,1.0,1.0,1.0,runs/current/stage2_segment_roi_outside_fold0/validity_v0/group_metrics.csv,pku_0012;column=layer_roi_mse,observed,
current-f0-stage2_segment_roi_outside_fold0,current-f0-e3b-v0-one-frame-original-geometry,E3b,segment,42,0,b85ea0c87d7d49a446b1d3ff5a513a21433654b1d9098b91f83cca4edd220495,52,val,PKU37,pku_0012,,group,layer_roi_mse_noisy,0.003298700787127,ratio,512x512,640x640,1 px (physical spacing unverified),raw,0.5,0.35,spatial valid AND annotation-valid where available,none,sabids-evaluator-v0-20260828,1.0,1.0,1.0,runs/current/stage2_segment_roi_outside_fold0/validity_v0/group_metrics.csv,pku_0012;column=layer_roi_mse_noisy,observed,
current-f0-stage2_segment_roi_outside_fold0,current-f0-e3b-v0-one-frame-original-geometry,E3b,segment,42,0,b85ea0c87d7d49a446b1d3ff5a513a21433654b1d9098b91f83cca4edd220495,52,val,PKU37,pku_0012,,group,layer_roi_psnr,32.06705145237953,dB,512x512,640x640,1 px (physical spacing unverified),raw,0.5,0.35,spatial valid AND annotation-valid where available,none,sabids-evaluator-v0-20260828,1.0,1.0,1.0,runs/current/stage2_segment_roi_outside_fold0/validity_v0/group_metrics.csv,pku_0012;column=layer_roi_psnr,observed,
current-f0-stage2_segment_roi_outside_fold0,current-f0-e3b-v0-one-frame-original-geometry,E3b,segment,42,0,b85ea0c87d7d49a446b1d3ff5a513a21433654b1d9098b91f83cca4edd220495,52,val,PKU37,pku_0012,,group,layer_roi_psnr_noisy,24.816570759044755,dB,512x512,640x640,1 px (physical spacing unverified),raw,0.5,0.35,spatial valid AND annotation-valid where available,none,sabids-evaluator-v0-20260828,1.0,1.0,1.0,runs/current/stage2_segment_roi_outside_fold0/validity_v0/group_metrics.csv,pku_0012;column=layer_roi_psnr_noisy,observed,
current-f0-stage2_segment_roi_outside_fold0,current-f0-e3b-v0-one-frame-original-geometry,E3b,segment,42,0,b85ea0c87d7d49a446b1d3ff5a513a21433654b1d9098b91f83cca4edd220495,52,val,PKU37,pku_0012,,group,layer_dice,0.948274767818779,ratio,512x512,640x640,1 px (physical spacing unverified),raw,0.5,0.35,spatial valid AND annotation-valid where available,none,sabids-evaluator-v0-20260828,1.0,1.0,1.0,runs/current/stage2_segment_roi_outside_fold0/validity_v0/group_metrics.csv,pku_0012;column=layer_dice,observed,
current-f0-stage2_segment_roi_outside_fold0,current-f0-e3b-v0-one-frame-original-geometry,E3b,segment,42,0,b85ea0c87d7d49a446b1d3ff5a513a21433654b1d9098b91f83cca4edd220495,52,val,PKU37,pku_0012,,group,layer_iou,0.9016373657339656,ratio,512x512,640x640,1 px (physical spacing unverified),raw,0.5,0.35,spatial valid AND annotation-valid where available,none,sabids-evaluator-v0-20260828,1.0,1.0,1.0,runs/current/stage2_segment_roi_outside_fold0/validity_v0/group_metrics.csv,pku_0012;column=layer_iou,observed,
current-f0-stage2_segment_roi_outside_fold0,current-f0-e3b-v0-one-frame-original-geometry,E3b,segment,42,0,b85ea0c87d7d49a446b1d3ff5a513a21433654b1d9098b91f83cca4edd220495,52,val,PKU37,pku_0012,,group,layer_background_iou,0.9865945127969312,ratio,512x512,640x640,1 px (physical spacing unverified),raw,0.5,0.35,spatial valid AND annotation-valid where available,none,sabids-evaluator-v0-20260828,1.0,1.0,1.0,runs/current/stage2_segment_roi_outside_fold0/validity_v0/group_metrics.csv,pku_0012;column=layer_background_iou,observed,
current-f0-stage2_segment_roi_outside_fold0,current-f0-e3b-v0-one-frame-original-geometry,E3b,segment,42,0,b85ea0c87d7d49a446b1d3ff5a513a21433654b1d9098b91f83cca4edd220495,52,val,PKU37,pku_0012,,group,layer_miou,0.9441159392654483,ratio,512x512,640x640,1 px (physical spacing unverified),raw,0.5,0.35,spatial valid AND annotation-valid where available,none,sabids-evaluator-v0-20260828,1.0,1.0,1.0,runs/current/stage2_segment_roi_outside_fold0/validity_v0/group_metrics.csv,pku_0012;column=layer_miou,observed,
current-f0-stage2_segment_roi_outside_fold0,current-f0-e3b-v0-one-frame-original-geometry,E3b,segment,42,0,b85ea0c87d7d49a446b1d3ff5a513a21433654b1d9098b91f83cca4edd220495,52,val,PKU37,pku_0012,,group,layer_precision,0.96075447433371,ratio,512x512,640x640,1 px (physical spacing unverified),raw,0.5,0.35,spatial valid AND annotation-valid where available,none,sabids-evaluator-v0-20260828,1.0,1.0,1.0,runs/current/stage2_segment_roi_outside_fold0/validity_v0/group_metrics.csv,pku_0012;column=layer_precision,observed,
current-f0-stage2_segment_roi_outside_fold0,current-f0-e3b-v0-one-frame-original-geometry,E3b,segment,42,0,b85ea0c87d7d49a446b1d3ff5a513a21433654b1d9098b91f83cca4edd220495,52,val,PKU37,pku_0012,,group,layer_recall,0.936115113924856,ratio,512x512,640x640,1 px (physical spacing unverified),raw,0.5,0.35,spatial valid AND annotation-valid where available,none,sabids-evaluator-v0-20260828,1.0,1.0,1.0,runs/current/stage2_segment_roi_outside_fold0/validity_v0/group_metrics.csv,pku_0012;column=layer_recall,observed,
current-f0-stage2_segment_roi_outside_fold0,current-f0-e3b-v0-one-frame-original-geometry,E3b,segment,42,0,b85ea0c87d7d49a446b1d3ff5a513a21433654b1d9098b91f83cca4edd220495,52,val,PKU37,pku_0012,,group,layer_specificity,0.9949380316656532,ratio,512x512,640x640,1 px (physical spacing unverified),raw,0.5,0.35,spatial valid AND annotation-valid where available,none,sabids-evaluator-v0-20260828,1.0,1.0,1.0,runs/current/stage2_segment_roi_outside_fold0/validity_v0/group_metrics.csv,pku_0012;column=layer_specificity,observed,
current-f0-stage2_segment_roi_outside_fold0,current-f0-e3b-v0-one-frame-original-geometry,E3b,segment,42,0,b85ea0c87d7d49a446b1d3ff5a513a21433654b1d9098b91f83cca4edd220495,52,val,PKU37,pku_0012,,group,layer_accuracy,0.9880615234375292,ratio,512x512,640x640,1 px (physical spacing unverified),raw,0.5,0.35,spatial valid AND annotation-valid where available,none,sabids-evaluator-v0-20260828,1.0,1.0,1.0,runs/current/stage2_segment_roi_outside_fold0/validity_v0/group_metrics.csv,pku_0012;column=layer_accuracy,observed,
current-f0-stage2_segment_roi_outside_fold0,current-f0-e3b-v0-one-frame-original-geometry,E3b,segment,42,0,b85ea0c87d7d49a446b1d3ff5a513a21433654b1d9098b91f83cca4edd220495,52,val,PKU37,pku_0012,,group,layer_hd95,14.866068747318506,px,512x512,640x640,1 px (physical spacing unverified),raw,0.5,0.35,spatial valid AND annotation-valid where available,none,sabids-evaluator-v0-20260828,1.0,1.0,1.0,runs/current/stage2_segment_roi_outside_fold0/validity_v0/group_metrics.csv,pku_0012;column=layer_hd95,observed,
current-f0-stage2_segment_roi_outside_fold0,current-f0-e3b-v0-one-frame-original-geometry,E3b,segment,42,0,b85ea0c87d7d49a446b1d3ff5a513a21433654b1d9098b91f83cca4edd220495,52,val,PKU37,pku_0012,,group,layer_assd,3.142516604746078,px,512x512,640x640,1 px (physical spacing unverified),raw,0.5,0.35,spatial valid AND annotation-valid where available,none,sabids-evaluator-v0-20260828,1.0,1.0,1.0,runs/current/stage2_segment_roi_outside_fold0/validity_v0/group_metrics.csv,pku_0012;column=layer_assd,observed,
current-f0-stage2_segment_roi_outside_fold0,current-f0-e3b-v0-one-frame-original-geometry,E3b,segment,42,0,b85ea0c87d7d49a446b1d3ff5a513a21433654b1d9098b91f83cca4edd220495,52,val,PKU37,pku_0012,,group,upper_boundary_mae,1.6,px,512x512,640x640,1 px (physical spacing unverified),raw,0.5,0.35,spatial valid AND annotation-valid where available,none,sabids-evaluator-v0-20260828,1.0,1.0,1.0,runs/current/stage2_segment_roi_outside_fold0/validity_v0/group_metrics.csv,pku_0012;column=upper_boundary_mae,observed,
current-f0-stage2_segment_roi_outside_fold0,current-f0-e3b-v0-one-frame-original-geometry,E3b,segment,42,0,b85ea0c87d7d49a446b1d3ff5a513a21433654b1d9098b91f83cca4edd220495,52,val,PKU37,pku_0012,,group,lower_boundary_mae,6.9640625,px,512x512,640x640,1 px (physical spacing unverified),raw,0.5,0.35,spatial valid AND annotation-valid where available,none,sabids-evaluator-v0-20260828,1.0,1.0,1.0,runs/current/stage2_segment_roi_outside_fold0/validity_v0/group_metrics.csv,pku_0012;column=lower_boundary_mae,observed,
current-f0-stage2_segment_roi_outside_fold0,current-f0-e3b-v0-one-frame-original-geometry,E3b,segment,42,0,b85ea0c87d7d49a446b1d3ff5a513a21433654b1d9098b91f83cca4edd220495,52,val,PKU37,pku_0012,,group,thickness_mae,7.2453125,px,512x512,640x640,1 px (physical spacing unverified),raw,0.5,0.35,spatial valid AND annotation-valid where available,none,sabids-evaluator-v0-20260828,1.0,1.0,1.0,runs/current/stage2_segment_roi_outside_fold0/validity_v0/group_metrics.csv,pku_0012;column=thickness_mae,observed,
current-f0-stage2_segment_roi_outside_fold0,current-f0-e3b-v0-one-frame-original-geometry,E3b,segment,42,0,b85ea0c87d7d49a446b1d3ff5a513a21433654b1d9098b91f83cca4edd220495,52,val,PKU37,pku_0012,,group,layer_surface_dice,0.7481576417814803,ratio,512x512,640x640,1 px (physical spacing unverified),raw,0.5,0.35,spatial valid AND annotation-valid where available,none,sabids-evaluator-v0-20260828,1.0,1.0,1.0,runs/current/stage2_segment_roi_outside_fold0/validity_v0/group_metrics.csv,pku_0012;column=layer_surface_dice,observed,
current-f0-stage2_segment_roi_outside_fold0,current-f0-e3b-v0-one-frame-original-geometry,E3b,segment,42,0,b85ea0c87d7d49a446b1d3ff5a513a21433654b1d9098b91f83cca4edd220495,52,val,PKU37,pku_0012,,group,upper_boundary_signed_bias,0.36875,ratio,512x512,640x640,1 px (physical spacing unverified),raw,0.5,0.35,spatial valid AND annotation-valid where available,none,sabids-evaluator-v0-20260828,1.0,1.0,1.0,runs/current/stage2_segment_roi_outside_fold0/validity_v0/group_metrics.csv,pku_0012;column=upper_boundary_signed_bias,observed,
current-f0-stage2_segment_roi_outside_fold0,current-f0-e3b-v0-one-frame-original-geometry,E3b,segment,42,0,b85ea0c87d7d49a446b1d3ff5a513a21433654b1d9098b91f83cca4edd220495,52,val,PKU37,pku_0012,,group,lower_boundary_signed_bias,-0.4828125,ratio,512x512,640x640,1 px (physical spacing unverified),raw,0.5,0.35,spatial valid AND annotation-valid where available,none,sabids-evaluator-v0-20260828,1.0,1.0,1.0,runs/current/stage2_segment_roi_outside_fold0/validity_v0/group_metrics.csv,pku_0012;column=lower_boundary_signed_bias,observed,
current-f0-stage2_segment_roi_outside_fold0,current-f0-e3b-v0-one-frame-original-geometry,E3b,segment,42,0,b85ea0c87d7d49a446b1d3ff5a513a21433654b1d9098b91f83cca4edd220495,52,val,PKU37,pku_0012,,group,thickness_signed_bias,-0.8515625,ratio,512x512,640x640,1 px (physical spacing unverified),raw,0.5,0.35,spatial valid AND annotation-valid where available,none,sabids-evaluator-v0-20260828,1.0,1.0,1.0,runs/current/stage2_segment_roi_outside_fold0/validity_v0/group_metrics.csv,pku_0012;column=thickness_signed_bias,observed,
current-f0-stage2_segment_roi_outside_fold0,current-f0-e3b-v0-one-frame-original-geometry,E3b,segment,42,0,b85ea0c87d7d49a446b1d3ff5a513a21433654b1d9098b91f83cca4edd220495,52,val,PKU37,pku_0012,,group,layer_component_count,3.0,ratio,512x512,640x640,1 px (physical spacing unverified),raw,0.5,0.35,spatial valid AND annotation-valid where available,none,sabids-evaluator-v0-20260828,1.0,1.0,1.0,runs/current/stage2_segment_roi_outside_fold0/validity_v0/group_metrics.csv,pku_0012;column=layer_component_count,observed,
current-f0-stage2_segment_roi_outside_fold0,current-f0-e3b-v0-one-frame-original-geometry,E3b,segment,42,0,b85ea0c87d7d49a446b1d3ff5a513a21433654b1d9098b91f83cca4edd220495,52,val,PKU37,pku_0012,,group,layer_extra_component_area_ratio,0.0045439931411424,ratio,512x512,640x640,1 px (physical spacing unverified),raw,0.5,0.35,spatial valid AND annotation-valid where available,none,sabids-evaluator-v0-20260828,1.0,1.0,1.0,runs/current/stage2_segment_roi_outside_fold0/validity_v0/group_metrics.csv,pku_0012;column=layer_extra_component_area_ratio,observed,
current-f0-stage2_segment_roi_outside_fold0,current-f0-e3b-v0-one-frame-original-geometry,E3b,segment,42,0,b85ea0c87d7d49a446b1d3ff5a513a21433654b1d9098b91f83cca4edd220495,52,val,PKU37,pku_0012,,group,layer_hole_pixels,0.0,px,512x512,640x640,1 px (physical spacing unverified),raw,0.5,0.35,spatial valid AND annotation-valid where available,none,sabids-evaluator-v0-20260828,1.0,1.0,1.0,runs/current/stage2_segment_roi_outside_fold0/validity_v0/group_metrics.csv,pku_0012;column=layer_hole_pixels,observed,
current-f0-stage2_segment_roi_outside_fold0,current-f0-e3b-v0-one-frame-original-geometry,E3b,segment,42,0,b85ea0c87d7d49a446b1d3ff5a513a21433654b1d9098b91f83cca4edd220495,52,val,PKU37,pku_0012,,group,layer_hole_area_ratio,0.0,ratio,512x512,640x640,1 px (physical spacing unverified),raw,0.5,0.35,spatial valid AND annotation-valid where available,none,sabids-evaluator-v0-20260828,1.0,1.0,1.0,runs/current/stage2_segment_roi_outside_fold0/validity_v0/group_metrics.csv,pku_0012;column=layer_hole_area_ratio,observed,
current-f0-stage2_segment_roi_outside_fold0,current-f0-e3b-v0-one-frame-original-geometry,E3b,segment,42,0,b85ea0c87d7d49a446b1d3ff5a513a21433654b1d9098b91f83cca4edd220495,52,val,PKU37,pku_0012,,group,lower_boundary_roughness_pred,0.8338557993730408,px,512x512,640x640,1 px (physical spacing unverified),raw,0.5,0.35,spatial valid AND annotation-valid where available,none,sabids-evaluator-v0-20260828,1.0,1.0,1.0,runs/current/stage2_segment_roi_outside_fold0/validity_v0/group_metrics.csv,pku_0012;column=lower_boundary_roughness_pred,observed,
current-f0-stage2_segment_roi_outside_fold0,current-f0-e3b-v0-one-frame-original-geometry,E3b,segment,42,0,b85ea0c87d7d49a446b1d3ff5a513a21433654b1d9098b91f83cca4edd220495,52,val,PKU37,pku_0012,,group,lower_boundary_roughness_true,0.8557993730407524,px,512x512,640x640,1 px (physical spacing unverified),raw,0.5,0.35,spatial valid AND annotation-valid where available,none,sabids-evaluator-v0-20260828,1.0,1.0,1.0,runs/current/stage2_segment_roi_outside_fold0/validity_v0/group_metrics.csv,pku_0012;column=lower_boundary_roughness_true,observed,
current-f0-stage2_segment_roi_outside_fold0,current-f0-e3b-v0-one-frame-original-geometry,E3b,segment,42,0,b85ea0c87d7d49a446b1d3ff5a513a21433654b1d9098b91f83cca4edd220495,52,val,PKU37,pku_0012,,group,layer_valid_column_fraction,1.0,ratio,512x512,640x640,1 px (physical spacing unverified),raw,0.5,0.35,spatial valid AND annotation-valid where available,none,sabids-evaluator-v0-20260828,1.0,1.0,1.0,runs/current/stage2_segment_roi_outside_fold0/validity_v0/group_metrics.csv,pku_0012;column=layer_valid_column_fraction,observed,
current-f0-stage2_segment_roi_outside_fold0,current-f0-e3b-v0-one-frame-original-geometry,E3b,segment,42,0,b85ea0c87d7d49a446b1d3ff5a513a21433654b1d9098b91f83cca4edd220495,52,val,PKU37,pku_0012,,group,vessel_stroma_cnr_noisy,0.5077366972949815,ratio,512x512,640x640,1 px (physical spacing unverified),raw,0.5,0.35,spatial valid AND annotation-valid where available,none,sabids-evaluator-v0-20260828,1.0,1.0,1.0,runs/current/stage2_segment_roi_outside_fold0/validity_v0/group_metrics.csv,pku_0012;column=vessel_stroma_cnr_noisy,observed,
current-f0-stage2_segment_roi_outside_fold0,current-f0-e3b-v0-one-frame-original-geometry,E3b,segment,42,0,b85ea0c87d7d49a446b1d3ff5a513a21433654b1d9098b91f83cca4edd220495,52,val,PKU37,pku_0012,,group,vessel_stroma_cnr_denoised,0.6169607445433913,ratio,512x512,640x640,1 px (physical spacing unverified),raw,0.5,0.35,spatial valid AND annotation-valid where available,none,sabids-evaluator-v0-20260828,1.0,1.0,1.0,runs/current/stage2_segment_roi_outside_fold0/validity_v0/group_metrics.csv,pku_0012;column=vessel_stroma_cnr_denoised,observed,
current-f0-stage2_segment_roi_outside_fold0,current-f0-e3b-v0-one-frame-original-geometry,E3b,segment,42,0,b85ea0c87d7d49a446b1d3ff5a513a21433654b1d9098b91f83cca4edd220495,52,val,PKU37,pku_0012,,group,vessel_stroma_cnr_clean,0.7476230110521944,ratio,512x512,640x640,1 px (physical spacing unverified),raw,0.5,0.35,spatial valid AND annotation-valid where available,none,sabids-evaluator-v0-20260828,1.0,1.0,1.0,runs/current/stage2_segment_roi_outside_fold0/validity_v0/group_metrics.csv,pku_0012;column=vessel_stroma_cnr_clean,observed,
current-f0-stage2_segment_roi_outside_fold0,current-f0-e3b-v0-one-frame-original-geometry,E3b,segment,42,0,b85ea0c87d7d49a446b1d3ff5a513a21433654b1d9098b91f83cca4edd220495,52,val,PKU37,pku_0012,,group,vessel_dice,0.7397691718004233,ratio,512x512,640x640,1 px (physical spacing unverified),raw,0.5,0.35,spatial valid AND annotation-valid where available,none,sabids-evaluator-v0-20260828,1.0,1.0,1.0,runs/current/stage2_segment_roi_outside_fold0/validity_v0/group_metrics.csv,pku_0012;column=vessel_dice,observed,
current-f0-stage2_segment_roi_outside_fold0,current-f0-e3b-v0-one-frame-original-geometry,E3b,segment,42,0,b85ea0c87d7d49a446b1d3ff5a513a21433654b1d9098b91f83cca4edd220495,52,val,PKU37,pku_0012,,group,vessel_iou,0.5870108517071025,ratio,512x512,640x640,1 px (physical spacing unverified),raw,0.5,0.35,spatial valid AND annotation-valid where available,none,sabids-evaluator-v0-20260828,1.0,1.0,1.0,runs/current/stage2_segment_roi_outside_fold0/validity_v0/group_metrics.csv,pku_0012;column=vessel_iou,observed,
current-f0-stage2_segment_roi_outside_fold0,current-f0-e3b-v0-one-frame-original-geometry,E3b,segment,42,0,b85ea0c87d7d49a446b1d3ff5a513a21433654b1d9098b91f83cca4edd220495,52,val,PKU37,pku_0012,,group,vessel_background_iou,0.967941207252685,ratio,512x512,640x640,1 px (physical spacing unverified),raw,0.5,0.35,spatial valid AND annotation-valid where available,none,sabids-evaluator-v0-20260828,1.0,1.0,1.0,runs/current/stage2_segment_roi_outside_fold0/validity_v0/group_metrics.csv,pku_0012;column=vessel_background_iou,observed,
current-f0-stage2_segment_roi_outside_fold0,current-f0-e3b-v0-one-frame-original-geometry,E3b,segment,42,0,b85ea0c87d7d49a446b1d3ff5a513a21433654b1d9098b91f83cca4edd220495,52,val,PKU37,pku_0012,,group,vessel_miou,0.7774760294798937,ratio,512x512,640x640,1 px (physical spacing unverified),raw,0.5,0.35,spatial valid AND annotation-valid where available,none,sabids-evaluator-v0-20260828,1.0,1.0,1.0,runs/current/stage2_segment_roi_outside_fold0/validity_v0/group_metrics.csv,pku_0012;column=vessel_miou,observed,
current-f0-stage2_segment_roi_outside_fold0,current-f0-e3b-v0-one-frame-original-geometry,E3b,segment,42,0,b85ea0c87d7d49a446b1d3ff5a513a21433654b1d9098b91f83cca4edd220495,52,val,PKU37,pku_0012,,group,vessel_precision,0.6703845576209109,ratio,512x512,640x640,1 px (physical spacing unverified),raw,0.5,0.35,spatial valid AND annotation-valid where available,none,sabids-evaluator-v0-20260828,1.0,1.0,1.0,runs/current/stage2_segment_roi_outside_fold0/validity_v0/group_metrics.csv,pku_0012;column=vessel_precision,observed,
current-f0-stage2_segment_roi_outside_fold0,current-f0-e3b-v0-one-frame-original-geometry,E3b,segment,42,0,b85ea0c87d7d49a446b1d3ff5a513a21433654b1d9098b91f83cca4edd220495,52,val,PKU37,pku_0012,,group,vessel_recall,0.8251745019264469,ratio,512x512,640x640,1 px (physical spacing unverified),raw,0.5,0.35,spatial valid AND annotation-valid where available,none,sabids-evaluator-v0-20260828,1.0,1.0,1.0,runs/current/stage2_segment_roi_outside_fold0/validity_v0/group_metrics.csv,pku_0012;column=vessel_recall,observed,
current-f0-stage2_segment_roi_outside_fold0,current-f0-e3b-v0-one-frame-original-geometry,E3b,segment,42,0,b85ea0c87d7d49a446b1d3ff5a513a21433654b1d9098b91f83cca4edd220495,52,val,PKU37,pku_0012,,group,vessel_specificity,0.9773769418533602,ratio,512x512,640x640,1 px (physical spacing unverified),raw,0.5,0.35,spatial valid AND annotation-valid where available,none,sabids-evaluator-v0-20260828,1.0,1.0,1.0,runs/current/stage2_segment_roi_outside_fold0/validity_v0/group_metrics.csv,pku_0012;column=vessel_specificity,observed,
current-f0-stage2_segment_roi_outside_fold0,current-f0-e3b-v0-one-frame-original-geometry,E3b,segment,42,0,b85ea0c87d7d49a446b1d3ff5a513a21433654b1d9098b91f83cca4edd220495,52,val,PKU37,pku_0012,,group,vessel_accuracy,0.9693383789063248,ratio,512x512,640x640,1 px (physical spacing unverified),raw,0.5,0.35,spatial valid AND annotation-valid where available,none,sabids-evaluator-v0-20260828,1.0,1.0,1.0,runs/current/stage2_segment_roi_outside_fold0/validity_v0/group_metrics.csv,pku_0012;column=vessel_accuracy,observed,
current-f0-stage2_segment_roi_outside_fold0,current-f0-e3b-v0-one-frame-original-geometry,E3b,segment,42,0,b85ea0c87d7d49a446b1d3ff5a513a21433654b1d9098b91f83cca4edd220495,52,val,PKU37,pku_0012,,group,vessel_soft_dice,0.6758709046023752,ratio,512x512,640x640,1 px (physical spacing unverified),raw,0.5,0.35,spatial valid AND annotation-valid where available,none,sabids-evaluator-v0-20260828,1.0,1.0,1.0,runs/current/stage2_segment_roi_outside_fold0/validity_v0/group_metrics.csv,pku_0012;column=vessel_soft_dice,observed,
current-f0-stage2_segment_roi_outside_fold0,current-f0-e3b-v0-one-frame-original-geometry,E3b,segment,42,0,b85ea0c87d7d49a446b1d3ff5a513a21433654b1d9098b91f83cca4edd220495,52,val,PKU37,pku_0012,,group,vessel_roi_dice,0.7758942930461187,ratio,512x512,640x640,1 px (physical spacing unverified),raw,0.5,0.35,spatial valid AND annotation-valid where available,none,sabids-evaluator-v0-20260828,1.0,1.0,1.0,runs/current/stage2_segment_roi_outside_fold0/validity_v0/group_metrics.csv,pku_0012;column=vessel_roi_dice,observed,
current-f0-stage2_segment_roi_outside_fold0,current-f0-e3b-v0-one-frame-original-geometry,E3b,segment,42,0,b85ea0c87d7d49a446b1d3ff5a513a21433654b1d9098b91f83cca4edd220495,52,val,PKU37,pku_0012,,group,vessel_roi_iou,0.6338458260968701,ratio,512x512,640x640,1 px (physical spacing unverified),raw,0.5,0.35,spatial valid AND annotation-valid where available,none,sabids-evaluator-v0-20260828,1.0,1.0,1.0,runs/current/stage2_segment_roi_outside_fold0/validity_v0/group_metrics.csv,pku_0012;column=vessel_roi_iou,observed,
current-f0-stage2_segment_roi_outside_fold0,current-f0-e3b-v0-one-frame-original-geometry,E3b,segment,42,0,b85ea0c87d7d49a446b1d3ff5a513a21433654b1d9098b91f83cca4edd220495,52,val,PKU37,pku_0012,,group,vessel_roi_background_iou,0.6566329248915612,ratio,512x512,640x640,1 px (physical spacing unverified),raw,0.5,0.35,spatial valid AND annotation-valid where available,none,sabids-evaluator-v0-20260828,1.0,1.0,1.0,runs/current/stage2_segment_roi_outside_fold0/validity_v0/group_metrics.csv,pku_0012;column=vessel_roi_background_iou,observed,
current-f0-stage2_segment_roi_outside_fold0,current-f0-e3b-v0-one-frame-original-geometry,E3b,segment,42,0,b85ea0c87d7d49a446b1d3ff5a513a21433654b1d9098b91f83cca4edd220495,52,val,PKU37,pku_0012,,group,vessel_roi_miou,0.6452393754942156,ratio,512x512,640x640,1 px (physical spacing unverified),raw,0.5,0.35,spatial valid AND annotation-valid where available,none,sabids-evaluator-v0-20260828,1.0,1.0,1.0,runs/current/stage2_segment_roi_outside_fold0/validity_v0/group_metrics.csv,pku_0012;column=vessel_roi_miou,observed,
current-f0-stage2_segment_roi_outside_fold0,current-f0-e3b-v0-one-frame-original-geometry,E3b,segment,42,0,b85ea0c87d7d49a446b1d3ff5a513a21433654b1d9098b91f83cca4edd220495,52,val,PKU37,pku_0012,,group,vessel_roi_precision,0.7321684918693996,ratio,512x512,640x640,1 px (physical spacing unverified),raw,0.5,0.35,spatial valid AND annotation-valid where available,none,sabids-evaluator-v0-20260828,1.0,1.0,1.0,runs/current/stage2_segment_roi_outside_fold0/validity_v0/group_metrics.csv,pku_0012;column=vessel_roi_precision,observed,
current-f0-stage2_segment_roi_outside_fold0,current-f0-e3b-v0-one-frame-original-geometry,E3b,segment,42,0,b85ea0c87d7d49a446b1d3ff5a513a21433654b1d9098b91f83cca4edd220495,52,val,PKU37,pku_0012,,group,vessel_roi_recall,0.8251745019264469,ratio,512x512,640x640,1 px (physical spacing unverified),raw,0.5,0.35,spatial valid AND annotation-valid where available,none,sabids-evaluator-v0-20260828,1.0,1.0,1.0,runs/current/stage2_segment_roi_outside_fold0/validity_v0/group_metrics.csv,pku_0012;column=vessel_roi_recall,observed,
current-f0-stage2_segment_roi_outside_fold0,current-f0-e3b-v0-one-frame-original-geometry,E3b,segment,42,0,b85ea0c87d7d49a446b1d3ff5a513a21433654b1d9098b91f83cca4edd220495,52,val,PKU37,pku_0012,,group,vessel_roi_specificity,0.7512380952475719,ratio,512x512,640x640,1 px (physical spacing unverified),raw,0.5,0.35,spatial valid AND annotation-valid where available,none,sabids-evaluator-v0-20260828,1.0,1.0,1.0,runs/current/stage2_segment_roi_outside_fold0/validity_v0/group_metrics.csv,pku_0012;column=vessel_roi_specificity,observed,
current-f0-stage2_segment_roi_outside_fold0,current-f0-e3b-v0-one-frame-original-geometry,E3b,segment,42,0,b85ea0c87d7d49a446b1d3ff5a513a21433654b1d9098b91f83cca4edd220495,52,val,PKU37,pku_0012,,group,vessel_roi_accuracy,0.7846417308901982,ratio,512x512,640x640,1 px (physical spacing unverified),raw,0.5,0.35,spatial valid AND annotation-valid where available,none,sabids-evaluator-v0-20260828,1.0,1.0,1.0,runs/current/stage2_segment_roi_outside_fold0/validity_v0/group_metrics.csv,pku_0012;column=vessel_roi_accuracy,observed,
current-f0-stage2_segment_roi_outside_fold0,current-f0-e3b-v0-one-frame-original-geometry,E3b,segment,42,0,b85ea0c87d7d49a446b1d3ff5a513a21433654b1d9098b91f83cca4edd220495,52,val,PKU37,pku_0012,,group,vessel_area_fraction_pred,0.5091786228933024,ratio,512x512,640x640,1 px (physical spacing unverified),raw,0.5,0.35,spatial valid AND annotation-valid where available,none,sabids-evaluator-v0-20260828,1.0,1.0,1.0,runs/current/stage2_segment_roi_outside_fold0/validity_v0/group_metrics.csv,pku_0012;column=vessel_area_fraction_pred,observed,
current-f0-stage2_segment_roi_outside_fold0,current-f0-e3b-v0-one-frame-original-geometry,E3b,segment,42,0,b85ea0c87d7d49a446b1d3ff5a513a21433654b1d9098b91f83cca4edd220495,52,val,PKU37,pku_0012,,group,vessel_area_fraction_true,0.451788735041664,ratio,512x512,640x640,1 px (physical spacing unverified),raw,0.5,0.35,spatial valid AND annotation-valid where available,none,sabids-evaluator-v0-20260828,1.0,1.0,1.0,runs/current/stage2_segment_roi_outside_fold0/validity_v0/group_metrics.csv,pku_0012;column=vessel_area_fraction_true,observed,
current-f0-stage2_segment_roi_outside_fold0,current-f0-e3b-v0-one-frame-original-geometry,E3b,segment,42,0,b85ea0c87d7d49a446b1d3ff5a513a21433654b1d9098b91f83cca4edd220495,52,val,PKU37,pku_0012,,group,vessel_area_fraction_mae,0.0573898878516383,px,512x512,640x640,1 px (physical spacing unverified),raw,0.5,0.35,spatial valid AND annotation-valid where available,none,sabids-evaluator-v0-20260828,1.0,1.0,1.0,runs/current/stage2_segment_roi_outside_fold0/validity_v0/group_metrics.csv,pku_0012;column=vessel_area_fraction_mae,observed,
current-f0-stage2_segment_roi_outside_fold0,current-f0-e3b-v0-one-frame-original-geometry,E3b,segment,42,0,b85ea0c87d7d49a446b1d3ff5a513a21433654b1d9098b91f83cca4edd220495,52,val,PKU37,pku_0012,,group,vessel_outside_gt_layer_fraction,0.084384858044164,ratio,512x512,640x640,1 px (physical spacing unverified),raw,0.5,0.35,spatial valid AND annotation-valid where available,none,sabids-evaluator-v0-20260828,1.0,1.0,1.0,runs/current/stage2_segment_roi_outside_fold0/validity_v0/group_metrics.csv,pku_0012;column=vessel_outside_gt_layer_fraction,observed,
current-f0-stage2_segment_roi_outside_fold0,current-f0-e3b-v0-one-frame-original-geometry,E3b,segment,42,0,b85ea0c87d7d49a446b1d3ff5a513a21433654b1d9098b91f83cca4edd220495,52,val,PKU37,pku_0012,,group,vessel_error_outside_gt_and_pred_layer_pixels,2218.0,px,512x512,640x640,1 px (physical spacing unverified),raw,0.5,0.35,spatial valid AND annotation-valid where available,none,sabids-evaluator-v0-20260828,1.0,1.0,1.0,runs/current/stage2_segment_roi_outside_fold0/validity_v0/group_metrics.csv,pku_0012;column=vessel_error_outside_gt_and_pred_layer_pixels,observed,
current-f0-stage2_segment_roi_outside_fold0,current-f0-e3b-v0-one-frame-original-geometry,E3b,segment,42,0,b85ea0c87d7d49a446b1d3ff5a513a21433654b1d9098b91f83cca4edd220495,52,val,PKU37,pku_0012,,group,vessel_error_outside_gt_and_pred_layer_fraction,0.083295778879375,ratio,512x512,640x640,1 px (physical spacing unverified),raw,0.5,0.35,spatial valid AND annotation-valid where available,none,sabids-evaluator-v0-20260828,1.0,1.0,1.0,runs/current/stage2_segment_roi_outside_fold0/validity_v0/group_metrics.csv,pku_0012;column=vessel_error_outside_gt_and_pred_layer_fraction,observed,
current-f0-stage2_segment_roi_outside_fold0,current-f0-e3b-v0-one-frame-original-geometry,E3b,segment,42,0,b85ea0c87d7d49a446b1d3ff5a513a21433654b1d9098b91f83cca4edd220495,52,val,PKU37,pku_0012,,group,vessel_error_outside_gt_inside_pred_layer_pixels,29.0,px,512x512,640x640,1 px (physical spacing unverified),raw,0.5,0.35,spatial valid AND annotation-valid where available,none,sabids-evaluator-v0-20260828,1.0,1.0,1.0,runs/current/stage2_segment_roi_outside_fold0/validity_v0/group_metrics.csv,pku_0012;column=vessel_error_outside_gt_inside_pred_layer_pixels,observed,
current-f0-stage2_segment_roi_outside_fold0,current-f0-e3b-v0-one-frame-original-geometry,E3b,segment,42,0,b85ea0c87d7d49a446b1d3ff5a513a21433654b1d9098b91f83cca4edd220495,52,val,PKU37,pku_0012,,group,vessel_error_outside_gt_inside_pred_layer_fraction,0.0010890791647889,ratio,512x512,640x640,1 px (physical spacing unverified),raw,0.5,0.35,spatial valid AND annotation-valid where available,none,sabids-evaluator-v0-20260828,1.0,1.0,1.0,runs/current/stage2_segment_roi_outside_fold0/validity_v0/group_metrics.csv,pku_0012;column=vessel_error_outside_gt_inside_pred_layer_fraction,observed,
current-f0-stage2_segment_roi_outside_fold0,current-f0-e3b-v0-one-frame-original-geometry,E3b,segment,42,0,b85ea0c87d7d49a446b1d3ff5a513a21433654b1d9098b91f83cca4edd220495,52,val,PKU37,pku_0012,,group,gt_vessel_outside_pred_layer_pixels,338.0,px,512x512,640x640,1 px (physical spacing unverified),raw,0.5,0.35,spatial valid AND annotation-valid where available,none,sabids-evaluator-v0-20260828,1.0,1.0,1.0,runs/current/stage2_segment_roi_outside_fold0/validity_v0/group_metrics.csv,pku_0012;column=gt_vessel_outside_pred_layer_pixels,observed,
current-f0-stage2_segment_roi_outside_fold0,current-f0-e3b-v0-one-frame-original-geometry,E3b,segment,42,0,b85ea0c87d7d49a446b1d3ff5a513a21433654b1d9098b91f83cca4edd220495,52,val,PKU37,pku_0012,,group,gt_vessel_outside_pred_layer_fraction,0.0156242777238478,ratio,512x512,640x640,1 px (physical spacing unverified),raw,0.5,0.35,spatial valid AND annotation-valid where available,none,sabids-evaluator-v0-20260828,1.0,1.0,1.0,runs/current/stage2_segment_roi_outside_fold0/validity_v0/group_metrics.csv,pku_0012;column=gt_vessel_outside_pred_layer_fraction,observed,
current-f0-stage2_segment_roi_outside_fold0,current-f0-e3b-v0-one-frame-original-geometry,E3b,segment,42,0,b85ea0c87d7d49a446b1d3ff5a513a21433654b1d9098b91f83cca4edd220495,52,val,PKU37,pku_0012,,group,vessel_oracle_gt_layer_dice,0.7758942930461187,ratio,512x512,640x640,1 px (physical spacing unverified),raw,0.5,0.35,spatial valid AND annotation-valid where available,none,sabids-evaluator-v0-20260828,1.0,1.0,1.0,runs/current/stage2_segment_roi_outside_fold0/validity_v0/group_metrics.csv,pku_0012;column=vessel_oracle_gt_layer_dice,observed,
current-f0-stage2_segment_roi_outside_fold0,current-f0-e3b-v0-one-frame-original-geometry,E3b,segment,42,0,b85ea0c87d7d49a446b1d3ff5a513a21433654b1d9098b91f83cca4edd220495,52,val,PKU37,pku_0012,,group,vessel_oracle_gt_layer_iou,0.6338458260968701,ratio,512x512,640x640,1 px (physical spacing unverified),raw,0.5,0.35,spatial valid AND annotation-valid where available,none,sabids-evaluator-v0-20260828,1.0,1.0,1.0,runs/current/stage2_segment_roi_outside_fold0/validity_v0/group_metrics.csv,pku_0012;column=vessel_oracle_gt_layer_iou,observed,
current-f0-stage2_segment_roi_outside_fold0,current-f0-e3b-v0-one-frame-original-geometry,E3b,segment,42,0,b85ea0c87d7d49a446b1d3ff5a513a21433654b1d9098b91f83cca4edd220495,52,val,PKU37,pku_0012,,group,vessel_oracle_gt_layer_background_iou,0.9736770227876174,ratio,512x512,640x640,1 px (physical spacing unverified),raw,0.5,0.35,spatial valid AND annotation-valid where available,none,sabids-evaluator-v0-20260828,1.0,1.0,1.0,runs/current/stage2_segment_roi_outside_fold0/validity_v0/group_metrics.csv,pku_0012;column=vessel_oracle_gt_layer_background_iou,observed,
current-f0-stage2_segment_roi_outside_fold0,current-f0-e3b-v0-one-frame-original-geometry,E3b,segment,42,0,b85ea0c87d7d49a446b1d3ff5a513a21433654b1d9098b91f83cca4edd220495,52,val,PKU37,pku_0012,,group,vessel_oracle_gt_layer_miou,0.8037614244422437,ratio,512x512,640x640,1 px (physical spacing unverified),raw,0.5,0.35,spatial valid AND annotation-valid where available,none,sabids-evaluator-v0-20260828,1.0,1.0,1.0,runs/current/stage2_segment_roi_outside_fold0/validity_v0/group_metrics.csv,pku_0012;column=vessel_oracle_gt_layer_miou,observed,
current-f0-stage2_segment_roi_outside_fold0,current-f0-e3b-v0-one-frame-original-geometry,E3b,segment,42,0,b85ea0c87d7d49a446b1d3ff5a513a21433654b1d9098b91f83cca4edd220495,52,val,PKU37,pku_0012,,group,vessel_oracle_gt_layer_precision,0.7321684918693996,ratio,512x512,640x640,1 px (physical spacing unverified),raw,0.5,0.35,spatial valid AND annotation-valid where available,none,sabids-evaluator-v0-20260828,1.0,1.0,1.0,runs/current/stage2_segment_roi_outside_fold0/validity_v0/group_metrics.csv,pku_0012;column=vessel_oracle_gt_layer_precision,observed,
current-f0-stage2_segment_roi_outside_fold0,current-f0-e3b-v0-one-frame-original-geometry,E3b,segment,42,0,b85ea0c87d7d49a446b1d3ff5a513a21433654b1d9098b91f83cca4edd220495,52,val,PKU37,pku_0012,,group,vessel_oracle_gt_layer_recall,0.8251745019264469,ratio,512x512,640x640,1 px (physical spacing unverified),raw,0.5,0.35,spatial valid AND annotation-valid where available,none,sabids-evaluator-v0-20260828,1.0,1.0,1.0,runs/current/stage2_segment_roi_outside_fold0/validity_v0/group_metrics.csv,pku_0012;column=vessel_oracle_gt_layer_recall,observed,
current-f0-stage2_segment_roi_outside_fold0,current-f0-e3b-v0-one-frame-original-geometry,E3b,segment,42,0,b85ea0c87d7d49a446b1d3ff5a513a21433654b1d9098b91f83cca4edd220495,52,val,PKU37,pku_0012,,group,vessel_oracle_gt_layer_specificity,0.9831686715623156,ratio,512x512,640x640,1 px (physical spacing unverified),raw,0.5,0.35,spatial valid AND annotation-valid where available,none,sabids-evaluator-v0-20260828,1.0,1.0,1.0,runs/current/stage2_segment_roi_outside_fold0/validity_v0/group_metrics.csv,pku_0012;column=vessel_oracle_gt_layer_specificity,observed,
current-f0-stage2_segment_roi_outside_fold0,current-f0-e3b-v0-one-frame-original-geometry,E3b,segment,42,0,b85ea0c87d7d49a446b1d3ff5a513a21433654b1d9098b91f83cca4edd220495,52,val,PKU37,pku_0012,,group,vessel_oracle_gt_layer_accuracy,0.9748242187500614,ratio,512x512,640x640,1 px (physical spacing unverified),raw,0.5,0.35,spatial valid AND annotation-valid where available,none,sabids-evaluator-v0-20260828,1.0,1.0,1.0,runs/current/stage2_segment_roi_outside_fold0/validity_v0/group_metrics.csv,pku_0012;column=vessel_oracle_gt_layer_accuracy,observed,
current-f0-stage2_segment_roi_outside_fold0,current-f0-e3b-v0-one-frame-original-geometry,E3b,segment,42,0,b85ea0c87d7d49a446b1d3ff5a513a21433654b1d9098b91f83cca4edd220495,52,val,PKU37,pku_0012,,group,vessel_pred_layer_soft_gate_dice,0.7762356421907363,ratio,512x512,640x640,1 px (physical spacing unverified),soft_gate,0.5,0.35,spatial valid AND annotation-valid where available,none,sabids-evaluator-v0-20260828,1.0,1.0,1.0,runs/current/stage2_segment_roi_outside_fold0/validity_v0/group_metrics.csv,pku_0012;column=vessel_pred_layer_soft_gate_dice,observed,
current-f0-stage2_segment_roi_outside_fold0,current-f0-e3b-v0-one-frame-original-geometry,E3b,segment,42,0,b85ea0c87d7d49a446b1d3ff5a513a21433654b1d9098b91f83cca4edd220495,52,val,PKU37,pku_0012,,group,vessel_pred_layer_soft_gate_iou,0.6343015607909019,ratio,512x512,640x640,1 px (physical spacing unverified),soft_gate,0.5,0.35,spatial valid AND annotation-valid where available,none,sabids-evaluator-v0-20260828,1.0,1.0,1.0,runs/current/stage2_segment_roi_outside_fold0/validity_v0/group_metrics.csv,pku_0012;column=vessel_pred_layer_soft_gate_iou,observed,
current-f0-stage2_segment_roi_outside_fold0,current-f0-e3b-v0-one-frame-original-geometry,E3b,segment,42,0,b85ea0c87d7d49a446b1d3ff5a513a21433654b1d9098b91f83cca4edd220495,52,val,PKU37,pku_0012,,group,vessel_pred_layer_soft_gate_background_iou,0.9737440620382078,ratio,512x512,640x640,1 px (physical spacing unverified),soft_gate,0.5,0.35,spatial valid AND annotation-valid where available,none,sabids-evaluator-v0-20260828,1.0,1.0,1.0,runs/current/stage2_segment_roi_outside_fold0/validity_v0/group_metrics.csv,pku_0012;column=vessel_pred_layer_soft_gate_background_iou,observed,
current-f0-stage2_segment_roi_outside_fold0,current-f0-e3b-v0-one-frame-original-geometry,E3b,segment,42,0,b85ea0c87d7d49a446b1d3ff5a513a21433654b1d9098b91f83cca4edd220495,52,val,PKU37,pku_0012,,group,vessel_pred_layer_soft_gate_miou,0.8040228114145549,ratio,512x512,640x640,1 px (physical spacing unverified),soft_gate,0.5,0.35,spatial valid AND annotation-valid where available,none,sabids-evaluator-v0-20260828,1.0,1.0,1.0,runs/current/stage2_segment_roi_outside_fold0/validity_v0/group_metrics.csv,pku_0012;column=vessel_pred_layer_soft_gate_miou,observed,
current-f0-stage2_segment_roi_outside_fold0,current-f0-e3b-v0-one-frame-original-geometry,E3b,segment,42,0,b85ea0c87d7d49a446b1d3ff5a513a21433654b1d9098b91f83cca4edd220495,52,val,PKU37,pku_0012,,group,vessel_pred_layer_soft_gate_precision,0.7331415656571546,ratio,512x512,640x640,1 px (physical spacing unverified),soft_gate,0.5,0.35,spatial valid AND annotation-valid where available,none,sabids-evaluator-v0-20260828,1.0,1.0,1.0,runs/current/stage2_segment_roi_outside_fold0/validity_v0/group_metrics.csv,pku_0012;column=vessel_pred_layer_soft_gate_precision,observed,
current-f0-stage2_segment_roi_outside_fold0,current-f0-e3b-v0-one-frame-original-geometry,E3b,segment,42,0,b85ea0c87d7d49a446b1d3ff5a513a21433654b1d9098b91f83cca4edd220495,52,val,PKU37,pku_0012,,group,vessel_pred_layer_soft_gate_recall,0.8247122451890763,ratio,512x512,640x640,1 px (physical spacing unverified),soft_gate,0.5,0.35,spatial valid AND annotation-valid where available,none,sabids-evaluator-v0-20260828,1.0,1.0,1.0,runs/current/stage2_segment_roi_outside_fold0/validity_v0/group_metrics.csv,pku_0012;column=vessel_pred_layer_soft_gate_recall,observed,
current-f0-stage2_segment_roi_outside_fold0,current-f0-e3b-v0-one-frame-original-geometry,E3b,segment,42,0,b85ea0c87d7d49a446b1d3ff5a513a21433654b1d9098b91f83cca4edd220495,52,val,PKU37,pku_0012,,group,vessel_pred_layer_soft_gate_specificity,0.9832614629595215,ratio,512x512,640x640,1 px (physical spacing unverified),soft_gate,0.5,0.35,spatial valid AND annotation-valid where available,none,sabids-evaluator-v0-20260828,1.0,1.0,1.0,runs/current/stage2_segment_roi_outside_fold0/validity_v0/group_metrics.csv,pku_0012;column=vessel_pred_layer_soft_gate_specificity,observed,
current-f0-stage2_segment_roi_outside_fold0,current-f0-e3b-v0-one-frame-original-geometry,E3b,segment,42,0,b85ea0c87d7d49a446b1d3ff5a513a21433654b1d9098b91f83cca4edd220495,52,val,PKU37,pku_0012,,group,vessel_pred_layer_soft_gate_accuracy,0.9748876953125614,ratio,512x512,640x640,1 px (physical spacing unverified),soft_gate,0.5,0.35,spatial valid AND annotation-valid where available,none,sabids-evaluator-v0-20260828,1.0,1.0,1.0,runs/current/stage2_segment_roi_outside_fold0/validity_v0/group_metrics.csv,pku_0012;column=vessel_pred_layer_soft_gate_accuracy,observed,
current-f0-stage2_segment_roi_outside_fold0,current-f0-e3b-v0-one-frame-original-geometry,E3b,segment,42,0,b85ea0c87d7d49a446b1d3ff5a513a21433654b1d9098b91f83cca4edd220495,52,val,PKU37,pku_0012,,group,vessel_pred_layer_soft_gate_soft_dice,0.7165298719859595,ratio,512x512,640x640,1 px (physical spacing unverified),soft_gate,0.5,0.35,spatial valid AND annotation-valid where available,none,sabids-evaluator-v0-20260828,1.0,1.0,1.0,runs/current/stage2_segment_roi_outside_fold0/validity_v0/group_metrics.csv,pku_0012;column=vessel_pred_layer_soft_gate_soft_dice,observed,
current-f0-stage2_segment_roi_outside_fold0,current-f0-e3b-v0-one-frame-original-geometry,E3b,segment,42,0,b85ea0c87d7d49a446b1d3ff5a513a21433654b1d9098b91f83cca4edd220495,52,val,PKU37,pku_0012,,group,vessel_gt_component_small_count,10.0,ratio,512x512,640x640,1 px (physical spacing unverified),raw,0.5,0.35,spatial valid AND annotation-valid where available,none,sabids-evaluator-v0-20260828,1.0,1.0,1.0,runs/current/stage2_segment_roi_outside_fold0/validity_v0/group_metrics.csv,pku_0012;column=vessel_gt_component_small_count,observed,
current-f0-stage2_segment_roi_outside_fold0,current-f0-e3b-v0-one-frame-original-geometry,E3b,segment,42,0,b85ea0c87d7d49a446b1d3ff5a513a21433654b1d9098b91f83cca4edd220495,52,val,PKU37,pku_0012,,group,vessel_gt_component_small_pixels,799.0,px,512x512,640x640,1 px (physical spacing unverified),raw,0.5,0.35,spatial valid AND annotation-valid where available,none,sabids-evaluator-v0-20260828,1.0,1.0,1.0,runs/current/stage2_segment_roi_outside_fold0/validity_v0/group_metrics.csv,pku_0012;column=vessel_gt_component_small_pixels,observed,
current-f0-stage2_segment_roi_outside_fold0,current-f0-e3b-v0-one-frame-original-geometry,E3b,segment,42,0,b85ea0c87d7d49a446b1d3ff5a513a21433654b1d9098b91f83cca4edd220495,52,val,PKU37,pku_0012,,group,vessel_gt_component_small_pixel_recall,0.5644555694618273,ratio,512x512,640x640,1 px (physical spacing unverified),raw,0.5,0.35,spatial valid AND annotation-valid where available,none,sabids-evaluator-v0-20260828,1.0,1.0,1.0,runs/current/stage2_segment_roi_outside_fold0/validity_v0/group_metrics.csv,pku_0012;column=vessel_gt_component_small_pixel_recall,observed,
current-f0-stage2_segment_roi_outside_fold0,current-f0-e3b-v0-one-frame-original-geometry,E3b,segment,42,0,b85ea0c87d7d49a446b1d3ff5a513a21433654b1d9098b91f83cca4edd220495,52,val,PKU37,pku_0012,,group,vessel_gt_component_small_detection_recall,0.6,ratio,512x512,640x640,1 px (physical spacing unverified),raw,0.5,0.35,spatial valid AND annotation-valid where available,none,sabids-evaluator-v0-20260828,1.0,1.0,1.0,runs/current/stage2_segment_roi_outside_fold0/validity_v0/group_metrics.csv,pku_0012;column=vessel_gt_component_small_detection_recall,observed,
current-f0-stage2_segment_roi_outside_fold0,current-f0-e3b-v0-one-frame-original-geometry,E3b,segment,42,0,b85ea0c87d7d49a446b1d3ff5a513a21433654b1d9098b91f83cca4edd220495,52,val,PKU37,pku_0012,,group,vessel_gt_component_medium_count,8.0,ratio,512x512,640x640,1 px (physical spacing unverified),raw,0.5,0.35,spatial valid AND annotation-valid where available,none,sabids-evaluator-v0-20260828,1.0,1.0,1.0,runs/current/stage2_segment_roi_outside_fold0/validity_v0/group_metrics.csv,pku_0012;column=vessel_gt_component_medium_count,observed,
current-f0-stage2_segment_roi_outside_fold0,current-f0-e3b-v0-one-frame-original-geometry,E3b,segment,42,0,b85ea0c87d7d49a446b1d3ff5a513a21433654b1d9098b91f83cca4edd220495,52,val,PKU37,pku_0012,,group,vessel_gt_component_medium_pixels,1270.0,px,512x512,640x640,1 px (physical spacing unverified),raw,0.5,0.35,spatial valid AND annotation-valid where available,none,sabids-evaluator-v0-20260828,1.0,1.0,1.0,runs/current/stage2_segment_roi_outside_fold0/validity_v0/group_metrics.csv,pku_0012;column=vessel_gt_component_medium_pixels,observed,
current-f0-stage2_segment_roi_outside_fold0,current-f0-e3b-v0-one-frame-original-geometry,E3b,segment,42,0,b85ea0c87d7d49a446b1d3ff5a513a21433654b1d9098b91f83cca4edd220495,52,val,PKU37,pku_0012,,group,vessel_gt_component_medium_pixel_recall,0.7748031496062993,ratio,512x512,640x640,1 px (physical spacing unverified),raw,0.5,0.35,spatial valid AND annotation-valid where available,none,sabids-evaluator-v0-20260828,1.0,1.0,1.0,runs/current/stage2_segment_roi_outside_fold0/validity_v0/group_metrics.csv,pku_0012;column=vessel_gt_component_medium_pixel_recall,observed,
current-f0-stage2_segment_roi_outside_fold0,current-f0-e3b-v0-one-frame-original-geometry,E3b,segment,42,0,b85ea0c87d7d49a446b1d3ff5a513a21433654b1d9098b91f83cca4edd220495,52,val,PKU37,pku_0012,,group,vessel_gt_component_medium_detection_recall,1.0,ratio,512x512,640x640,1 px (physical spacing unverified),raw,0.5,0.35,spatial valid AND annotation-valid where available,none,sabids-evaluator-v0-20260828,1.0,1.0,1.0,runs/current/stage2_segment_roi_outside_fold0/validity_v0/group_metrics.csv,pku_0012;column=vessel_gt_component_medium_detection_recall,observed,
current-f0-stage2_segment_roi_outside_fold0,current-f0-e3b-v0-one-frame-original-geometry,E3b,segment,42,0,b85ea0c87d7d49a446b1d3ff5a513a21433654b1d9098b91f83cca4edd220495,52,val,PKU37,pku_0012,,group,vessel_gt_component_large_count,20.0,ratio,512x512,640x640,1 px (physical spacing unverified),raw,0.5,0.35,spatial valid AND annotation-valid where available,none,sabids-evaluator-v0-20260828,1.0,1.0,1.0,runs/current/stage2_segment_roi_outside_fold0/validity_v0/group_metrics.csv,pku_0012;column=vessel_gt_component_large_count,observed,
current-f0-stage2_segment_roi_outside_fold0,current-f0-e3b-v0-one-frame-original-geometry,E3b,segment,42,0,b85ea0c87d7d49a446b1d3ff5a513a21433654b1d9098b91f83cca4edd220495,52,val,PKU37,pku_0012,,group,vessel_gt_component_large_pixels,19564.0,px,512x512,640x640,1 px (physical spacing unverified),raw,0.5,0.35,spatial valid AND annotation-valid where available,none,sabids-evaluator-v0-20260828,1.0,1.0,1.0,runs/current/stage2_segment_roi_outside_fold0/validity_v0/group_metrics.csv,pku_0012;column=vessel_gt_component_large_pixels,observed,
current-f0-stage2_segment_roi_outside_fold0,current-f0-e3b-v0-one-frame-original-geometry,E3b,segment,42,0,b85ea0c87d7d49a446b1d3ff5a513a21433654b1d9098b91f83cca4edd220495,52,val,PKU37,pku_0012,,group,vessel_gt_component_large_pixel_recall,0.8390922101819669,ratio,512x512,640x640,1 px (physical spacing unverified),raw,0.5,0.35,spatial valid AND annotation-valid where available,none,sabids-evaluator-v0-20260828,1.0,1.0,1.0,runs/current/stage2_segment_roi_outside_fold0/validity_v0/group_metrics.csv,pku_0012;column=vessel_gt_component_large_pixel_recall,observed,
current-f0-stage2_segment_roi_outside_fold0,current-f0-e3b-v0-one-frame-original-geometry,E3b,segment,42,0,b85ea0c87d7d49a446b1d3ff5a513a21433654b1d9098b91f83cca4edd220495,52,val,PKU37,pku_0012,,group,vessel_gt_component_large_detection_recall,0.95,ratio,512x512,640x640,1 px (physical spacing unverified),raw,0.5,0.35,spatial valid AND annotation-valid where available,none,sabids-evaluator-v0-20260828,1.0,1.0,1.0,runs/current/stage2_segment_roi_outside_fold0/validity_v0/group_metrics.csv,pku_0012;column=vessel_gt_component_large_detection_recall,observed,
current-f0-stage2_segment_roi_outside_fold0,current-f0-e3b-v0-one-frame-original-geometry,E3b,segment,42,0,b85ea0c87d7d49a446b1d3ff5a513a21433654b1d9098b91f83cca4edd220495,52,val,PKU37,pku_0012,,group,vessel_boundary_band_dice,0.6832928337092001,ratio,512x512,640x640,1 px (physical spacing unverified),raw,0.5,0.35,spatial valid AND annotation-valid where available,none,sabids-evaluator-v0-20260828,1.0,1.0,1.0,runs/current/stage2_segment_roi_outside_fold0/validity_v0/group_metrics.csv,pku_0012;column=vessel_boundary_band_dice,observed,
current-f0-stage2_segment_roi_outside_fold0,current-f0-e3b-v0-one-frame-original-geometry,E3b,segment,42,0,b85ea0c87d7d49a446b1d3ff5a513a21433654b1d9098b91f83cca4edd220495,52,val,PKU37,pku_0012,,group,vessel_boundary_band_iou,0.5189406203769384,ratio,512x512,640x640,1 px (physical spacing unverified),raw,0.5,0.35,spatial valid AND annotation-valid where available,none,sabids-evaluator-v0-20260828,1.0,1.0,1.0,runs/current/stage2_segment_roi_outside_fold0/validity_v0/group_metrics.csv,pku_0012;column=vessel_boundary_band_iou,observed,
current-f0-stage2_segment_roi_outside_fold0,current-f0-e3b-v0-one-frame-original-geometry,E3b,segment,42,0,b85ea0c87d7d49a446b1d3ff5a513a21433654b1d9098b91f83cca4edd220495,52,val,PKU37,pku_0012,,group,vessel_boundary_band_background_iou,0.421237145573291,ratio,512x512,640x640,1 px (physical spacing unverified),raw,0.5,0.35,spatial valid AND annotation-valid where available,none,sabids-evaluator-v0-20260828,1.0,1.0,1.0,runs/current/stage2_segment_roi_outside_fold0/validity_v0/group_metrics.csv,pku_0012;column=vessel_boundary_band_background_iou,observed,
current-f0-stage2_segment_roi_outside_fold0,current-f0-e3b-v0-one-frame-original-geometry,E3b,segment,42,0,b85ea0c87d7d49a446b1d3ff5a513a21433654b1d9098b91f83cca4edd220495,52,val,PKU37,pku_0012,,group,vessel_boundary_band_miou,0.4700888829751147,ratio,512x512,640x640,1 px (physical spacing unverified),raw,0.5,0.35,spatial valid AND annotation-valid where available,none,sabids-evaluator-v0-20260828,1.0,1.0,1.0,runs/current/stage2_segment_roi_outside_fold0/validity_v0/group_metrics.csv,pku_0012;column=vessel_boundary_band_miou,observed,
current-f0-stage2_segment_roi_outside_fold0,current-f0-e3b-v0-one-frame-original-geometry,E3b,segment,42,0,b85ea0c87d7d49a446b1d3ff5a513a21433654b1d9098b91f83cca4edd220495,52,val,PKU37,pku_0012,,group,vessel_boundary_band_precision,0.651227043746853,ratio,512x512,640x640,1 px (physical spacing unverified),raw,0.5,0.35,spatial valid AND annotation-valid where available,none,sabids-evaluator-v0-20260828,1.0,1.0,1.0,runs/current/stage2_segment_roi_outside_fold0/validity_v0/group_metrics.csv,pku_0012;column=vessel_boundary_band_precision,observed,
current-f0-stage2_segment_roi_outside_fold0,current-f0-e3b-v0-one-frame-original-geometry,E3b,segment,42,0,b85ea0c87d7d49a446b1d3ff5a513a21433654b1d9098b91f83cca4edd220495,52,val,PKU37,pku_0012,,group,vessel_boundary_band_recall,0.7186799390441503,ratio,512x512,640x640,1 px (physical spacing unverified),raw,0.5,0.35,spatial valid AND annotation-valid where available,none,sabids-evaluator-v0-20260828,1.0,1.0,1.0,runs/current/stage2_segment_roi_outside_fold0/validity_v0/group_metrics.csv,pku_0012;column=vessel_boundary_band_recall,observed,
current-f0-stage2_segment_roi_outside_fold0,current-f0-e3b-v0-one-frame-original-geometry,E3b,segment,42,0,b85ea0c87d7d49a446b1d3ff5a513a21433654b1d9098b91f83cca4edd220495,52,val,PKU37,pku_0012,,group,vessel_boundary_band_specificity,0.5574801526386761,ratio,512x512,640x640,1 px (physical spacing unverified),raw,0.5,0.35,spatial valid AND annotation-valid where available,none,sabids-evaluator-v0-20260828,1.0,1.0,1.0,runs/current/stage2_segment_roi_outside_fold0/validity_v0/group_metrics.csv,pku_0012;column=vessel_boundary_band_specificity,observed,
current-f0-stage2_segment_roi_outside_fold0,current-f0-e3b-v0-one-frame-original-geometry,E3b,segment,42,0,b85ea0c87d7d49a446b1d3ff5a513a21433654b1d9098b91f83cca4edd220495,52,val,PKU37,pku_0012,,group,vessel_boundary_band_accuracy,0.6436930455806382,ratio,512x512,640x640,1 px (physical spacing unverified),raw,0.5,0.35,spatial valid AND annotation-valid where available,none,sabids-evaluator-v0-20260828,1.0,1.0,1.0,runs/current/stage2_segment_roi_outside_fold0/validity_v0/group_metrics.csv,pku_0012;column=vessel_boundary_band_accuracy,observed,
current-f0-stage2_segment_roi_outside_fold0,current-f0-e3b-v0-one-frame-original-geometry,E3b,segment,42,0,b85ea0c87d7d49a446b1d3ff5a513a21433654b1d9098b91f83cca4edd220495,52,val,PKU37,pku_0012,,group,vessel_boundary_band_fp_pixels,4292.0,px,512x512,640x640,1 px (physical spacing unverified),raw,0.5,0.35,spatial valid AND annotation-valid where available,none,sabids-evaluator-v0-20260828,1.0,1.0,1.0,runs/current/stage2_segment_roi_outside_fold0/validity_v0/group_metrics.csv,pku_0012;column=vessel_boundary_band_fp_pixels,observed,
current-f0-stage2_segment_roi_outside_fold0,current-f0-e3b-v0-one-frame-original-geometry,E3b,segment,42,0,b85ea0c87d7d49a446b1d3ff5a513a21433654b1d9098b91f83cca4edd220495,52,val,PKU37,pku_0012,,group,vessel_boundary_band_fn_pixels,3137.0,px,512x512,640x640,1 px (physical spacing unverified),raw,0.5,0.35,spatial valid AND annotation-valid where available,none,sabids-evaluator-v0-20260828,1.0,1.0,1.0,runs/current/stage2_segment_roi_outside_fold0/validity_v0/group_metrics.csv,pku_0012;column=vessel_boundary_band_fn_pixels,observed,
current-f0-stage2_segment_roi_outside_fold0,current-f0-e3b-v0-one-frame-original-geometry,E3b,segment,42,0,b85ea0c87d7d49a446b1d3ff5a513a21433654b1d9098b91f83cca4edd220495,52,val,PKU37,pku_0012,,group,whole_layer_baseline_vessel_dice,0.6223890902868061,ratio,512x512,640x640,1 px (physical spacing unverified),raw,0.5,0.35,spatial valid AND annotation-valid where available,none,sabids-evaluator-v0-20260828,1.0,1.0,1.0,runs/current/stage2_segment_roi_outside_fold0/validity_v0/group_metrics.csv,pku_0012;column=whole_layer_baseline_vessel_dice,observed,
current-f0-stage2_segment_roi_outside_fold0,current-f0-e3b-v0-one-frame-original-geometry,E3b,segment,42,0,b85ea0c87d7d49a446b1d3ff5a513a21433654b1d9098b91f83cca4edd220495,52,val,PKU37,pku_0012,,group,empty_baseline_vessel_dice,4.6225673737057936e-11,ratio,512x512,640x640,1 px (physical spacing unverified),raw,0.5,0.35,spatial valid AND annotation-valid where available,none,sabids-evaluator-v0-20260828,1.0,1.0,1.0,runs/current/stage2_segment_roi_outside_fold0/validity_v0/group_metrics.csv,pku_0012;column=empty_baseline_vessel_dice,observed,
current-f0-stage2_segment_roi_outside_fold0,current-f0-e3b-v0-one-frame-original-geometry,E3b,segment,42,0,b85ea0c87d7d49a446b1d3ff5a513a21433654b1d9098b91f83cca4edd220495,52,val,PKU37,pku_0012,,group,vessel_hd95,26.042245291445774,px,512x512,640x640,1 px (physical spacing unverified),raw,0.5,0.35,spatial valid AND annotation-valid where available,none,sabids-evaluator-v0-20260828,1.0,1.0,1.0,runs/current/stage2_segment_roi_outside_fold0/validity_v0/group_metrics.csv,pku_0012;column=vessel_hd95,observed,
current-f0-stage2_segment_roi_outside_fold0,current-f0-e3b-v0-one-frame-original-geometry,E3b,segment,42,0,b85ea0c87d7d49a446b1d3ff5a513a21433654b1d9098b91f83cca4edd220495,52,val,PKU37,pku_0012,,group,vessel_assd,6.180927094963596,px,512x512,640x640,1 px (physical spacing unverified),raw,0.5,0.35,spatial valid AND annotation-valid where available,none,sabids-evaluator-v0-20260828,1.0,1.0,1.0,runs/current/stage2_segment_roi_outside_fold0/validity_v0/group_metrics.csv,pku_0012;column=vessel_assd,observed,
current-f0-stage2_segment_roi_outside_fold0,current-f0-e3b-v0-one-frame-original-geometry,E3b,segment,42,0,b85ea0c87d7d49a446b1d3ff5a513a21433654b1d9098b91f83cca4edd220495,52,val,PKU37,pku_0012,,group,p1_empty_input,0.0,ratio,512x512,640x640,1 px (physical spacing unverified),p1,0.5,0.35,spatial valid AND annotation-valid where available,p0-p3-v1,sabids-evaluator-v0-20260828,1.0,1.0,1.0,runs/current/stage2_segment_roi_outside_fold0/validity_v0/group_metrics.csv,pku_0012;column=p1_empty_input,observed,
current-f0-stage2_segment_roi_outside_fold0,current-f0-e3b-v0-one-frame-original-geometry,E3b,segment,42,0,b85ea0c87d7d49a446b1d3ff5a513a21433654b1d9098b91f83cca4edd220495,52,val,PKU37,pku_0012,,group,p1_component_count,3.0,ratio,512x512,640x640,1 px (physical spacing unverified),p1,0.5,0.35,spatial valid AND annotation-valid where available,p0-p3-v1,sabids-evaluator-v0-20260828,1.0,1.0,1.0,runs/current/stage2_segment_roi_outside_fold0/validity_v0/group_metrics.csv,pku_0012;column=p1_component_count,observed,
current-f0-stage2_segment_roi_outside_fold0,current-f0-e3b-v0-one-frame-original-geometry,E3b,segment,42,0,b85ea0c87d7d49a446b1d3ff5a513a21433654b1d9098b91f83cca4edd220495,52,val,PKU37,pku_0012,,group,p1_removed_pixels,212.0,px,512x512,640x640,1 px (physical spacing unverified),p1,0.5,0.35,spatial valid AND annotation-valid where available,p0-p3-v1,sabids-evaluator-v0-20260828,1.0,1.0,1.0,runs/current/stage2_segment_roi_outside_fold0/validity_v0/group_metrics.csv,pku_0012;column=p1_removed_pixels,observed,
current-f0-stage2_segment_roi_outside_fold0,current-f0-e3b-v0-one-frame-original-geometry,E3b,segment,42,0,b85ea0c87d7d49a446b1d3ff5a513a21433654b1d9098b91f83cca4edd220495,52,val,PKU37,pku_0012,,group,p1_filled_pixels,0.0,px,512x512,640x640,1 px (physical spacing unverified),p1,0.5,0.35,spatial valid AND annotation-valid where available,p0-p3-v1,sabids-evaluator-v0-20260828,1.0,1.0,1.0,runs/current/stage2_segment_roi_outside_fold0/validity_v0/group_metrics.csv,pku_0012;column=p1_filled_pixels,observed,
current-f0-stage2_segment_roi_outside_fold0,current-f0-e3b-v0-one-frame-original-geometry,E3b,segment,42,0,b85ea0c87d7d49a446b1d3ff5a513a21433654b1d9098b91f83cca4edd220495,52,val,PKU37,pku_0012,,group,p1_main_fraction,0.9954560068588576,ratio,512x512,640x640,1 px (physical spacing unverified),p1,0.5,0.35,spatial valid AND annotation-valid where available,p0-p3-v1,sabids-evaluator-v0-20260828,1.0,1.0,1.0,runs/current/stage2_segment_roi_outside_fold0/validity_v0/group_metrics.csv,pku_0012;column=p1_main_fraction,observed,
current-f0-stage2_segment_roi_outside_fold0,current-f0-e3b-v0-one-frame-original-geometry,E3b,segment,42,0,b85ea0c87d7d49a446b1d3ff5a513a21433654b1d9098b91f83cca4edd220495,52,val,PKU37,pku_0012,,group,p1_cleanup_failed,0.0,ratio,512x512,640x640,1 px (physical spacing unverified),p1,0.5,0.35,spatial valid AND annotation-valid where available,p0-p3-v1,sabids-evaluator-v0-20260828,1.0,1.0,1.0,runs/current/stage2_segment_roi_outside_fold0/validity_v0/group_metrics.csv,pku_0012;column=p1_cleanup_failed,observed,
current-f0-stage2_segment_roi_outside_fold0,current-f0-e3b-v0-one-frame-original-geometry,E3b,segment,42,0,b85ea0c87d7d49a446b1d3ff5a513a21433654b1d9098b91f83cca4edd220495,52,val,PKU37,pku_0012,,group,p2_empty_input,0.0,ratio,512x512,640x640,1 px (physical spacing unverified),p2,0.5,0.35,spatial valid AND annotation-valid where available,p0-p3-v1,sabids-evaluator-v0-20260828,1.0,1.0,1.0,runs/current/stage2_segment_roi_outside_fold0/validity_v0/group_metrics.csv,pku_0012;column=p2_empty_input,observed,
current-f0-stage2_segment_roi_outside_fold0,current-f0-e3b-v0-one-frame-original-geometry,E3b,segment,42,0,b85ea0c87d7d49a446b1d3ff5a513a21433654b1d9098b91f83cca4edd220495,52,val,PKU37,pku_0012,,group,p2_changed_columns,1.0,ratio,512x512,640x640,1 px (physical spacing unverified),p2,0.5,0.35,spatial valid AND annotation-valid where available,p0-p3-v1,sabids-evaluator-v0-20260828,1.0,1.0,1.0,runs/current/stage2_segment_roi_outside_fold0/validity_v0/group_metrics.csv,pku_0012;column=p2_changed_columns,observed,
current-f0-stage2_segment_roi_outside_fold0,current-f0-e3b-v0-one-frame-original-geometry,E3b,segment,42,0,b85ea0c87d7d49a446b1d3ff5a513a21433654b1d9098b91f83cca4edd220495,52,val,PKU37,pku_0012,,group,p2_mean_abs_displacement,0.0015625,px,512x512,640x640,1 px (physical spacing unverified),p2,0.5,0.35,spatial valid AND annotation-valid where available,p0-p3-v1,sabids-evaluator-v0-20260828,1.0,1.0,1.0,runs/current/stage2_segment_roi_outside_fold0/validity_v0/group_metrics.csv,pku_0012;column=p2_mean_abs_displacement,observed,
current-f0-stage2_segment_roi_outside_fold0,current-f0-e3b-v0-one-frame-original-geometry,E3b,segment,42,0,b85ea0c87d7d49a446b1d3ff5a513a21433654b1d9098b91f83cca4edd220495,52,val,PKU37,pku_0012,,group,p2_max_abs_displacement,1.0,px,512x512,640x640,1 px (physical spacing unverified),p2,0.5,0.35,spatial valid AND annotation-valid where available,p0-p3-v1,sabids-evaluator-v0-20260828,1.0,1.0,1.0,runs/current/stage2_segment_roi_outside_fold0/validity_v0/group_metrics.csv,pku_0012;column=p2_max_abs_displacement,observed,
current-f0-stage2_segment_roi_outside_fold0,current-f0-e3b-v0-one-frame-original-geometry,E3b,segment,42,0,b85ea0c87d7d49a446b1d3ff5a513a21433654b1d9098b91f83cca4edd220495,52,val,PKU37,pku_0012,,group,p2_regularization_failed,0.0,ratio,512x512,640x640,1 px (physical spacing unverified),p2,0.5,0.35,spatial valid AND annotation-valid where available,p0-p3-v1,sabids-evaluator-v0-20260828,1.0,1.0,1.0,runs/current/stage2_segment_roi_outside_fold0/validity_v0/group_metrics.csv,pku_0012;column=p2_regularization_failed,observed,
current-f0-stage2_segment_roi_outside_fold0,current-f0-e3b-v0-one-frame-original-geometry,E3b,segment,42,0,b85ea0c87d7d49a446b1d3ff5a513a21433654b1d9098b91f83cca4edd220495,52,val,PKU37,pku_0012,,group,p0_layer_dice,0.948274767818779,ratio,512x512,640x640,1 px (physical spacing unverified),p0,0.5,0.35,spatial valid AND annotation-valid where available,p0-p3-v1,sabids-evaluator-v0-20260828,1.0,1.0,1.0,runs/current/stage2_segment_roi_outside_fold0/validity_v0/group_metrics.csv,pku_0012;column=p0_layer_dice,observed,
current-f0-stage2_segment_roi_outside_fold0,current-f0-e3b-v0-one-frame-original-geometry,E3b,segment,42,0,b85ea0c87d7d49a446b1d3ff5a513a21433654b1d9098b91f83cca4edd220495,52,val,PKU37,pku_0012,,group,p0_layer_iou,0.9016373657339656,ratio,512x512,640x640,1 px (physical spacing unverified),p0,0.5,0.35,spatial valid AND annotation-valid where available,p0-p3-v1,sabids-evaluator-v0-20260828,1.0,1.0,1.0,runs/current/stage2_segment_roi_outside_fold0/validity_v0/group_metrics.csv,pku_0012;column=p0_layer_iou,observed,
current-f0-stage2_segment_roi_outside_fold0,current-f0-e3b-v0-one-frame-original-geometry,E3b,segment,42,0,b85ea0c87d7d49a446b1d3ff5a513a21433654b1d9098b91f83cca4edd220495,52,val,PKU37,pku_0012,,group,p0_layer_background_iou,0.9865945127969312,ratio,512x512,640x640,1 px (physical spacing unverified),p0,0.5,0.35,spatial valid AND annotation-valid where available,p0-p3-v1,sabids-evaluator-v0-20260828,1.0,1.0,1.0,runs/current/stage2_segment_roi_outside_fold0/validity_v0/group_metrics.csv,pku_0012;column=p0_layer_background_iou,observed,
current-f0-stage2_segment_roi_outside_fold0,current-f0-e3b-v0-one-frame-original-geometry,E3b,segment,42,0,b85ea0c87d7d49a446b1d3ff5a513a21433654b1d9098b91f83cca4edd220495,52,val,PKU37,pku_0012,,group,p0_layer_miou,0.9441159392654483,ratio,512x512,640x640,1 px (physical spacing unverified),p0,0.5,0.35,spatial valid AND annotation-valid where available,p0-p3-v1,sabids-evaluator-v0-20260828,1.0,1.0,1.0,runs/current/stage2_segment_roi_outside_fold0/validity_v0/group_metrics.csv,pku_0012;column=p0_layer_miou,observed,
current-f0-stage2_segment_roi_outside_fold0,current-f0-e3b-v0-one-frame-original-geometry,E3b,segment,42,0,b85ea0c87d7d49a446b1d3ff5a513a21433654b1d9098b91f83cca4edd220495,52,val,PKU37,pku_0012,,group,p0_layer_precision,0.96075447433371,ratio,512x512,640x640,1 px (physical spacing unverified),p0,0.5,0.35,spatial valid AND annotation-valid where available,p0-p3-v1,sabids-evaluator-v0-20260828,1.0,1.0,1.0,runs/current/stage2_segment_roi_outside_fold0/validity_v0/group_metrics.csv,pku_0012;column=p0_layer_precision,observed,
current-f0-stage2_segment_roi_outside_fold0,current-f0-e3b-v0-one-frame-original-geometry,E3b,segment,42,0,b85ea0c87d7d49a446b1d3ff5a513a21433654b1d9098b91f83cca4edd220495,52,val,PKU37,pku_0012,,group,p0_layer_recall,0.936115113924856,ratio,512x512,640x640,1 px (physical spacing unverified),p0,0.5,0.35,spatial valid AND annotation-valid where available,p0-p3-v1,sabids-evaluator-v0-20260828,1.0,1.0,1.0,runs/current/stage2_segment_roi_outside_fold0/validity_v0/group_metrics.csv,pku_0012;column=p0_layer_recall,observed,
current-f0-stage2_segment_roi_outside_fold0,current-f0-e3b-v0-one-frame-original-geometry,E3b,segment,42,0,b85ea0c87d7d49a446b1d3ff5a513a21433654b1d9098b91f83cca4edd220495,52,val,PKU37,pku_0012,,group,p0_layer_specificity,0.9949380316656532,ratio,512x512,640x640,1 px (physical spacing unverified),p0,0.5,0.35,spatial valid AND annotation-valid where available,p0-p3-v1,sabids-evaluator-v0-20260828,1.0,1.0,1.0,runs/current/stage2_segment_roi_outside_fold0/validity_v0/group_metrics.csv,pku_0012;column=p0_layer_specificity,observed,
current-f0-stage2_segment_roi_outside_fold0,current-f0-e3b-v0-one-frame-original-geometry,E3b,segment,42,0,b85ea0c87d7d49a446b1d3ff5a513a21433654b1d9098b91f83cca4edd220495,52,val,PKU37,pku_0012,,group,p0_layer_accuracy,0.9880615234375292,ratio,512x512,640x640,1 px (physical spacing unverified),p0,0.5,0.35,spatial valid AND annotation-valid where available,p0-p3-v1,sabids-evaluator-v0-20260828,1.0,1.0,1.0,runs/current/stage2_segment_roi_outside_fold0/validity_v0/group_metrics.csv,pku_0012;column=p0_layer_accuracy,observed,
current-f0-stage2_segment_roi_outside_fold0,current-f0-e3b-v0-one-frame-original-geometry,E3b,segment,42,0,b85ea0c87d7d49a446b1d3ff5a513a21433654b1d9098b91f83cca4edd220495,52,val,PKU37,pku_0012,,group,p0_upper_boundary_mae,1.6,px,512x512,640x640,1 px (physical spacing unverified),p0,0.5,0.35,spatial valid AND annotation-valid where available,p0-p3-v1,sabids-evaluator-v0-20260828,1.0,1.0,1.0,runs/current/stage2_segment_roi_outside_fold0/validity_v0/group_metrics.csv,pku_0012;column=p0_upper_boundary_mae,observed,
current-f0-stage2_segment_roi_outside_fold0,current-f0-e3b-v0-one-frame-original-geometry,E3b,segment,42,0,b85ea0c87d7d49a446b1d3ff5a513a21433654b1d9098b91f83cca4edd220495,52,val,PKU37,pku_0012,,group,p0_lower_boundary_mae,6.9640625,px,512x512,640x640,1 px (physical spacing unverified),p0,0.5,0.35,spatial valid AND annotation-valid where available,p0-p3-v1,sabids-evaluator-v0-20260828,1.0,1.0,1.0,runs/current/stage2_segment_roi_outside_fold0/validity_v0/group_metrics.csv,pku_0012;column=p0_lower_boundary_mae,observed,
current-f0-stage2_segment_roi_outside_fold0,current-f0-e3b-v0-one-frame-original-geometry,E3b,segment,42,0,b85ea0c87d7d49a446b1d3ff5a513a21433654b1d9098b91f83cca4edd220495,52,val,PKU37,pku_0012,,group,p0_thickness_mae,7.2453125,px,512x512,640x640,1 px (physical spacing unverified),p0,0.5,0.35,spatial valid AND annotation-valid where available,p0-p3-v1,sabids-evaluator-v0-20260828,1.0,1.0,1.0,runs/current/stage2_segment_roi_outside_fold0/validity_v0/group_metrics.csv,pku_0012;column=p0_thickness_mae,observed,
current-f0-stage2_segment_roi_outside_fold0,current-f0-e3b-v0-one-frame-original-geometry,E3b,segment,42,0,b85ea0c87d7d49a446b1d3ff5a513a21433654b1d9098b91f83cca4edd220495,52,val,PKU37,pku_0012,,group,p1_layer_dice,0.9504060386325044,ratio,512x512,640x640,1 px (physical spacing unverified),p1,0.5,0.35,spatial valid AND annotation-valid where available,p0-p3-v1,sabids-evaluator-v0-20260828,1.0,1.0,1.0,runs/current/stage2_segment_roi_outside_fold0/validity_v0/group_metrics.csv,pku_0012;column=p1_layer_dice,observed,
current-f0-stage2_segment_roi_outside_fold0,current-f0-e3b-v0-one-frame-original-geometry,E3b,segment,42,0,b85ea0c87d7d49a446b1d3ff5a513a21433654b1d9098b91f83cca4edd220495,52,val,PKU37,pku_0012,,group,p1_layer_iou,0.9054987677284656,ratio,512x512,640x640,1 px (physical spacing unverified),p1,0.5,0.35,spatial valid AND annotation-valid where available,p0-p3-v1,sabids-evaluator-v0-20260828,1.0,1.0,1.0,runs/current/stage2_segment_roi_outside_fold0/validity_v0/group_metrics.csv,pku_0012;column=p1_layer_iou,observed,
current-f0-stage2_segment_roi_outside_fold0,current-f0-e3b-v0-one-frame-original-geometry,E3b,segment,42,0,b85ea0c87d7d49a446b1d3ff5a513a21433654b1d9098b91f83cca4edd220495,52,val,PKU37,pku_0012,,group,p1_layer_background_iou,0.9871756913832402,ratio,512x512,640x640,1 px (physical spacing unverified),p1,0.5,0.35,spatial valid AND annotation-valid where available,p0-p3-v1,sabids-evaluator-v0-20260828,1.0,1.0,1.0,runs/current/stage2_segment_roi_outside_fold0/validity_v0/group_metrics.csv,pku_0012;column=p1_layer_background_iou,observed,
current-f0-stage2_segment_roi_outside_fold0,current-f0-e3b-v0-one-frame-original-geometry,E3b,segment,42,0,b85ea0c87d7d49a446b1d3ff5a513a21433654b1d9098b91f83cca4edd220495,52,val,PKU37,pku_0012,,group,p1_layer_miou,0.9463372295558528,ratio,512x512,640x640,1 px (physical spacing unverified),p1,0.5,0.35,spatial valid AND annotation-valid where available,p0-p3-v1,sabids-evaluator-v0-20260828,1.0,1.0,1.0,runs/current/stage2_segment_roi_outside_fold0/validity_v0/group_metrics.csv,pku_0012;column=p1_layer_miou,observed,
current-f0-stage2_segment_roi_outside_fold0,current-f0-e3b-v0-one-frame-original-geometry,E3b,segment,42,0,b85ea0c87d7d49a446b1d3ff5a513a21433654b1d9098b91f83cca4edd220495,52,val,PKU37,pku_0012,,group,p1_layer_precision,0.9651400641654256,ratio,512x512,640x640,1 px (physical spacing unverified),p1,0.5,0.35,spatial valid AND annotation-valid where available,p0-p3-v1,sabids-evaluator-v0-20260828,1.0,1.0,1.0,runs/current/stage2_segment_roi_outside_fold0/validity_v0/group_metrics.csv,pku_0012;column=p1_layer_precision,observed,
current-f0-stage2_segment_roi_outside_fold0,current-f0-e3b-v0-one-frame-original-geometry,E3b,segment,42,0,b85ea0c87d7d49a446b1d3ff5a513a21433654b1d9098b91f83cca4edd220495,52,val,PKU37,pku_0012,,group,p1_layer_recall,0.936115113924856,ratio,512x512,640x640,1 px (physical spacing unverified),p1,0.5,0.35,spatial valid AND annotation-valid where available,p0-p3-v1,sabids-evaluator-v0-20260828,1.0,1.0,1.0,runs/current/stage2_segment_roi_outside_fold0/validity_v0/group_metrics.csv,pku_0012;column=p1_layer_recall,observed,
current-f0-stage2_segment_roi_outside_fold0,current-f0-e3b-v0-one-frame-original-geometry,E3b,segment,42,0,b85ea0c87d7d49a446b1d3ff5a513a21433654b1d9098b91f83cca4edd220495,52,val,PKU37,pku_0012,,group,p1_layer_specificity,0.9955241252139228,ratio,512x512,640x640,1 px (physical spacing unverified),p1,0.5,0.35,spatial valid AND annotation-valid where available,p0-p3-v1,sabids-evaluator-v0-20260828,1.0,1.0,1.0,runs/current/stage2_segment_roi_outside_fold0/validity_v0/group_metrics.csv,pku_0012;column=p1_layer_specificity,observed,
current-f0-stage2_segment_roi_outside_fold0,current-f0-e3b-v0-one-frame-original-geometry,E3b,segment,42,0,b85ea0c87d7d49a446b1d3ff5a513a21433654b1d9098b91f83cca4edd220495,52,val,PKU37,pku_0012,,group,p1_layer_accuracy,0.988579101562528,ratio,512x512,640x640,1 px (physical spacing unverified),p1,0.5,0.35,spatial valid AND annotation-valid where available,p0-p3-v1,sabids-evaluator-v0-20260828,1.0,1.0,1.0,runs/current/stage2_segment_roi_outside_fold0/validity_v0/group_metrics.csv,pku_0012;column=p1_layer_accuracy,observed,
current-f0-stage2_segment_roi_outside_fold0,current-f0-e3b-v0-one-frame-original-geometry,E3b,segment,42,0,b85ea0c87d7d49a446b1d3ff5a513a21433654b1d9098b91f83cca4edd220495,52,val,PKU37,pku_0012,,group,p1_upper_boundary_mae,1.6,px,512x512,640x640,1 px (physical spacing unverified),p1,0.5,0.35,spatial valid AND annotation-valid where available,p0-p3-v1,sabids-evaluator-v0-20260828,1.0,1.0,1.0,runs/current/stage2_segment_roi_outside_fold0/validity_v0/group_metrics.csv,pku_0012;column=p1_upper_boundary_mae,observed,
current-f0-stage2_segment_roi_outside_fold0,current-f0-e3b-v0-one-frame-original-geometry,E3b,segment,42,0,b85ea0c87d7d49a446b1d3ff5a513a21433654b1d9098b91f83cca4edd220495,52,val,PKU37,pku_0012,,group,p1_lower_boundary_mae,5.709375,px,512x512,640x640,1 px (physical spacing unverified),p1,0.5,0.35,spatial valid AND annotation-valid where available,p0-p3-v1,sabids-evaluator-v0-20260828,1.0,1.0,1.0,runs/current/stage2_segment_roi_outside_fold0/validity_v0/group_metrics.csv,pku_0012;column=p1_lower_boundary_mae,observed,
current-f0-stage2_segment_roi_outside_fold0,current-f0-e3b-v0-one-frame-original-geometry,E3b,segment,42,0,b85ea0c87d7d49a446b1d3ff5a513a21433654b1d9098b91f83cca4edd220495,52,val,PKU37,pku_0012,,group,p1_thickness_mae,5.9,px,512x512,640x640,1 px (physical spacing unverified),p1,0.5,0.35,spatial valid AND annotation-valid where available,p0-p3-v1,sabids-evaluator-v0-20260828,1.0,1.0,1.0,runs/current/stage2_segment_roi_outside_fold0/validity_v0/group_metrics.csv,pku_0012;column=p1_thickness_mae,observed,
current-f0-stage2_segment_roi_outside_fold0,current-f0-e3b-v0-one-frame-original-geometry,E3b,segment,42,0,b85ea0c87d7d49a446b1d3ff5a513a21433654b1d9098b91f83cca4edd220495,52,val,PKU37,pku_0012,,group,p2_layer_dice,0.9503949112117636,ratio,512x512,640x640,1 px (physical spacing unverified),p2,0.5,0.35,spatial valid AND annotation-valid where available,p0-p3-v1,sabids-evaluator-v0-20260828,1.0,1.0,1.0,runs/current/stage2_segment_roi_outside_fold0/validity_v0/group_metrics.csv,pku_0012;column=p2_layer_dice,observed,
current-f0-stage2_segment_roi_outside_fold0,current-f0-e3b-v0-one-frame-original-geometry,E3b,segment,42,0,b85ea0c87d7d49a446b1d3ff5a513a21433654b1d9098b91f83cca4edd220495,52,val,PKU37,pku_0012,,group,p2_layer_iou,0.9054785665244742,ratio,512x512,640x640,1 px (physical spacing unverified),p2,0.5,0.35,spatial valid AND annotation-valid where available,p0-p3-v1,sabids-evaluator-v0-20260828,1.0,1.0,1.0,runs/current/stage2_segment_roi_outside_fold0/validity_v0/group_metrics.csv,pku_0012;column=p2_layer_iou,observed,
current-f0-stage2_segment_roi_outside_fold0,current-f0-e3b-v0-one-frame-original-geometry,E3b,segment,42,0,b85ea0c87d7d49a446b1d3ff5a513a21433654b1d9098b91f83cca4edd220495,52,val,PKU37,pku_0012,,group,p2_layer_background_iou,0.9871729851389008,ratio,512x512,640x640,1 px (physical spacing unverified),p2,0.5,0.35,spatial valid AND annotation-valid where available,p0-p3-v1,sabids-evaluator-v0-20260828,1.0,1.0,1.0,runs/current/stage2_segment_roi_outside_fold0/validity_v0/group_metrics.csv,pku_0012;column=p2_layer_background_iou,observed,
current-f0-stage2_segment_roi_outside_fold0,current-f0-e3b-v0-one-frame-original-geometry,E3b,segment,42,0,b85ea0c87d7d49a446b1d3ff5a513a21433654b1d9098b91f83cca4edd220495,52,val,PKU37,pku_0012,,group,p2_layer_miou,0.9463257758316876,ratio,512x512,640x640,1 px (physical spacing unverified),p2,0.5,0.35,spatial valid AND annotation-valid where available,p0-p3-v1,sabids-evaluator-v0-20260828,1.0,1.0,1.0,runs/current/stage2_segment_roi_outside_fold0/validity_v0/group_metrics.csv,pku_0012;column=p2_layer_miou,observed,
current-f0-stage2_segment_roi_outside_fold0,current-f0-e3b-v0-one-frame-original-geometry,E3b,segment,42,0,b85ea0c87d7d49a446b1d3ff5a513a21433654b1d9098b91f83cca4edd220495,52,val,PKU37,pku_0012,,group,p2_layer_precision,0.9651393135531384,ratio,512x512,640x640,1 px (physical spacing unverified),p2,0.5,0.35,spatial valid AND annotation-valid where available,p0-p3-v1,sabids-evaluator-v0-20260828,1.0,1.0,1.0,runs/current/stage2_segment_roi_outside_fold0/validity_v0/group_metrics.csv,pku_0012;column=p2_layer_precision,observed,
current-f0-stage2_segment_roi_outside_fold0,current-f0-e3b-v0-one-frame-original-geometry,E3b,segment,42,0,b85ea0c87d7d49a446b1d3ff5a513a21433654b1d9098b91f83cca4edd220495,52,val,PKU37,pku_0012,,group,p2_layer_recall,0.9360942296861916,ratio,512x512,640x640,1 px (physical spacing unverified),p2,0.5,0.35,spatial valid AND annotation-valid where available,p0-p3-v1,sabids-evaluator-v0-20260828,1.0,1.0,1.0,runs/current/stage2_segment_roi_outside_fold0/validity_v0/group_metrics.csv,pku_0012;column=p2_layer_recall,observed,
current-f0-stage2_segment_roi_outside_fold0,current-f0-e3b-v0-one-frame-original-geometry,E3b,segment,42,0,b85ea0c87d7d49a446b1d3ff5a513a21433654b1d9098b91f83cca4edd220495,52,val,PKU37,pku_0012,,group,p2_layer_specificity,0.9955241252139228,ratio,512x512,640x640,1 px (physical spacing unverified),p2,0.5,0.35,spatial valid AND annotation-valid where available,p0-p3-v1,sabids-evaluator-v0-20260828,1.0,1.0,1.0,runs/current/stage2_segment_roi_outside_fold0/validity_v0/group_metrics.csv,pku_0012;column=p2_layer_specificity,observed,
current-f0-stage2_segment_roi_outside_fold0,current-f0-e3b-v0-one-frame-original-geometry,E3b,segment,42,0,b85ea0c87d7d49a446b1d3ff5a513a21433654b1d9098b91f83cca4edd220495,52,val,PKU37,pku_0012,,group,p2_layer_accuracy,0.988576660156278,ratio,512x512,640x640,1 px (physical spacing unverified),p2,0.5,0.35,spatial valid AND annotation-valid where available,p0-p3-v1,sabids-evaluator-v0-20260828,1.0,1.0,1.0,runs/current/stage2_segment_roi_outside_fold0/validity_v0/group_metrics.csv,pku_0012;column=p2_layer_accuracy,observed,
current-f0-stage2_segment_roi_outside_fold0,current-f0-e3b-v0-one-frame-original-geometry,E3b,segment,42,0,b85ea0c87d7d49a446b1d3ff5a513a21433654b1d9098b91f83cca4edd220495,52,val,PKU37,pku_0012,,group,p2_upper_boundary_mae,1.6,px,512x512,640x640,1 px (physical spacing unverified),p2,0.5,0.35,spatial valid AND annotation-valid where available,p0-p3-v1,sabids-evaluator-v0-20260828,1.0,1.0,1.0,runs/current/stage2_segment_roi_outside_fold0/validity_v0/group_metrics.csv,pku_0012;column=p2_upper_boundary_mae,observed,
current-f0-stage2_segment_roi_outside_fold0,current-f0-e3b-v0-one-frame-original-geometry,E3b,segment,42,0,b85ea0c87d7d49a446b1d3ff5a513a21433654b1d9098b91f83cca4edd220495,52,val,PKU37,pku_0012,,group,p2_lower_boundary_mae,5.7109375,px,512x512,640x640,1 px (physical spacing unverified),p2,0.5,0.35,spatial valid AND annotation-valid where available,p0-p3-v1,sabids-evaluator-v0-20260828,1.0,1.0,1.0,runs/current/stage2_segment_roi_outside_fold0/validity_v0/group_metrics.csv,pku_0012;column=p2_lower_boundary_mae,observed,
current-f0-stage2_segment_roi_outside_fold0,current-f0-e3b-v0-one-frame-original-geometry,E3b,segment,42,0,b85ea0c87d7d49a446b1d3ff5a513a21433654b1d9098b91f83cca4edd220495,52,val,PKU37,pku_0012,,group,p2_thickness_mae,5.9015625,px,512x512,640x640,1 px (physical spacing unverified),p2,0.5,0.35,spatial valid AND annotation-valid where available,p0-p3-v1,sabids-evaluator-v0-20260828,1.0,1.0,1.0,runs/current/stage2_segment_roi_outside_fold0/validity_v0/group_metrics.csv,pku_0012;column=p2_thickness_mae,observed,
current-f0-stage2_segment_roi_outside_fold0,current-f0-e3b-v0-one-frame-original-geometry,E3b,segment,42,0,b85ea0c87d7d49a446b1d3ff5a513a21433654b1d9098b91f83cca4edd220495,52,val,PKU37,pku_0012,,group,p0_vessel_dice,0.7397691718004233,ratio,512x512,640x640,1 px (physical spacing unverified),p0,0.5,0.35,spatial valid AND annotation-valid where available,p0-p3-v1,sabids-evaluator-v0-20260828,1.0,1.0,1.0,runs/current/stage2_segment_roi_outside_fold0/validity_v0/group_metrics.csv,pku_0012;column=p0_vessel_dice,observed,
current-f0-stage2_segment_roi_outside_fold0,current-f0-e3b-v0-one-frame-original-geometry,E3b,segment,42,0,b85ea0c87d7d49a446b1d3ff5a513a21433654b1d9098b91f83cca4edd220495,52,val,PKU37,pku_0012,,group,p0_vessel_iou,0.5870108517071025,ratio,512x512,640x640,1 px (physical spacing unverified),p0,0.5,0.35,spatial valid AND annotation-valid where available,p0-p3-v1,sabids-evaluator-v0-20260828,1.0,1.0,1.0,runs/current/stage2_segment_roi_outside_fold0/validity_v0/group_metrics.csv,pku_0012;column=p0_vessel_iou,observed,
current-f0-stage2_segment_roi_outside_fold0,current-f0-e3b-v0-one-frame-original-geometry,E3b,segment,42,0,b85ea0c87d7d49a446b1d3ff5a513a21433654b1d9098b91f83cca4edd220495,52,val,PKU37,pku_0012,,group,p0_vessel_background_iou,0.967941207252685,ratio,512x512,640x640,1 px (physical spacing unverified),p0,0.5,0.35,spatial valid AND annotation-valid where available,p0-p3-v1,sabids-evaluator-v0-20260828,1.0,1.0,1.0,runs/current/stage2_segment_roi_outside_fold0/validity_v0/group_metrics.csv,pku_0012;column=p0_vessel_background_iou,observed,
current-f0-stage2_segment_roi_outside_fold0,current-f0-e3b-v0-one-frame-original-geometry,E3b,segment,42,0,b85ea0c87d7d49a446b1d3ff5a513a21433654b1d9098b91f83cca4edd220495,52,val,PKU37,pku_0012,,group,p0_vessel_miou,0.7774760294798937,ratio,512x512,640x640,1 px (physical spacing unverified),p0,0.5,0.35,spatial valid AND annotation-valid where available,p0-p3-v1,sabids-evaluator-v0-20260828,1.0,1.0,1.0,runs/current/stage2_segment_roi_outside_fold0/validity_v0/group_metrics.csv,pku_0012;column=p0_vessel_miou,observed,
current-f0-stage2_segment_roi_outside_fold0,current-f0-e3b-v0-one-frame-original-geometry,E3b,segment,42,0,b85ea0c87d7d49a446b1d3ff5a513a21433654b1d9098b91f83cca4edd220495,52,val,PKU37,pku_0012,,group,p0_vessel_precision,0.6703845576209109,ratio,512x512,640x640,1 px (physical spacing unverified),p0,0.5,0.35,spatial valid AND annotation-valid where available,p0-p3-v1,sabids-evaluator-v0-20260828,1.0,1.0,1.0,runs/current/stage2_segment_roi_outside_fold0/validity_v0/group_metrics.csv,pku_0012;column=p0_vessel_precision,observed,
current-f0-stage2_segment_roi_outside_fold0,current-f0-e3b-v0-one-frame-original-geometry,E3b,segment,42,0,b85ea0c87d7d49a446b1d3ff5a513a21433654b1d9098b91f83cca4edd220495,52,val,PKU37,pku_0012,,group,p0_vessel_recall,0.8251745019264469,ratio,512x512,640x640,1 px (physical spacing unverified),p0,0.5,0.35,spatial valid AND annotation-valid where available,p0-p3-v1,sabids-evaluator-v0-20260828,1.0,1.0,1.0,runs/current/stage2_segment_roi_outside_fold0/validity_v0/group_metrics.csv,pku_0012;column=p0_vessel_recall,observed,
current-f0-stage2_segment_roi_outside_fold0,current-f0-e3b-v0-one-frame-original-geometry,E3b,segment,42,0,b85ea0c87d7d49a446b1d3ff5a513a21433654b1d9098b91f83cca4edd220495,52,val,PKU37,pku_0012,,group,p0_vessel_specificity,0.9773769418533602,ratio,512x512,640x640,1 px (physical spacing unverified),p0,0.5,0.35,spatial valid AND annotation-valid where available,p0-p3-v1,sabids-evaluator-v0-20260828,1.0,1.0,1.0,runs/current/stage2_segment_roi_outside_fold0/validity_v0/group_metrics.csv,pku_0012;column=p0_vessel_specificity,observed,
current-f0-stage2_segment_roi_outside_fold0,current-f0-e3b-v0-one-frame-original-geometry,E3b,segment,42,0,b85ea0c87d7d49a446b1d3ff5a513a21433654b1d9098b91f83cca4edd220495,52,val,PKU37,pku_0012,,group,p0_vessel_accuracy,0.9693383789063248,ratio,512x512,640x640,1 px (physical spacing unverified),p0,0.5,0.35,spatial valid AND annotation-valid where available,p0-p3-v1,sabids-evaluator-v0-20260828,1.0,1.0,1.0,runs/current/stage2_segment_roi_outside_fold0/validity_v0/group_metrics.csv,pku_0012;column=p0_vessel_accuracy,observed,
current-f0-stage2_segment_roi_outside_fold0,current-f0-e3b-v0-one-frame-original-geometry,E3b,segment,42,0,b85ea0c87d7d49a446b1d3ff5a513a21433654b1d9098b91f83cca4edd220495,52,val,PKU37,pku_0012,,group,p3_raw_pixels,26628.0,px,512x512,640x640,1 px (physical spacing unverified),p3,0.5,0.35,spatial valid AND annotation-valid where available,p0-p3-v1,sabids-evaluator-v0-20260828,1.0,1.0,1.0,runs/current/stage2_segment_roi_outside_fold0/validity_v0/group_metrics.csv,pku_0012;column=p3_raw_pixels,observed,
current-f0-stage2_segment_roi_outside_fold0,current-f0-e3b-v0-one-frame-original-geometry,E3b,segment,42,0,b85ea0c87d7d49a446b1d3ff5a513a21433654b1d9098b91f83cca4edd220495,52,val,PKU37,pku_0012,,group,p3_final_pixels,24385.0,px,512x512,640x640,1 px (physical spacing unverified),p3,0.5,0.35,spatial valid AND annotation-valid where available,p0-p3-v1,sabids-evaluator-v0-20260828,1.0,1.0,1.0,runs/current/stage2_segment_roi_outside_fold0/validity_v0/group_metrics.csv,pku_0012;column=p3_final_pixels,observed,
current-f0-stage2_segment_roi_outside_fold0,current-f0-e3b-v0-one-frame-original-geometry,E3b,segment,42,0,b85ea0c87d7d49a446b1d3ff5a513a21433654b1d9098b91f83cca4edd220495,52,val,PKU37,pku_0012,,group,p3_removed_pixels,2243.0,px,512x512,640x640,1 px (physical spacing unverified),p3,0.5,0.35,spatial valid AND annotation-valid where available,p0-p3-v1,sabids-evaluator-v0-20260828,1.0,1.0,1.0,runs/current/stage2_segment_roi_outside_fold0/validity_v0/group_metrics.csv,pku_0012;column=p3_removed_pixels,observed,
current-f0-stage2_segment_roi_outside_fold0,current-f0-e3b-v0-one-frame-original-geometry,E3b,segment,42,0,b85ea0c87d7d49a446b1d3ff5a513a21433654b1d9098b91f83cca4edd220495,52,val,PKU37,pku_0012,,group,p3_removed_fraction,0.084234640228331,ratio,512x512,640x640,1 px (physical spacing unverified),p3,0.5,0.35,spatial valid AND annotation-valid where available,p0-p3-v1,sabids-evaluator-v0-20260828,1.0,1.0,1.0,runs/current/stage2_segment_roi_outside_fold0/validity_v0/group_metrics.csv,pku_0012;column=p3_removed_fraction,observed,
current-f0-stage2_segment_roi_outside_fold0,current-f0-e3b-v0-one-frame-original-geometry,E3b,segment,42,0,b85ea0c87d7d49a446b1d3ff5a513a21433654b1d9098b91f83cca4edd220495,52,val,PKU37,pku_0012,,group,p3_empty_raw,0.0,ratio,512x512,640x640,1 px (physical spacing unverified),p3,0.5,0.35,spatial valid AND annotation-valid where available,p0-p3-v1,sabids-evaluator-v0-20260828,1.0,1.0,1.0,runs/current/stage2_segment_roi_outside_fold0/validity_v0/group_metrics.csv,pku_0012;column=p3_empty_raw,observed,
current-f0-stage2_segment_roi_outside_fold0,current-f0-e3b-v0-one-frame-original-geometry,E3b,segment,42,0,b85ea0c87d7d49a446b1d3ff5a513a21433654b1d9098b91f83cca4edd220495,52,val,PKU37,pku_0012,,group,p3_empty_final,0.0,ratio,512x512,640x640,1 px (physical spacing unverified),p3,0.5,0.35,spatial valid AND annotation-valid where available,p0-p3-v1,sabids-evaluator-v0-20260828,1.0,1.0,1.0,runs/current/stage2_segment_roi_outside_fold0/validity_v0/group_metrics.csv,pku_0012;column=p3_empty_final,observed,
current-f0-stage2_segment_roi_outside_fold0,current-f0-e3b-v0-one-frame-original-geometry,E3b,segment,42,0,b85ea0c87d7d49a446b1d3ff5a513a21433654b1d9098b91f83cca4edd220495,52,val,PKU37,pku_0012,,group,p3_outside_final_layer_pixels,0.0,px,512x512,640x640,1 px (physical spacing unverified),p3,0.5,0.35,spatial valid AND annotation-valid where available,p0-p3-v1,sabids-evaluator-v0-20260828,1.0,1.0,1.0,runs/current/stage2_segment_roi_outside_fold0/validity_v0/group_metrics.csv,pku_0012;column=p3_outside_final_layer_pixels,observed,
current-f0-stage2_segment_roi_outside_fold0,current-f0-e3b-v0-one-frame-original-geometry,E3b,segment,42,0,b85ea0c87d7d49a446b1d3ff5a513a21433654b1d9098b91f83cca4edd220495,52,val,PKU37,pku_0012,,group,p3_removed_tp,0.0,ratio,512x512,640x640,1 px (physical spacing unverified),p3,0.5,0.35,spatial valid AND annotation-valid where available,p0-p3-v1,sabids-evaluator-v0-20260828,1.0,1.0,1.0,runs/current/stage2_segment_roi_outside_fold0/validity_v0/group_metrics.csv,pku_0012;column=p3_removed_tp,observed,
current-f0-stage2_segment_roi_outside_fold0,current-f0-e3b-v0-one-frame-original-geometry,E3b,segment,42,0,b85ea0c87d7d49a446b1d3ff5a513a21433654b1d9098b91f83cca4edd220495,52,val,PKU37,pku_0012,,group,p3_removed_fp,2243.0,ratio,512x512,640x640,1 px (physical spacing unverified),p3,0.5,0.35,spatial valid AND annotation-valid where available,p0-p3-v1,sabids-evaluator-v0-20260828,1.0,1.0,1.0,runs/current/stage2_segment_roi_outside_fold0/validity_v0/group_metrics.csv,pku_0012;column=p3_removed_fp,observed,
current-f0-stage2_segment_roi_outside_fold0,current-f0-e3b-v0-one-frame-original-geometry,E3b,segment,42,0,b85ea0c87d7d49a446b1d3ff5a513a21433654b1d9098b91f83cca4edd220495,52,val,PKU37,pku_0012,,group,p3_vessel_dice,0.7758268503677729,ratio,512x512,640x640,1 px (physical spacing unverified),p3,0.5,0.35,spatial valid AND annotation-valid where available,p0-p3-v1,sabids-evaluator-v0-20260828,1.0,1.0,1.0,runs/current/stage2_segment_roi_outside_fold0/validity_v0/group_metrics.csv,pku_0012;column=p3_vessel_dice,observed,
current-f0-stage2_segment_roi_outside_fold0,current-f0-e3b-v0-one-frame-original-geometry,E3b,segment,42,0,b85ea0c87d7d49a446b1d3ff5a513a21433654b1d9098b91f83cca4edd220495,52,val,PKU37,pku_0012,,group,p3_vessel_iou,0.6337558135536707,ratio,512x512,640x640,1 px (physical spacing unverified),p3,0.5,0.35,spatial valid AND annotation-valid where available,p0-p3-v1,sabids-evaluator-v0-20260828,1.0,1.0,1.0,runs/current/stage2_segment_roi_outside_fold0/validity_v0/group_metrics.csv,pku_0012;column=p3_vessel_iou,observed,
current-f0-stage2_segment_roi_outside_fold0,current-f0-e3b-v0-one-frame-original-geometry,E3b,segment,42,0,b85ea0c87d7d49a446b1d3ff5a513a21433654b1d9098b91f83cca4edd220495,52,val,PKU37,pku_0012,,group,p3_vessel_background_iou,0.9736668121680624,ratio,512x512,640x640,1 px (physical spacing unverified),p3,0.5,0.35,spatial valid AND annotation-valid where available,p0-p3-v1,sabids-evaluator-v0-20260828,1.0,1.0,1.0,runs/current/stage2_segment_roi_outside_fold0/validity_v0/group_metrics.csv,pku_0012;column=p3_vessel_background_iou,observed,
current-f0-stage2_segment_roi_outside_fold0,current-f0-e3b-v0-one-frame-original-geometry,E3b,segment,42,0,b85ea0c87d7d49a446b1d3ff5a513a21433654b1d9098b91f83cca4edd220495,52,val,PKU37,pku_0012,,group,p3_vessel_miou,0.8037113128608666,ratio,512x512,640x640,1 px (physical spacing unverified),p3,0.5,0.35,spatial valid AND annotation-valid where available,p0-p3-v1,sabids-evaluator-v0-20260828,1.0,1.0,1.0,runs/current/stage2_segment_roi_outside_fold0/validity_v0/group_metrics.csv,pku_0012;column=p3_vessel_miou,observed,
current-f0-stage2_segment_roi_outside_fold0,current-f0-e3b-v0-one-frame-original-geometry,E3b,segment,42,0,b85ea0c87d7d49a446b1d3ff5a513a21433654b1d9098b91f83cca4edd220495,52,val,PKU37,pku_0012,,group,p3_vessel_precision,0.7320483904149252,ratio,512x512,640x640,1 px (physical spacing unverified),p3,0.5,0.35,spatial valid AND annotation-valid where available,p0-p3-v1,sabids-evaluator-v0-20260828,1.0,1.0,1.0,runs/current/stage2_segment_roi_outside_fold0/validity_v0/group_metrics.csv,pku_0012;column=p3_vessel_precision,observed,
current-f0-stage2_segment_roi_outside_fold0,current-f0-e3b-v0-one-frame-original-geometry,E3b,segment,42,0,b85ea0c87d7d49a446b1d3ff5a513a21433654b1d9098b91f83cca4edd220495,52,val,PKU37,pku_0012,,group,p3_vessel_recall,0.8251745019264469,ratio,512x512,640x640,1 px (physical spacing unverified),p3,0.5,0.35,spatial valid AND annotation-valid where available,p0-p3-v1,sabids-evaluator-v0-20260828,1.0,1.0,1.0,runs/current/stage2_segment_roi_outside_fold0/validity_v0/group_metrics.csv,pku_0012;column=p3_vessel_recall,observed,
current-f0-stage2_segment_roi_outside_fold0,current-f0-e3b-v0-one-frame-original-geometry,E3b,segment,42,0,b85ea0c87d7d49a446b1d3ff5a513a21433654b1d9098b91f83cca4edd220495,52,val,PKU37,pku_0012,,group,p3_vessel_specificity,0.9831583614070702,ratio,512x512,640x640,1 px (physical spacing unverified),p3,0.5,0.35,spatial valid AND annotation-valid where available,p0-p3-v1,sabids-evaluator-v0-20260828,1.0,1.0,1.0,runs/current/stage2_segment_roi_outside_fold0/validity_v0/group_metrics.csv,pku_0012;column=p3_vessel_specificity,observed,
current-f0-stage2_segment_roi_outside_fold0,current-f0-e3b-v0-one-frame-original-geometry,E3b,segment,42,0,b85ea0c87d7d49a446b1d3ff5a513a21433654b1d9098b91f83cca4edd220495,52,val,PKU37,pku_0012,,group,p3_vessel_accuracy,0.9748144531250617,ratio,512x512,640x640,1 px (physical spacing unverified),p3,0.5,0.35,spatial valid AND annotation-valid where available,p0-p3-v1,sabids-evaluator-v0-20260828,1.0,1.0,1.0,runs/current/stage2_segment_roi_outside_fold0/validity_v0/group_metrics.csv,pku_0012;column=p3_vessel_accuracy,observed,
current-f0-stage2_segment_roi_outside_fold0,current-f0-e3b-v0-one-frame-original-geometry,E3b,segment,42,0,b85ea0c87d7d49a446b1d3ff5a513a21433654b1d9098b91f83cca4edd220495,52,val,PKU37,pku_0012,,group,n_evaluated_frames,1.0,ratio,512x512,640x640,1 px (physical spacing unverified),raw,0.5,0.35,spatial valid AND annotation-valid where available,none,sabids-evaluator-v0-20260828,1.0,1.0,1.0,runs/current/stage2_segment_roi_outside_fold0/validity_v0/group_metrics.csv,pku_0012;column=n_evaluated_frames,observed,
current-f0-stage2_segment_roi_outside_fold0,current-f0-e3b-v0-one-frame-original-geometry,E3b,segment,42,0,b85ea0c87d7d49a446b1d3ff5a513a21433654b1d9098b91f83cca4edd220495,52,val,PKU37,pku_0040,,group,original_height,640.0,ratio,512x512,640x640,1 px (physical spacing unverified),raw,0.5,0.35,spatial valid AND annotation-valid where available,none,sabids-evaluator-v0-20260828,1.0,1.0,1.0,runs/current/stage2_segment_roi_outside_fold0/validity_v0/group_metrics.csv,pku_0040;column=original_height,observed,
current-f0-stage2_segment_roi_outside_fold0,current-f0-e3b-v0-one-frame-original-geometry,E3b,segment,42,0,b85ea0c87d7d49a446b1d3ff5a513a21433654b1d9098b91f83cca4edd220495,52,val,PKU37,pku_0040,,group,original_width,640.0,ratio,512x512,640x640,1 px (physical spacing unverified),raw,0.5,0.35,spatial valid AND annotation-valid where available,none,sabids-evaluator-v0-20260828,1.0,1.0,1.0,runs/current/stage2_segment_roi_outside_fold0/validity_v0/group_metrics.csv,pku_0040;column=original_width,observed,
current-f0-stage2_segment_roi_outside_fold0,current-f0-e3b-v0-one-frame-original-geometry,E3b,segment,42,0,b85ea0c87d7d49a446b1d3ff5a513a21433654b1d9098b91f83cca4edd220495,52,val,PKU37,pku_0040,,group,model_input_height,512.0,ratio,512x512,640x640,1 px (physical spacing unverified),raw,0.5,0.35,spatial valid AND annotation-valid where available,none,sabids-evaluator-v0-20260828,1.0,1.0,1.0,runs/current/stage2_segment_roi_outside_fold0/validity_v0/group_metrics.csv,pku_0040;column=model_input_height,observed,
current-f0-stage2_segment_roi_outside_fold0,current-f0-e3b-v0-one-frame-original-geometry,E3b,segment,42,0,b85ea0c87d7d49a446b1d3ff5a513a21433654b1d9098b91f83cca4edd220495,52,val,PKU37,pku_0040,,group,model_input_width,512.0,ratio,512x512,640x640,1 px (physical spacing unverified),raw,0.5,0.35,spatial valid AND annotation-valid where available,none,sabids-evaluator-v0-20260828,1.0,1.0,1.0,runs/current/stage2_segment_roi_outside_fold0/validity_v0/group_metrics.csv,pku_0040;column=model_input_width,observed,
current-f0-stage2_segment_roi_outside_fold0,current-f0-e3b-v0-one-frame-original-geometry,E3b,segment,42,0,b85ea0c87d7d49a446b1d3ff5a513a21433654b1d9098b91f83cca4edd220495,52,val,PKU37,pku_0040,,group,manifest_group_frames,41.0,ratio,512x512,640x640,1 px (physical spacing unverified),raw,0.5,0.35,spatial valid AND annotation-valid where available,none,sabids-evaluator-v0-20260828,1.0,1.0,1.0,runs/current/stage2_segment_roi_outside_fold0/validity_v0/group_metrics.csv,pku_0040;column=manifest_group_frames,observed,
current-f0-stage2_segment_roi_outside_fold0,current-f0-e3b-v0-one-frame-original-geometry,E3b,segment,42,0,b85ea0c87d7d49a446b1d3ff5a513a21433654b1d9098b91f83cca4edd220495,52,val,PKU37,pku_0040,,group,evaluation_height,640.0,ratio,512x512,640x640,1 px (physical spacing unverified),raw,0.5,0.35,spatial valid AND annotation-valid where available,none,sabids-evaluator-v0-20260828,1.0,1.0,1.0,runs/current/stage2_segment_roi_outside_fold0/validity_v0/group_metrics.csv,pku_0040;column=evaluation_height,observed,
current-f0-stage2_segment_roi_outside_fold0,current-f0-e3b-v0-one-frame-original-geometry,E3b,segment,42,0,b85ea0c87d7d49a446b1d3ff5a513a21433654b1d9098b91f83cca4edd220495,52,val,PKU37,pku_0040,,group,evaluation_width,640.0,ratio,512x512,640x640,1 px (physical spacing unverified),raw,0.5,0.35,spatial valid AND annotation-valid where available,none,sabids-evaluator-v0-20260828,1.0,1.0,1.0,runs/current/stage2_segment_roi_outside_fold0/validity_v0/group_metrics.csv,pku_0040;column=evaluation_width,observed,
current-f0-stage2_segment_roi_outside_fold0,current-f0-e3b-v0-one-frame-original-geometry,E3b,segment,42,0,b85ea0c87d7d49a446b1d3ff5a513a21433654b1d9098b91f83cca4edd220495,52,val,PKU37,pku_0040,,group,pred_layer_vessel_dice,0.630775283389919,ratio,512x512,640x640,1 px (physical spacing unverified),raw,0.5,0.35,spatial valid AND annotation-valid where available,none,sabids-evaluator-v0-20260828,1.0,1.0,1.0,runs/current/stage2_segment_roi_outside_fold0/validity_v0/group_metrics.csv,pku_0040;column=pred_layer_vessel_dice,observed,
current-f0-stage2_segment_roi_outside_fold0,current-f0-e3b-v0-one-frame-original-geometry,E3b,segment,42,0,b85ea0c87d7d49a446b1d3ff5a513a21433654b1d9098b91f83cca4edd220495,52,val,PKU37,pku_0040,,group,pred_vessel_fraction_of_layer,0.4690619857377948,ratio,512x512,640x640,1 px (physical spacing unverified),raw,0.5,0.35,spatial valid AND annotation-valid where available,none,sabids-evaluator-v0-20260828,1.0,1.0,1.0,runs/current/stage2_segment_roi_outside_fold0/validity_v0/group_metrics.csv,pku_0040;column=pred_vessel_fraction_of_layer,observed,
current-f0-stage2_segment_roi_outside_fold0,current-f0-e3b-v0-one-frame-original-geometry,E3b,segment,42,0,b85ea0c87d7d49a446b1d3ff5a513a21433654b1d9098b91f83cca4edd220495,52,val,PKU37,pku_0040,,group,pred_vessel_outside_layer_fraction,0.0373386370459321,ratio,512x512,640x640,1 px (physical spacing unverified),raw,0.5,0.35,spatial valid AND annotation-valid where available,none,sabids-evaluator-v0-20260828,1.0,1.0,1.0,runs/current/stage2_segment_roi_outside_fold0/validity_v0/group_metrics.csv,pku_0040;column=pred_vessel_outside_layer_fraction,observed,
current-f0-stage2_segment_roi_outside_fold0,current-f0-e3b-v0-one-frame-original-geometry,E3b,segment,42,0,b85ea0c87d7d49a446b1d3ff5a513a21433654b1d9098b91f83cca4edd220495,52,val,PKU37,pku_0040,,group,psnr,34.21477325121669,dB,512x512,640x640,1 px (physical spacing unverified),raw,0.5,0.35,spatial valid AND annotation-valid where available,none,sabids-evaluator-v0-20260828,1.0,1.0,1.0,runs/current/stage2_segment_roi_outside_fold0/validity_v0/group_metrics.csv,pku_0040;column=psnr,observed,
current-f0-stage2_segment_roi_outside_fold0,current-f0-e3b-v0-one-frame-original-geometry,E3b,segment,42,0,b85ea0c87d7d49a446b1d3ff5a513a21433654b1d9098b91f83cca4edd220495,52,val,PKU37,pku_0040,,group,psnr_noisy,25.436843680447588,dB,512x512,640x640,1 px (physical spacing unverified),raw,0.5,0.35,spatial valid AND annotation-valid where available,none,sabids-evaluator-v0-20260828,1.0,1.0,1.0,runs/current/stage2_segment_roi_outside_fold0/validity_v0/group_metrics.csv,pku_0040;column=psnr_noisy,observed,
current-f0-stage2_segment_roi_outside_fold0,current-f0-e3b-v0-one-frame-original-geometry,E3b,segment,42,0,b85ea0c87d7d49a446b1d3ff5a513a21433654b1d9098b91f83cca4edd220495,52,val,PKU37,pku_0040,,group,psnr_gain_db,8.777929570769103,dB,512x512,640x640,1 px (physical spacing unverified),raw,0.5,0.35,spatial valid AND annotation-valid where available,none,sabids-evaluator-v0-20260828,1.0,1.0,1.0,runs/current/stage2_segment_roi_outside_fold0/validity_v0/group_metrics.csv,pku_0040;column=psnr_gain_db,observed,
current-f0-stage2_segment_roi_outside_fold0,current-f0-e3b-v0-one-frame-original-geometry,E3b,segment,42,0,b85ea0c87d7d49a446b1d3ff5a513a21433654b1d9098b91f83cca4edd220495,52,val,PKU37,pku_0040,,group,ssim,0.8893414674074311,ratio,512x512,640x640,1 px (physical spacing unverified),raw,0.5,0.35,spatial valid AND annotation-valid where available,none,sabids-evaluator-v0-20260828,1.0,1.0,1.0,runs/current/stage2_segment_roi_outside_fold0/validity_v0/group_metrics.csv,pku_0040;column=ssim,observed,
current-f0-stage2_segment_roi_outside_fold0,current-f0-e3b-v0-one-frame-original-geometry,E3b,segment,42,0,b85ea0c87d7d49a446b1d3ff5a513a21433654b1d9098b91f83cca4edd220495,52,val,PKU37,pku_0040,,group,ssim_noisy,0.3806845551153603,ratio,512x512,640x640,1 px (physical spacing unverified),raw,0.5,0.35,spatial valid AND annotation-valid where available,none,sabids-evaluator-v0-20260828,1.0,1.0,1.0,runs/current/stage2_segment_roi_outside_fold0/validity_v0/group_metrics.csv,pku_0040;column=ssim_noisy,observed,
current-f0-stage2_segment_roi_outside_fold0,current-f0-e3b-v0-one-frame-original-geometry,E3b,segment,42,0,b85ea0c87d7d49a446b1d3ff5a513a21433654b1d9098b91f83cca4edd220495,52,val,PKU37,pku_0040,,group,ssim_gain,0.5086569122920708,ratio,512x512,640x640,1 px (physical spacing unverified),raw,0.5,0.35,spatial valid AND annotation-valid where available,none,sabids-evaluator-v0-20260828,1.0,1.0,1.0,runs/current/stage2_segment_roi_outside_fold0/validity_v0/group_metrics.csv,pku_0040;column=ssim_gain,observed,
current-f0-stage2_segment_roi_outside_fold0,current-f0-e3b-v0-one-frame-original-geometry,E3b,segment,42,0,b85ea0c87d7d49a446b1d3ff5a513a21433654b1d9098b91f83cca4edd220495,52,val,PKU37,pku_0040,,group,rmse,0.0194653107299381,ratio,512x512,640x640,1 px (physical spacing unverified),raw,0.5,0.35,spatial valid AND annotation-valid where available,none,sabids-evaluator-v0-20260828,1.0,1.0,1.0,runs/current/stage2_segment_roi_outside_fold0/validity_v0/group_metrics.csv,pku_0040;column=rmse,observed,
current-f0-stage2_segment_roi_outside_fold0,current-f0-e3b-v0-one-frame-original-geometry,E3b,segment,42,0,b85ea0c87d7d49a446b1d3ff5a513a21433654b1d9098b91f83cca4edd220495,52,val,PKU37,pku_0040,,group,rmse_noisy,0.0534758642644248,ratio,512x512,640x640,1 px (physical spacing unverified),raw,0.5,0.35,spatial valid AND annotation-valid where available,none,sabids-evaluator-v0-20260828,1.0,1.0,1.0,runs/current/stage2_segment_roi_outside_fold0/validity_v0/group_metrics.csv,pku_0040;column=rmse_noisy,observed,
current-f0-stage2_segment_roi_outside_fold0,current-f0-e3b-v0-one-frame-original-geometry,E3b,segment,42,0,b85ea0c87d7d49a446b1d3ff5a513a21433654b1d9098b91f83cca4edd220495,52,val,PKU37,pku_0040,,group,rmse_reduction,0.0340105535344867,ratio,512x512,640x640,1 px (physical spacing unverified),raw,0.5,0.35,spatial valid AND annotation-valid where available,none,sabids-evaluator-v0-20260828,1.0,1.0,1.0,runs/current/stage2_segment_roi_outside_fold0/validity_v0/group_metrics.csv,pku_0040;column=rmse_reduction,observed,
current-f0-stage2_segment_roi_outside_fold0,current-f0-e3b-v0-one-frame-original-geometry,E3b,segment,42,0,b85ea0c87d7d49a446b1d3ff5a513a21433654b1d9098b91f83cca4edd220495,52,val,PKU37,pku_0040,,group,epi,0.7332100787427801,ratio,512x512,640x640,1 px (physical spacing unverified),raw,0.5,0.35,spatial valid AND annotation-valid where available,none,sabids-evaluator-v0-20260828,1.0,1.0,1.0,runs/current/stage2_segment_roi_outside_fold0/validity_v0/group_metrics.csv,pku_0040;column=epi,observed,
current-f0-stage2_segment_roi_outside_fold0,current-f0-e3b-v0-one-frame-original-geometry,E3b,segment,42,0,b85ea0c87d7d49a446b1d3ff5a513a21433654b1d9098b91f83cca4edd220495,52,val,PKU37,pku_0040,,group,epi_noisy,0.2738161851888336,ratio,512x512,640x640,1 px (physical spacing unverified),raw,0.5,0.35,spatial valid AND annotation-valid where available,none,sabids-evaluator-v0-20260828,1.0,1.0,1.0,runs/current/stage2_segment_roi_outside_fold0/validity_v0/group_metrics.csv,pku_0040;column=epi_noisy,observed,
current-f0-stage2_segment_roi_outside_fold0,current-f0-e3b-v0-one-frame-original-geometry,E3b,segment,42,0,b85ea0c87d7d49a446b1d3ff5a513a21433654b1d9098b91f83cca4edd220495,52,val,PKU37,pku_0040,,group,epi_gain,0.4593938935539465,ratio,512x512,640x640,1 px (physical spacing unverified),raw,0.5,0.35,spatial valid AND annotation-valid where available,none,sabids-evaluator-v0-20260828,1.0,1.0,1.0,runs/current/stage2_segment_roi_outside_fold0/validity_v0/group_metrics.csv,pku_0040;column=epi_gain,observed,
current-f0-stage2_segment_roi_outside_fold0,current-f0-e3b-v0-one-frame-original-geometry,E3b,segment,42,0,b85ea0c87d7d49a446b1d3ff5a513a21433654b1d9098b91f83cca4edd220495,52,val,PKU37,pku_0040,,group,snr_noisy_db,14.032503837513312,dB,512x512,640x640,1 px (physical spacing unverified),raw,0.5,0.35,spatial valid AND annotation-valid where available,none,sabids-evaluator-v0-20260828,1.0,1.0,1.0,runs/current/stage2_segment_roi_outside_fold0/validity_v0/group_metrics.csv,pku_0040;column=snr_noisy_db,observed,
current-f0-stage2_segment_roi_outside_fold0,current-f0-e3b-v0-one-frame-original-geometry,E3b,segment,42,0,b85ea0c87d7d49a446b1d3ff5a513a21433654b1d9098b91f83cca4edd220495,52,val,PKU37,pku_0040,,group,snr_denoised_db,22.81043326547874,dB,512x512,640x640,1 px (physical spacing unverified),raw,0.5,0.35,spatial valid AND annotation-valid where available,none,sabids-evaluator-v0-20260828,1.0,1.0,1.0,runs/current/stage2_segment_roi_outside_fold0/validity_v0/group_metrics.csv,pku_0040;column=snr_denoised_db,observed,
current-f0-stage2_segment_roi_outside_fold0,current-f0-e3b-v0-one-frame-original-geometry,E3b,segment,42,0,b85ea0c87d7d49a446b1d3ff5a513a21433654b1d9098b91f83cca4edd220495,52,val,PKU37,pku_0040,,group,snr_gain_db,8.777929427965427,dB,512x512,640x640,1 px (physical spacing unverified),raw,0.5,0.35,spatial valid AND annotation-valid where available,none,sabids-evaluator-v0-20260828,1.0,1.0,1.0,runs/current/stage2_segment_roi_outside_fold0/validity_v0/group_metrics.csv,pku_0040;column=snr_gain_db,observed,
current-f0-stage2_segment_roi_outside_fold0,current-f0-e3b-v0-one-frame-original-geometry,E3b,segment,42,0,b85ea0c87d7d49a446b1d3ff5a513a21433654b1d9098b91f83cca4edd220495,52,val,PKU37,pku_0040,,group,cnr_noisy_auto,2.027342854379344,ratio,512x512,640x640,1 px (physical spacing unverified),raw,0.5,0.35,spatial valid AND annotation-valid where available,none,sabids-evaluator-v0-20260828,1.0,1.0,1.0,runs/current/stage2_segment_roi_outside_fold0/validity_v0/group_metrics.csv,pku_0040;column=cnr_noisy_auto,observed,
current-f0-stage2_segment_roi_outside_fold0,current-f0-e3b-v0-one-frame-original-geometry,E3b,segment,42,0,b85ea0c87d7d49a446b1d3ff5a513a21433654b1d9098b91f83cca4edd220495,52,val,PKU37,pku_0040,,group,cnr_denoised_auto,2.4376467435616984,ratio,512x512,640x640,1 px (physical spacing unverified),raw,0.5,0.35,spatial valid AND annotation-valid where available,none,sabids-evaluator-v0-20260828,1.0,1.0,1.0,runs/current/stage2_segment_roi_outside_fold0/validity_v0/group_metrics.csv,pku_0040;column=cnr_denoised_auto,observed,
current-f0-stage2_segment_roi_outside_fold0,current-f0-e3b-v0-one-frame-original-geometry,E3b,segment,42,0,b85ea0c87d7d49a446b1d3ff5a513a21433654b1d9098b91f83cca4edd220495,52,val,PKU37,pku_0040,,group,cnr_clean_auto,2.457130003982328,ratio,512x512,640x640,1 px (physical spacing unverified),raw,0.5,0.35,spatial valid AND annotation-valid where available,none,sabids-evaluator-v0-20260828,1.0,1.0,1.0,runs/current/stage2_segment_roi_outside_fold0/validity_v0/group_metrics.csv,pku_0040;column=cnr_clean_auto,observed,
current-f0-stage2_segment_roi_outside_fold0,current-f0-e3b-v0-one-frame-original-geometry,E3b,segment,42,0,b85ea0c87d7d49a446b1d3ff5a513a21433654b1d9098b91f83cca4edd220495,52,val,PKU37,pku_0040,,group,cnr_error_auto,0.0194832604206296,ratio,512x512,640x640,1 px (physical spacing unverified),raw,0.5,0.35,spatial valid AND annotation-valid where available,none,sabids-evaluator-v0-20260828,1.0,1.0,1.0,runs/current/stage2_segment_roi_outside_fold0/validity_v0/group_metrics.csv,pku_0040;column=cnr_error_auto,observed,
current-f0-stage2_segment_roi_outside_fold0,current-f0-e3b-v0-one-frame-original-geometry,E3b,segment,42,0,b85ea0c87d7d49a446b1d3ff5a513a21433654b1d9098b91f83cca4edd220495,52,val,PKU37,pku_0040,,group,layer_roi_mse,0.000676974246744,ratio,512x512,640x640,1 px (physical spacing unverified),raw,0.5,0.35,spatial valid AND annotation-valid where available,none,sabids-evaluator-v0-20260828,1.0,1.0,1.0,runs/current/stage2_segment_roi_outside_fold0/validity_v0/group_metrics.csv,pku_0040;column=layer_roi_mse,observed,
current-f0-stage2_segment_roi_outside_fold0,current-f0-e3b-v0-one-frame-original-geometry,E3b,segment,42,0,b85ea0c87d7d49a446b1d3ff5a513a21433654b1d9098b91f83cca4edd220495,52,val,PKU37,pku_0040,,group,layer_roi_mse_noisy,0.0036895219236612,ratio,512x512,640x640,1 px (physical spacing unverified),raw,0.5,0.35,spatial valid AND annotation-valid where available,none,sabids-evaluator-v0-20260828,1.0,1.0,1.0,runs/current/stage2_segment_roi_outside_fold0/validity_v0/group_metrics.csv,pku_0040;column=layer_roi_mse_noisy,observed,
current-f0-stage2_segment_roi_outside_fold0,current-f0-e3b-v0-one-frame-original-geometry,E3b,segment,42,0,b85ea0c87d7d49a446b1d3ff5a513a21433654b1d9098b91f83cca4edd220495,52,val,PKU37,pku_0040,,group,layer_roi_psnr,31.694278523040417,dB,512x512,640x640,1 px (physical spacing unverified),raw,0.5,0.35,spatial valid AND annotation-valid where available,none,sabids-evaluator-v0-20260828,1.0,1.0,1.0,runs/current/stage2_segment_roi_outside_fold0/validity_v0/group_metrics.csv,pku_0040;column=layer_roi_psnr,observed,
current-f0-stage2_segment_roi_outside_fold0,current-f0-e3b-v0-one-frame-original-geometry,E3b,segment,42,0,b85ea0c87d7d49a446b1d3ff5a513a21433654b1d9098b91f83cca4edd220495,52,val,PKU37,pku_0040,,group,layer_roi_psnr_noisy,24.33029904672111,dB,512x512,640x640,1 px (physical spacing unverified),raw,0.5,0.35,spatial valid AND annotation-valid where available,none,sabids-evaluator-v0-20260828,1.0,1.0,1.0,runs/current/stage2_segment_roi_outside_fold0/validity_v0/group_metrics.csv,pku_0040;column=layer_roi_psnr_noisy,observed,
current-f0-stage2_segment_roi_outside_fold0,current-f0-e3b-v0-one-frame-original-geometry,E3b,segment,42,0,b85ea0c87d7d49a446b1d3ff5a513a21433654b1d9098b91f83cca4edd220495,52,val,PKU37,pku_0040,,group,layer_dice,0.9481715993174784,ratio,512x512,640x640,1 px (physical spacing unverified),raw,0.5,0.35,spatial valid AND annotation-valid where available,none,sabids-evaluator-v0-20260828,1.0,1.0,1.0,runs/current/stage2_segment_roi_outside_fold0/validity_v0/group_metrics.csv,pku_0040;column=layer_dice,observed,
current-f0-stage2_segment_roi_outside_fold0,current-f0-e3b-v0-one-frame-original-geometry,E3b,segment,42,0,b85ea0c87d7d49a446b1d3ff5a513a21433654b1d9098b91f83cca4edd220495,52,val,PKU37,pku_0040,,group,layer_iou,0.90145084379077,ratio,512x512,640x640,1 px (physical spacing unverified),raw,0.5,0.35,spatial valid AND annotation-valid where available,none,sabids-evaluator-v0-20260828,1.0,1.0,1.0,runs/current/stage2_segment_roi_outside_fold0/validity_v0/group_metrics.csv,pku_0040;column=layer_iou,observed,
current-f0-stage2_segment_roi_outside_fold0,current-f0-e3b-v0-one-frame-original-geometry,E3b,segment,42,0,b85ea0c87d7d49a446b1d3ff5a513a21433654b1d9098b91f83cca4edd220495,52,val,PKU37,pku_0040,,group,layer_background_iou,0.9836425383817012,ratio,512x512,640x640,1 px (physical spacing unverified),raw,0.5,0.35,spatial valid AND annotation-valid where available,none,sabids-evaluator-v0-20260828,1.0,1.0,1.0,runs/current/stage2_segment_roi_outside_fold0/validity_v0/group_metrics.csv,pku_0040;column=layer_background_iou,observed,
current-f0-stage2_segment_roi_outside_fold0,current-f0-e3b-v0-one-frame-original-geometry,E3b,segment,42,0,b85ea0c87d7d49a446b1d3ff5a513a21433654b1d9098b91f83cca4edd220495,52,val,PKU37,pku_0040,,group,layer_miou,0.9425466910862356,ratio,512x512,640x640,1 px (physical spacing unverified),raw,0.5,0.35,spatial valid AND annotation-valid where available,none,sabids-evaluator-v0-20260828,1.0,1.0,1.0,runs/current/stage2_segment_roi_outside_fold0/validity_v0/group_metrics.csv,pku_0040;column=layer_miou,observed,
current-f0-stage2_segment_roi_outside_fold0,current-f0-e3b-v0-one-frame-original-geometry,E3b,segment,42,0,b85ea0c87d7d49a446b1d3ff5a513a21433654b1d9098b91f83cca4edd220495,52,val,PKU37,pku_0040,,group,layer_precision,0.9747668678007904,ratio,512x512,640x640,1 px (physical spacing unverified),raw,0.5,0.35,spatial valid AND annotation-valid where available,none,sabids-evaluator-v0-20260828,1.0,1.0,1.0,runs/current/stage2_segment_roi_outside_fold0/validity_v0/group_metrics.csv,pku_0040;column=layer_precision,observed,
current-f0-stage2_segment_roi_outside_fold0,current-f0-e3b-v0-one-frame-original-geometry,E3b,segment,42,0,b85ea0c87d7d49a446b1d3ff5a513a21433654b1d9098b91f83cca4edd220495,52,val,PKU37,pku_0040,,group,layer_recall,0.9229890231669554,ratio,512x512,640x640,1 px (physical spacing unverified),raw,0.5,0.35,spatial valid AND annotation-valid where available,none,sabids-evaluator-v0-20260828,1.0,1.0,1.0,runs/current/stage2_segment_roi_outside_fold0/validity_v0/group_metrics.csv,pku_0040;column=layer_recall,observed,
current-f0-stage2_segment_roi_outside_fold0,current-f0-e3b-v0-one-frame-original-geometry,E3b,segment,42,0,b85ea0c87d7d49a446b1d3ff5a513a21433654b1d9098b91f83cca4edd220495,52,val,PKU37,pku_0040,,group,layer_specificity,0.9960777849148308,ratio,512x512,640x640,1 px (physical spacing unverified),raw,0.5,0.35,spatial valid AND annotation-valid where available,none,sabids-evaluator-v0-20260828,1.0,1.0,1.0,runs/current/stage2_segment_roi_outside_fold0/validity_v0/group_metrics.csv,pku_0040;column=layer_specificity,observed,
current-f0-stage2_segment_roi_outside_fold0,current-f0-e3b-v0-one-frame-original-geometry,E3b,segment,42,0,b85ea0c87d7d49a446b1d3ff5a513a21433654b1d9098b91f83cca4edd220495,52,val,PKU37,pku_0040,,group,layer_accuracy,0.9857714843750348,ratio,512x512,640x640,1 px (physical spacing unverified),raw,0.5,0.35,spatial valid AND annotation-valid where available,none,sabids-evaluator-v0-20260828,1.0,1.0,1.0,runs/current/stage2_segment_roi_outside_fold0/validity_v0/group_metrics.csv,pku_0040;column=layer_accuracy,observed,
current-f0-stage2_segment_roi_outside_fold0,current-f0-e3b-v0-one-frame-original-geometry,E3b,segment,42,0,b85ea0c87d7d49a446b1d3ff5a513a21433654b1d9098b91f83cca4edd220495,52,val,PKU37,pku_0040,,group,layer_hd95,13.0,px,512x512,640x640,1 px (physical spacing unverified),raw,0.5,0.35,spatial valid AND annotation-valid where available,none,sabids-evaluator-v0-20260828,1.0,1.0,1.0,runs/current/stage2_segment_roi_outside_fold0/validity_v0/group_metrics.csv,pku_0040;column=layer_hd95,observed,
current-f0-stage2_segment_roi_outside_fold0,current-f0-e3b-v0-one-frame-original-geometry,E3b,segment,42,0,b85ea0c87d7d49a446b1d3ff5a513a21433654b1d9098b91f83cca4edd220495,52,val,PKU37,pku_0040,,group,layer_assd,4.381654631028586,px,512x512,640x640,1 px (physical spacing unverified),raw,0.5,0.35,spatial valid AND annotation-valid where available,none,sabids-evaluator-v0-20260828,1.0,1.0,1.0,runs/current/stage2_segment_roi_outside_fold0/validity_v0/group_metrics.csv,pku_0040;column=layer_assd,observed,
current-f0-stage2_segment_roi_outside_fold0,current-f0-e3b-v0-one-frame-original-geometry,E3b,segment,42,0,b85ea0c87d7d49a446b1d3ff5a513a21433654b1d9098b91f83cca4edd220495,52,val,PKU37,pku_0040,,group,upper_boundary_mae,3.9078125,px,512x512,640x640,1 px (physical spacing unverified),raw,0.5,0.35,spatial valid AND annotation-valid where available,none,sabids-evaluator-v0-20260828,1.0,1.0,1.0,runs/current/stage2_segment_roi_outside_fold0/validity_v0/group_metrics.csv,pku_0040;column=upper_boundary_mae,observed,
current-f0-stage2_segment_roi_outside_fold0,current-f0-e3b-v0-one-frame-original-geometry,E3b,segment,42,0,b85ea0c87d7d49a446b1d3ff5a513a21433654b1d9098b91f83cca4edd220495,52,val,PKU37,pku_0040,,group,lower_boundary_mae,6.8453125,px,512x512,640x640,1 px (physical spacing unverified),raw,0.5,0.35,spatial valid AND annotation-valid where available,none,sabids-evaluator-v0-20260828,1.0,1.0,1.0,runs/current/stage2_segment_roi_outside_fold0/validity_v0/group_metrics.csv,pku_0040;column=lower_boundary_mae,observed,
current-f0-stage2_segment_roi_outside_fold0,current-f0-e3b-v0-one-frame-original-geometry,E3b,segment,42,0,b85ea0c87d7d49a446b1d3ff5a513a21433654b1d9098b91f83cca4edd220495,52,val,PKU37,pku_0040,,group,thickness_mae,8.98125,px,512x512,640x640,1 px (physical spacing unverified),raw,0.5,0.35,spatial valid AND annotation-valid where available,none,sabids-evaluator-v0-20260828,1.0,1.0,1.0,runs/current/stage2_segment_roi_outside_fold0/validity_v0/group_metrics.csv,pku_0040;column=thickness_mae,observed,
current-f0-stage2_segment_roi_outside_fold0,current-f0-e3b-v0-one-frame-original-geometry,E3b,segment,42,0,b85ea0c87d7d49a446b1d3ff5a513a21433654b1d9098b91f83cca4edd220495,52,val,PKU37,pku_0040,,group,layer_surface_dice,0.6799746514575412,ratio,512x512,640x640,1 px (physical spacing unverified),raw,0.5,0.35,spatial valid AND annotation-valid where available,none,sabids-evaluator-v0-20260828,1.0,1.0,1.0,runs/current/stage2_segment_roi_outside_fold0/validity_v0/group_metrics.csv,pku_0040;column=layer_surface_dice,observed,
current-f0-stage2_segment_roi_outside_fold0,current-f0-e3b-v0-one-frame-original-geometry,E3b,segment,42,0,b85ea0c87d7d49a446b1d3ff5a513a21433654b1d9098b91f83cca4edd220495,52,val,PKU37,pku_0040,,group,upper_boundary_signed_bias,-1.3609375,ratio,512x512,640x640,1 px (physical spacing unverified),raw,0.5,0.35,spatial valid AND annotation-valid where available,none,sabids-evaluator-v0-20260828,1.0,1.0,1.0,runs/current/stage2_segment_roi_outside_fold0/validity_v0/group_metrics.csv,pku_0040;column=upper_boundary_signed_bias,observed,
current-f0-stage2_segment_roi_outside_fold0,current-f0-e3b-v0-one-frame-original-geometry,E3b,segment,42,0,b85ea0c87d7d49a446b1d3ff5a513a21433654b1d9098b91f83cca4edd220495,52,val,PKU37,pku_0040,,group,lower_boundary_signed_bias,-3.6328125,ratio,512x512,640x640,1 px (physical spacing unverified),raw,0.5,0.35,spatial valid AND annotation-valid where available,none,sabids-evaluator-v0-20260828,1.0,1.0,1.0,runs/current/stage2_segment_roi_outside_fold0/validity_v0/group_metrics.csv,pku_0040;column=lower_boundary_signed_bias,observed,
current-f0-stage2_segment_roi_outside_fold0,current-f0-e3b-v0-one-frame-original-geometry,E3b,segment,42,0,b85ea0c87d7d49a446b1d3ff5a513a21433654b1d9098b91f83cca4edd220495,52,val,PKU37,pku_0040,,group,thickness_signed_bias,-2.271875,ratio,512x512,640x640,1 px (physical spacing unverified),raw,0.5,0.35,spatial valid AND annotation-valid where available,none,sabids-evaluator-v0-20260828,1.0,1.0,1.0,runs/current/stage2_segment_roi_outside_fold0/validity_v0/group_metrics.csv,pku_0040;column=thickness_signed_bias,observed,
current-f0-stage2_segment_roi_outside_fold0,current-f0-e3b-v0-one-frame-original-geometry,E3b,segment,42,0,b85ea0c87d7d49a446b1d3ff5a513a21433654b1d9098b91f83cca4edd220495,52,val,PKU37,pku_0040,,group,layer_component_count,2.0,ratio,512x512,640x640,1 px (physical spacing unverified),raw,0.5,0.35,spatial valid AND annotation-valid where available,none,sabids-evaluator-v0-20260828,1.0,1.0,1.0,runs/current/stage2_segment_roi_outside_fold0/validity_v0/group_metrics.csv,pku_0040;column=layer_component_count,observed,
current-f0-stage2_segment_roi_outside_fold0,current-f0-e3b-v0-one-frame-original-geometry,E3b,segment,42,0,b85ea0c87d7d49a446b1d3ff5a513a21433654b1d9098b91f83cca4edd220495,52,val,PKU37,pku_0040,,group,layer_extra_component_area_ratio,0.0019747668678003,ratio,512x512,640x640,1 px (physical spacing unverified),raw,0.5,0.35,spatial valid AND annotation-valid where available,none,sabids-evaluator-v0-20260828,1.0,1.0,1.0,runs/current/stage2_segment_roi_outside_fold0/validity_v0/group_metrics.csv,pku_0040;column=layer_extra_component_area_ratio,observed,
current-f0-stage2_segment_roi_outside_fold0,current-f0-e3b-v0-one-frame-original-geometry,E3b,segment,42,0,b85ea0c87d7d49a446b1d3ff5a513a21433654b1d9098b91f83cca4edd220495,52,val,PKU37,pku_0040,,group,layer_hole_pixels,0.0,px,512x512,640x640,1 px (physical spacing unverified),raw,0.5,0.35,spatial valid AND annotation-valid where available,none,sabids-evaluator-v0-20260828,1.0,1.0,1.0,runs/current/stage2_segment_roi_outside_fold0/validity_v0/group_metrics.csv,pku_0040;column=layer_hole_pixels,observed,
current-f0-stage2_segment_roi_outside_fold0,current-f0-e3b-v0-one-frame-original-geometry,E3b,segment,42,0,b85ea0c87d7d49a446b1d3ff5a513a21433654b1d9098b91f83cca4edd220495,52,val,PKU37,pku_0040,,group,layer_hole_area_ratio,0.0,ratio,512x512,640x640,1 px (physical spacing unverified),raw,0.5,0.35,spatial valid AND annotation-valid where available,none,sabids-evaluator-v0-20260828,1.0,1.0,1.0,runs/current/stage2_segment_roi_outside_fold0/validity_v0/group_metrics.csv,pku_0040;column=layer_hole_area_ratio,observed,
current-f0-stage2_segment_roi_outside_fold0,current-f0-e3b-v0-one-frame-original-geometry,E3b,segment,42,0,b85ea0c87d7d49a446b1d3ff5a513a21433654b1d9098b91f83cca4edd220495,52,val,PKU37,pku_0040,,group,lower_boundary_roughness_pred,0.8103448275862069,px,512x512,640x640,1 px (physical spacing unverified),raw,0.5,0.35,spatial valid AND annotation-valid where available,none,sabids-evaluator-v0-20260828,1.0,1.0,1.0,runs/current/stage2_segment_roi_outside_fold0/validity_v0/group_metrics.csv,pku_0040;column=lower_boundary_roughness_pred,observed,
current-f0-stage2_segment_roi_outside_fold0,current-f0-e3b-v0-one-frame-original-geometry,E3b,segment,42,0,b85ea0c87d7d49a446b1d3ff5a513a21433654b1d9098b91f83cca4edd220495,52,val,PKU37,pku_0040,,group,lower_boundary_roughness_true,0.8150470219435737,px,512x512,640x640,1 px (physical spacing unverified),raw,0.5,0.35,spatial valid AND annotation-valid where available,none,sabids-evaluator-v0-20260828,1.0,1.0,1.0,runs/current/stage2_segment_roi_outside_fold0/validity_v0/group_metrics.csv,pku_0040;column=lower_boundary_roughness_true,observed,
current-f0-stage2_segment_roi_outside_fold0,current-f0-e3b-v0-one-frame-original-geometry,E3b,segment,42,0,b85ea0c87d7d49a446b1d3ff5a513a21433654b1d9098b91f83cca4edd220495,52,val,PKU37,pku_0040,,group,layer_valid_column_fraction,1.0,ratio,512x512,640x640,1 px (physical spacing unverified),raw,0.5,0.35,spatial valid AND annotation-valid where available,none,sabids-evaluator-v0-20260828,1.0,1.0,1.0,runs/current/stage2_segment_roi_outside_fold0/validity_v0/group_metrics.csv,pku_0040;column=layer_valid_column_fraction,observed,
current-f0-stage2_segment_roi_outside_fold0,current-f0-e3b-v0-one-frame-original-geometry,E3b,segment,42,0,b85ea0c87d7d49a446b1d3ff5a513a21433654b1d9098b91f83cca4edd220495,52,val,PKU37,pku_0040,,group,vessel_stroma_cnr_noisy,0.6634707494857196,ratio,512x512,640x640,1 px (physical spacing unverified),raw,0.5,0.35,spatial valid AND annotation-valid where available,none,sabids-evaluator-v0-20260828,1.0,1.0,1.0,runs/current/stage2_segment_roi_outside_fold0/validity_v0/group_metrics.csv,pku_0040;column=vessel_stroma_cnr_noisy,observed,
current-f0-stage2_segment_roi_outside_fold0,current-f0-e3b-v0-one-frame-original-geometry,E3b,segment,42,0,b85ea0c87d7d49a446b1d3ff5a513a21433654b1d9098b91f83cca4edd220495,52,val,PKU37,pku_0040,,group,vessel_stroma_cnr_denoised,0.7487578364802379,ratio,512x512,640x640,1 px (physical spacing unverified),raw,0.5,0.35,spatial valid AND annotation-valid where available,none,sabids-evaluator-v0-20260828,1.0,1.0,1.0,runs/current/stage2_segment_roi_outside_fold0/validity_v0/group_metrics.csv,pku_0040;column=vessel_stroma_cnr_denoised,observed,
current-f0-stage2_segment_roi_outside_fold0,current-f0-e3b-v0-one-frame-original-geometry,E3b,segment,42,0,b85ea0c87d7d49a446b1d3ff5a513a21433654b1d9098b91f83cca4edd220495,52,val,PKU37,pku_0040,,group,vessel_stroma_cnr_clean,0.8347380360033971,ratio,512x512,640x640,1 px (physical spacing unverified),raw,0.5,0.35,spatial valid AND annotation-valid where available,none,sabids-evaluator-v0-20260828,1.0,1.0,1.0,runs/current/stage2_segment_roi_outside_fold0/validity_v0/group_metrics.csv,pku_0040;column=vessel_stroma_cnr_clean,observed,
current-f0-stage2_segment_roi_outside_fold0,current-f0-e3b-v0-one-frame-original-geometry,E3b,segment,42,0,b85ea0c87d7d49a446b1d3ff5a513a21433654b1d9098b91f83cca4edd220495,52,val,PKU37,pku_0040,,group,vessel_dice,0.7728122206920287,ratio,512x512,640x640,1 px (physical spacing unverified),raw,0.5,0.35,spatial valid AND annotation-valid where available,none,sabids-evaluator-v0-20260828,1.0,1.0,1.0,runs/current/stage2_segment_roi_outside_fold0/validity_v0/group_metrics.csv,pku_0040;column=vessel_dice,observed,
current-f0-stage2_segment_roi_outside_fold0,current-f0-e3b-v0-one-frame-original-geometry,E3b,segment,42,0,b85ea0c87d7d49a446b1d3ff5a513a21433654b1d9098b91f83cca4edd220495,52,val,PKU37,pku_0040,,group,vessel_iou,0.6297424352900172,ratio,512x512,640x640,1 px (physical spacing unverified),raw,0.5,0.35,spatial valid AND annotation-valid where available,none,sabids-evaluator-v0-20260828,1.0,1.0,1.0,runs/current/stage2_segment_roi_outside_fold0/validity_v0/group_metrics.csv,pku_0040;column=vessel_iou,observed,
current-f0-stage2_segment_roi_outside_fold0,current-f0-e3b-v0-one-frame-original-geometry,E3b,segment,42,0,b85ea0c87d7d49a446b1d3ff5a513a21433654b1d9098b91f83cca4edd220495,52,val,PKU37,pku_0040,,group,vessel_background_iou,0.9713655146988018,ratio,512x512,640x640,1 px (physical spacing unverified),raw,0.5,0.35,spatial valid AND annotation-valid where available,none,sabids-evaluator-v0-20260828,1.0,1.0,1.0,runs/current/stage2_segment_roi_outside_fold0/validity_v0/group_metrics.csv,pku_0040;column=vessel_background_iou,observed,
current-f0-stage2_segment_roi_outside_fold0,current-f0-e3b-v0-one-frame-original-geometry,E3b,segment,42,0,b85ea0c87d7d49a446b1d3ff5a513a21433654b1d9098b91f83cca4edd220495,52,val,PKU37,pku_0040,,group,vessel_miou,0.8005539749944095,ratio,512x512,640x640,1 px (physical spacing unverified),raw,0.5,0.35,spatial valid AND annotation-valid where available,none,sabids-evaluator-v0-20260828,1.0,1.0,1.0,runs/current/stage2_segment_roi_outside_fold0/validity_v0/group_metrics.csv,pku_0040;column=vessel_miou,observed,
current-f0-stage2_segment_roi_outside_fold0,current-f0-e3b-v0-one-frame-original-geometry,E3b,segment,42,0,b85ea0c87d7d49a446b1d3ff5a513a21433654b1d9098b91f83cca4edd220495,52,val,PKU37,pku_0040,,group,vessel_precision,0.713824677284831,ratio,512x512,640x640,1 px (physical spacing unverified),raw,0.5,0.35,spatial valid AND annotation-valid where available,none,sabids-evaluator-v0-20260828,1.0,1.0,1.0,runs/current/stage2_segment_roi_outside_fold0/validity_v0/group_metrics.csv,pku_0040;column=vessel_precision,observed,
current-f0-stage2_segment_roi_outside_fold0,current-f0-e3b-v0-one-frame-original-geometry,E3b,segment,42,0,b85ea0c87d7d49a446b1d3ff5a513a21433654b1d9098b91f83cca4edd220495,52,val,PKU37,pku_0040,,group,vessel_recall,0.8424269264905923,ratio,512x512,640x640,1 px (physical spacing unverified),raw,0.5,0.35,spatial valid AND annotation-valid where available,none,sabids-evaluator-v0-20260828,1.0,1.0,1.0,runs/current/stage2_segment_roi_outside_fold0/validity_v0/group_metrics.csv,pku_0040;column=vessel_recall,observed,
current-f0-stage2_segment_roi_outside_fold0,current-f0-e3b-v0-one-frame-original-geometry,E3b,segment,42,0,b85ea0c87d7d49a446b1d3ff5a513a21433654b1d9098b91f83cca4edd220495,52,val,PKU37,pku_0040,,group,vessel_specificity,0.9802955919591227,ratio,512x512,640x640,1 px (physical spacing unverified),raw,0.5,0.35,spatial valid AND annotation-valid where available,none,sabids-evaluator-v0-20260828,1.0,1.0,1.0,runs/current/stage2_segment_roi_outside_fold0/validity_v0/group_metrics.csv,pku_0040;column=vessel_specificity,observed,
current-f0-stage2_segment_roi_outside_fold0,current-f0-e3b-v0-one-frame-original-geometry,E3b,segment,42,0,b85ea0c87d7d49a446b1d3ff5a513a21433654b1d9098b91f83cca4edd220495,52,val,PKU37,pku_0040,,group,vessel_accuracy,0.9726953125000668,ratio,512x512,640x640,1 px (physical spacing unverified),raw,0.5,0.35,spatial valid AND annotation-valid where available,none,sabids-evaluator-v0-20260828,1.0,1.0,1.0,runs/current/stage2_segment_roi_outside_fold0/validity_v0/group_metrics.csv,pku_0040;column=vessel_accuracy,observed,
current-f0-stage2_segment_roi_outside_fold0,current-f0-e3b-v0-one-frame-original-geometry,E3b,segment,42,0,b85ea0c87d7d49a446b1d3ff5a513a21433654b1d9098b91f83cca4edd220495,52,val,PKU37,pku_0040,,group,vessel_soft_dice,0.7110644509094758,ratio,512x512,640x640,1 px (physical spacing unverified),raw,0.5,0.35,spatial valid AND annotation-valid where available,none,sabids-evaluator-v0-20260828,1.0,1.0,1.0,runs/current/stage2_segment_roi_outside_fold0/validity_v0/group_metrics.csv,pku_0040;column=vessel_soft_dice,observed,
current-f0-stage2_segment_roi_outside_fold0,current-f0-e3b-v0-one-frame-original-geometry,E3b,segment,42,0,b85ea0c87d7d49a446b1d3ff5a513a21433654b1d9098b91f83cca4edd220495,52,val,PKU37,pku_0040,,group,vessel_roi_dice,0.7889345112233227,ratio,512x512,640x640,1 px (physical spacing unverified),raw,0.5,0.35,spatial valid AND annotation-valid where available,none,sabids-evaluator-v0-20260828,1.0,1.0,1.0,runs/current/stage2_segment_roi_outside_fold0/validity_v0/group_metrics.csv,pku_0040;column=vessel_roi_dice,observed,
current-f0-stage2_segment_roi_outside_fold0,current-f0-e3b-v0-one-frame-original-geometry,E3b,segment,42,0,b85ea0c87d7d49a446b1d3ff5a513a21433654b1d9098b91f83cca4edd220495,52,val,PKU37,pku_0040,,group,vessel_roi_iou,0.6514383561763206,ratio,512x512,640x640,1 px (physical spacing unverified),raw,0.5,0.35,spatial valid AND annotation-valid where available,none,sabids-evaluator-v0-20260828,1.0,1.0,1.0,runs/current/stage2_segment_roi_outside_fold0/validity_v0/group_metrics.csv,pku_0040;column=vessel_roi_iou,observed,
current-f0-stage2_segment_roi_outside_fold0,current-f0-e3b-v0-one-frame-original-geometry,E3b,segment,42,0,b85ea0c87d7d49a446b1d3ff5a513a21433654b1d9098b91f83cca4edd220495,52,val,PKU37,pku_0040,,group,vessel_roi_background_iou,0.7372470053764651,ratio,512x512,640x640,1 px (physical spacing unverified),raw,0.5,0.35,spatial valid AND annotation-valid where available,none,sabids-evaluator-v0-20260828,1.0,1.0,1.0,runs/current/stage2_segment_roi_outside_fold0/validity_v0/group_metrics.csv,pku_0040;column=vessel_roi_background_iou,observed,
current-f0-stage2_segment_roi_outside_fold0,current-f0-e3b-v0-one-frame-original-geometry,E3b,segment,42,0,b85ea0c87d7d49a446b1d3ff5a513a21433654b1d9098b91f83cca4edd220495,52,val,PKU37,pku_0040,,group,vessel_roi_miou,0.6943426807763928,ratio,512x512,640x640,1 px (physical spacing unverified),raw,0.5,0.35,spatial valid AND annotation-valid where available,none,sabids-evaluator-v0-20260828,1.0,1.0,1.0,runs/current/stage2_segment_roi_outside_fold0/validity_v0/group_metrics.csv,pku_0040;column=vessel_roi_miou,observed,
current-f0-stage2_segment_roi_outside_fold0,current-f0-e3b-v0-one-frame-original-geometry,E3b,segment,42,0,b85ea0c87d7d49a446b1d3ff5a513a21433654b1d9098b91f83cca4edd220495,52,val,PKU37,pku_0040,,group,vessel_roi_precision,0.7418298104772705,ratio,512x512,640x640,1 px (physical spacing unverified),raw,0.5,0.35,spatial valid AND annotation-valid where available,none,sabids-evaluator-v0-20260828,1.0,1.0,1.0,runs/current/stage2_segment_roi_outside_fold0/validity_v0/group_metrics.csv,pku_0040;column=vessel_roi_precision,observed,
current-f0-stage2_segment_roi_outside_fold0,current-f0-e3b-v0-one-frame-original-geometry,E3b,segment,42,0,b85ea0c87d7d49a446b1d3ff5a513a21433654b1d9098b91f83cca4edd220495,52,val,PKU37,pku_0040,,group,vessel_roi_recall,0.8424269264905923,ratio,512x512,640x640,1 px (physical spacing unverified),raw,0.5,0.35,spatial valid AND annotation-valid where available,none,sabids-evaluator-v0-20260828,1.0,1.0,1.0,runs/current/stage2_segment_roi_outside_fold0/validity_v0/group_metrics.csv,pku_0040;column=vessel_roi_recall,observed,
current-f0-stage2_segment_roi_outside_fold0,current-f0-e3b-v0-one-frame-original-geometry,E3b,segment,42,0,b85ea0c87d7d49a446b1d3ff5a513a21433654b1d9098b91f83cca4edd220495,52,val,PKU37,pku_0040,,group,vessel_roi_specificity,0.811814202063454,ratio,512x512,640x640,1 px (physical spacing unverified),raw,0.5,0.35,spatial valid AND annotation-valid where available,none,sabids-evaluator-v0-20260828,1.0,1.0,1.0,runs/current/stage2_segment_roi_outside_fold0/validity_v0/group_metrics.csv,pku_0040;column=vessel_roi_specificity,observed,
current-f0-stage2_segment_roi_outside_fold0,current-f0-e3b-v0-one-frame-original-geometry,E3b,segment,42,0,b85ea0c87d7d49a446b1d3ff5a513a21433654b1d9098b91f83cca4edd220495,52,val,PKU37,pku_0040,,group,vessel_roi_accuracy,0.8237819869139551,ratio,512x512,640x640,1 px (physical spacing unverified),raw,0.5,0.35,spatial valid AND annotation-valid where available,none,sabids-evaluator-v0-20260828,1.0,1.0,1.0,runs/current/stage2_segment_roi_outside_fold0/validity_v0/group_metrics.csv,pku_0040;column=vessel_roi_accuracy,observed,
current-f0-stage2_segment_roi_outside_fold0,current-f0-e3b-v0-one-frame-original-geometry,E3b,segment,42,0,b85ea0c87d7d49a446b1d3ff5a513a21433654b1d9098b91f83cca4edd220495,52,val,PKU37,pku_0040,,group,vessel_area_fraction_pred,0.443955815644586,ratio,512x512,640x640,1 px (physical spacing unverified),raw,0.5,0.35,spatial valid AND annotation-valid where available,none,sabids-evaluator-v0-20260828,1.0,1.0,1.0,runs/current/stage2_segment_roi_outside_fold0/validity_v0/group_metrics.csv,pku_0040;column=vessel_area_fraction_pred,observed,
current-f0-stage2_segment_roi_outside_fold0,current-f0-e3b-v0-one-frame-original-geometry,E3b,segment,42,0,b85ea0c87d7d49a446b1d3ff5a513a21433654b1d9098b91f83cca4edd220495,52,val,PKU37,pku_0040,,group,vessel_area_fraction_true,0.3909415145953807,ratio,512x512,640x640,1 px (physical spacing unverified),raw,0.5,0.35,spatial valid AND annotation-valid where available,none,sabids-evaluator-v0-20260828,1.0,1.0,1.0,runs/current/stage2_segment_roi_outside_fold0/validity_v0/group_metrics.csv,pku_0040;column=vessel_area_fraction_true,observed,
current-f0-stage2_segment_roi_outside_fold0,current-f0-e3b-v0-one-frame-original-geometry,E3b,segment,42,0,b85ea0c87d7d49a446b1d3ff5a513a21433654b1d9098b91f83cca4edd220495,52,val,PKU37,pku_0040,,group,vessel_area_fraction_mae,0.0530143010492052,px,512x512,640x640,1 px (physical spacing unverified),raw,0.5,0.35,spatial valid AND annotation-valid where available,none,sabids-evaluator-v0-20260828,1.0,1.0,1.0,runs/current/stage2_segment_roi_outside_fold0/validity_v0/group_metrics.csv,pku_0040;column=vessel_area_fraction_mae,observed,
current-f0-stage2_segment_roi_outside_fold0,current-f0-e3b-v0-one-frame-original-geometry,E3b,segment,42,0,b85ea0c87d7d49a446b1d3ff5a513a21433654b1d9098b91f83cca4edd220495,52,val,PKU37,pku_0040,,group,vessel_outside_gt_layer_fraction,0.0377514259981987,ratio,512x512,640x640,1 px (physical spacing unverified),raw,0.5,0.35,spatial valid AND annotation-valid where available,none,sabids-evaluator-v0-20260828,1.0,1.0,1.0,runs/current/stage2_segment_roi_outside_fold0/validity_v0/group_metrics.csv,pku_0040;column=vessel_outside_gt_layer_fraction,observed,
current-f0-stage2_segment_roi_outside_fold0,current-f0-e3b-v0-one-frame-original-geometry,E3b,segment,42,0,b85ea0c87d7d49a446b1d3ff5a513a21433654b1d9098b91f83cca4edd220495,52,val,PKU37,pku_0040,,group,vessel_error_outside_gt_and_pred_layer_pixels,966.0,px,512x512,640x640,1 px (physical spacing unverified),raw,0.5,0.35,spatial valid AND annotation-valid where available,none,sabids-evaluator-v0-20260828,1.0,1.0,1.0,runs/current/stage2_segment_roi_outside_fold0/validity_v0/group_metrics.csv,pku_0040;column=vessel_error_outside_gt_and_pred_layer_pixels,observed,
current-f0-stage2_segment_roi_outside_fold0,current-f0-e3b-v0-one-frame-original-geometry,E3b,segment,42,0,b85ea0c87d7d49a446b1d3ff5a513a21433654b1d9098b91f83cca4edd220495,52,val,PKU37,pku_0040,,group,vessel_error_outside_gt_and_pred_layer_fraction,0.0362503752626838,ratio,512x512,640x640,1 px (physical spacing unverified),raw,0.5,0.35,spatial valid AND annotation-valid where available,none,sabids-evaluator-v0-20260828,1.0,1.0,1.0,runs/current/stage2_segment_roi_outside_fold0/validity_v0/group_metrics.csv,pku_0040;column=vessel_error_outside_gt_and_pred_layer_fraction,observed,
current-f0-stage2_segment_roi_outside_fold0,current-f0-e3b-v0-one-frame-original-geometry,E3b,segment,42,0,b85ea0c87d7d49a446b1d3ff5a513a21433654b1d9098b91f83cca4edd220495,52,val,PKU37,pku_0040,,group,vessel_error_outside_gt_inside_pred_layer_pixels,40.0,px,512x512,640x640,1 px (physical spacing unverified),raw,0.5,0.35,spatial valid AND annotation-valid where available,none,sabids-evaluator-v0-20260828,1.0,1.0,1.0,runs/current/stage2_segment_roi_outside_fold0/validity_v0/group_metrics.csv,pku_0040;column=vessel_error_outside_gt_inside_pred_layer_pixels,observed,
current-f0-stage2_segment_roi_outside_fold0,current-f0-e3b-v0-one-frame-original-geometry,E3b,segment,42,0,b85ea0c87d7d49a446b1d3ff5a513a21433654b1d9098b91f83cca4edd220495,52,val,PKU37,pku_0040,,group,vessel_error_outside_gt_inside_pred_layer_fraction,0.0015010507355148,ratio,512x512,640x640,1 px (physical spacing unverified),raw,0.5,0.35,spatial valid AND annotation-valid where available,none,sabids-evaluator-v0-20260828,1.0,1.0,1.0,runs/current/stage2_segment_roi_outside_fold0/validity_v0/group_metrics.csv,pku_0040;column=vessel_error_outside_gt_inside_pred_layer_fraction,observed,
current-f0-stage2_segment_roi_outside_fold0,current-f0-e3b-v0-one-frame-original-geometry,E3b,segment,42,0,b85ea0c87d7d49a446b1d3ff5a513a21433654b1d9098b91f83cca4edd220495,52,val,PKU37,pku_0040,,group,gt_vessel_outside_pred_layer_pixels,237.0,px,512x512,640x640,1 px (physical spacing unverified),raw,0.5,0.35,spatial valid AND annotation-valid where available,none,sabids-evaluator-v0-20260828,1.0,1.0,1.0,runs/current/stage2_segment_roi_outside_fold0/validity_v0/group_metrics.csv,pku_0040;column=gt_vessel_outside_pred_layer_pixels,observed,
current-f0-stage2_segment_roi_outside_fold0,current-f0-e3b-v0-one-frame-original-geometry,E3b,segment,42,0,b85ea0c87d7d49a446b1d3ff5a513a21433654b1d9098b91f83cca4edd220495,52,val,PKU37,pku_0040,,group,gt_vessel_outside_pred_layer_fraction,0.0104960141718334,ratio,512x512,640x640,1 px (physical spacing unverified),raw,0.5,0.35,spatial valid AND annotation-valid where available,none,sabids-evaluator-v0-20260828,1.0,1.0,1.0,runs/current/stage2_segment_roi_outside_fold0/validity_v0/group_metrics.csv,pku_0040;column=gt_vessel_outside_pred_layer_fraction,observed,
current-f0-stage2_segment_roi_outside_fold0,current-f0-e3b-v0-one-frame-original-geometry,E3b,segment,42,0,b85ea0c87d7d49a446b1d3ff5a513a21433654b1d9098b91f83cca4edd220495,52,val,PKU37,pku_0040,,group,vessel_oracle_gt_layer_dice,0.7889345112233227,ratio,512x512,640x640,1 px (physical spacing unverified),raw,0.5,0.35,spatial valid AND annotation-valid where available,none,sabids-evaluator-v0-20260828,1.0,1.0,1.0,runs/current/stage2_segment_roi_outside_fold0/validity_v0/group_metrics.csv,pku_0040;column=vessel_oracle_gt_layer_dice,observed,
current-f0-stage2_segment_roi_outside_fold0,current-f0-e3b-v0-one-frame-original-geometry,E3b,segment,42,0,b85ea0c87d7d49a446b1d3ff5a513a21433654b1d9098b91f83cca4edd220495,52,val,PKU37,pku_0040,,group,vessel_oracle_gt_layer_iou,0.6514383561763206,ratio,512x512,640x640,1 px (physical spacing unverified),raw,0.5,0.35,spatial valid AND annotation-valid where available,none,sabids-evaluator-v0-20260828,1.0,1.0,1.0,runs/current/stage2_segment_roi_outside_fold0/validity_v0/group_metrics.csv,pku_0040;column=vessel_oracle_gt_layer_iou,observed,
current-f0-stage2_segment_roi_outside_fold0,current-f0-e3b-v0-one-frame-original-geometry,E3b,segment,42,0,b85ea0c87d7d49a446b1d3ff5a513a21433654b1d9098b91f83cca4edd220495,52,val,PKU37,pku_0040,,group,vessel_oracle_gt_layer_background_iou,0.9739411846033982,ratio,512x512,640x640,1 px (physical spacing unverified),raw,0.5,0.35,spatial valid AND annotation-valid where available,none,sabids-evaluator-v0-20260828,1.0,1.0,1.0,runs/current/stage2_segment_roi_outside_fold0/validity_v0/group_metrics.csv,pku_0040;column=vessel_oracle_gt_layer_background_iou,observed,
current-f0-stage2_segment_roi_outside_fold0,current-f0-e3b-v0-one-frame-original-geometry,E3b,segment,42,0,b85ea0c87d7d49a446b1d3ff5a513a21433654b1d9098b91f83cca4edd220495,52,val,PKU37,pku_0040,,group,vessel_oracle_gt_layer_miou,0.8126897703898595,ratio,512x512,640x640,1 px (physical spacing unverified),raw,0.5,0.35,spatial valid AND annotation-valid where available,none,sabids-evaluator-v0-20260828,1.0,1.0,1.0,runs/current/stage2_segment_roi_outside_fold0/validity_v0/group_metrics.csv,pku_0040;column=vessel_oracle_gt_layer_miou,observed,
current-f0-stage2_segment_roi_outside_fold0,current-f0-e3b-v0-one-frame-original-geometry,E3b,segment,42,0,b85ea0c87d7d49a446b1d3ff5a513a21433654b1d9098b91f83cca4edd220495,52,val,PKU37,pku_0040,,group,vessel_oracle_gt_layer_precision,0.7418298104772705,ratio,512x512,640x640,1 px (physical spacing unverified),raw,0.5,0.35,spatial valid AND annotation-valid where available,none,sabids-evaluator-v0-20260828,1.0,1.0,1.0,runs/current/stage2_segment_roi_outside_fold0/validity_v0/group_metrics.csv,pku_0040;column=vessel_oracle_gt_layer_precision,observed,
current-f0-stage2_segment_roi_outside_fold0,current-f0-e3b-v0-one-frame-original-geometry,E3b,segment,42,0,b85ea0c87d7d49a446b1d3ff5a513a21433654b1d9098b91f83cca4edd220495,52,val,PKU37,pku_0040,,group,vessel_oracle_gt_layer_recall,0.8424269264905923,ratio,512x512,640x640,1 px (physical spacing unverified),raw,0.5,0.35,spatial valid AND annotation-valid where available,none,sabids-evaluator-v0-20260828,1.0,1.0,1.0,runs/current/stage2_segment_roi_outside_fold0/validity_v0/group_metrics.csv,pku_0040;column=vessel_oracle_gt_layer_recall,observed,
current-f0-stage2_segment_roi_outside_fold0,current-f0-e3b-v0-one-frame-original-geometry,E3b,segment,42,0,b85ea0c87d7d49a446b1d3ff5a513a21433654b1d9098b91f83cca4edd220495,52,val,PKU37,pku_0040,,group,vessel_oracle_gt_layer_specificity,0.9828949408299754,ratio,512x512,640x640,1 px (physical spacing unverified),raw,0.5,0.35,spatial valid AND annotation-valid where available,none,sabids-evaluator-v0-20260828,1.0,1.0,1.0,runs/current/stage2_segment_roi_outside_fold0/validity_v0/group_metrics.csv,pku_0040;column=vessel_oracle_gt_layer_specificity,observed,
current-f0-stage2_segment_roi_outside_fold0,current-f0-e3b-v0-one-frame-original-geometry,E3b,segment,42,0,b85ea0c87d7d49a446b1d3ff5a513a21433654b1d9098b91f83cca4edd220495,52,val,PKU37,pku_0040,,group,vessel_oracle_gt_layer_accuracy,0.9751513671875608,ratio,512x512,640x640,1 px (physical spacing unverified),raw,0.5,0.35,spatial valid AND annotation-valid where available,none,sabids-evaluator-v0-20260828,1.0,1.0,1.0,runs/current/stage2_segment_roi_outside_fold0/validity_v0/group_metrics.csv,pku_0040;column=vessel_oracle_gt_layer_accuracy,observed,
current-f0-stage2_segment_roi_outside_fold0,current-f0-e3b-v0-one-frame-original-geometry,E3b,segment,42,0,b85ea0c87d7d49a446b1d3ff5a513a21433654b1d9098b91f83cca4edd220495,52,val,PKU37,pku_0040,,group,vessel_pred_layer_soft_gate_dice,0.7870181712381592,ratio,512x512,640x640,1 px (physical spacing unverified),soft_gate,0.5,0.35,spatial valid AND annotation-valid where available,none,sabids-evaluator-v0-20260828,1.0,1.0,1.0,runs/current/stage2_segment_roi_outside_fold0/validity_v0/group_metrics.csv,pku_0040;column=vessel_pred_layer_soft_gate_dice,observed,
current-f0-stage2_segment_roi_outside_fold0,current-f0-e3b-v0-one-frame-original-geometry,E3b,segment,42,0,b85ea0c87d7d49a446b1d3ff5a513a21433654b1d9098b91f83cca4edd220495,52,val,PKU37,pku_0040,,group,vessel_pred_layer_soft_gate_iou,0.6488293167992586,ratio,512x512,640x640,1 px (physical spacing unverified),soft_gate,0.5,0.35,spatial valid AND annotation-valid where available,none,sabids-evaluator-v0-20260828,1.0,1.0,1.0,runs/current/stage2_segment_roi_outside_fold0/validity_v0/group_metrics.csv,pku_0040;column=vessel_pred_layer_soft_gate_iou,observed,
current-f0-stage2_segment_roi_outside_fold0,current-f0-e3b-v0-one-frame-original-geometry,E3b,segment,42,0,b85ea0c87d7d49a446b1d3ff5a513a21433654b1d9098b91f83cca4edd220495,52,val,PKU37,pku_0040,,group,vessel_pred_layer_soft_gate_background_iou,0.9737785820879,ratio,512x512,640x640,1 px (physical spacing unverified),soft_gate,0.5,0.35,spatial valid AND annotation-valid where available,none,sabids-evaluator-v0-20260828,1.0,1.0,1.0,runs/current/stage2_segment_roi_outside_fold0/validity_v0/group_metrics.csv,pku_0040;column=vessel_pred_layer_soft_gate_background_iou,observed,
current-f0-stage2_segment_roi_outside_fold0,current-f0-e3b-v0-one-frame-original-geometry,E3b,segment,42,0,b85ea0c87d7d49a446b1d3ff5a513a21433654b1d9098b91f83cca4edd220495,52,val,PKU37,pku_0040,,group,vessel_pred_layer_soft_gate_miou,0.8113039494435794,ratio,512x512,640x640,1 px (physical spacing unverified),soft_gate,0.5,0.35,spatial valid AND annotation-valid where available,none,sabids-evaluator-v0-20260828,1.0,1.0,1.0,runs/current/stage2_segment_roi_outside_fold0/validity_v0/group_metrics.csv,pku_0040;column=vessel_pred_layer_soft_gate_miou,observed,
current-f0-stage2_segment_roi_outside_fold0,current-f0-e3b-v0-one-frame-original-geometry,E3b,segment,42,0,b85ea0c87d7d49a446b1d3ff5a513a21433654b1d9098b91f83cca4edd220495,52,val,PKU37,pku_0040,,group,vessel_pred_layer_soft_gate_precision,0.7417117329045493,ratio,512x512,640x640,1 px (physical spacing unverified),soft_gate,0.5,0.35,spatial valid AND annotation-valid where available,none,sabids-evaluator-v0-20260828,1.0,1.0,1.0,runs/current/stage2_segment_roi_outside_fold0/validity_v0/group_metrics.csv,pku_0040;column=vessel_pred_layer_soft_gate_precision,observed,
current-f0-stage2_segment_roi_outside_fold0,current-f0-e3b-v0-one-frame-original-geometry,E3b,segment,42,0,b85ea0c87d7d49a446b1d3ff5a513a21433654b1d9098b91f83cca4edd220495,52,val,PKU37,pku_0040,,group,vessel_pred_layer_soft_gate_recall,0.8382196634261196,ratio,512x512,640x640,1 px (physical spacing unverified),soft_gate,0.5,0.35,spatial valid AND annotation-valid where available,none,sabids-evaluator-v0-20260828,1.0,1.0,1.0,runs/current/stage2_segment_roi_outside_fold0/validity_v0/group_metrics.csv,pku_0040;column=vessel_pred_layer_soft_gate_recall,observed,
current-f0-stage2_segment_roi_outside_fold0,current-f0-e3b-v0-one-frame-original-geometry,E3b,segment,42,0,b85ea0c87d7d49a446b1d3ff5a513a21433654b1d9098b91f83cca4edd220495,52,val,PKU37,pku_0040,,group,vessel_pred_layer_soft_gate_specificity,0.9829698723580615,ratio,512x512,640x640,1 px (physical spacing unverified),soft_gate,0.5,0.35,spatial valid AND annotation-valid where available,none,sabids-evaluator-v0-20260828,1.0,1.0,1.0,runs/current/stage2_segment_roi_outside_fold0/validity_v0/group_metrics.csv,pku_0040;column=vessel_pred_layer_soft_gate_specificity,observed,
current-f0-stage2_segment_roi_outside_fold0,current-f0-e3b-v0-one-frame-original-geometry,E3b,segment,42,0,b85ea0c87d7d49a446b1d3ff5a513a21433654b1d9098b91f83cca4edd220495,52,val,PKU37,pku_0040,,group,vessel_pred_layer_soft_gate_accuracy,0.974990234375061,ratio,512x512,640x640,1 px (physical spacing unverified),soft_gate,0.5,0.35,spatial valid AND annotation-valid where available,none,sabids-evaluator-v0-20260828,1.0,1.0,1.0,runs/current/stage2_segment_roi_outside_fold0/validity_v0/group_metrics.csv,pku_0040;column=vessel_pred_layer_soft_gate_accuracy,observed,
current-f0-stage2_segment_roi_outside_fold0,current-f0-e3b-v0-one-frame-original-geometry,E3b,segment,42,0,b85ea0c87d7d49a446b1d3ff5a513a21433654b1d9098b91f83cca4edd220495,52,val,PKU37,pku_0040,,group,vessel_pred_layer_soft_gate_soft_dice,0.7252069999852593,ratio,512x512,640x640,1 px (physical spacing unverified),soft_gate,0.5,0.35,spatial valid AND annotation-valid where available,none,sabids-evaluator-v0-20260828,1.0,1.0,1.0,runs/current/stage2_segment_roi_outside_fold0/validity_v0/group_metrics.csv,pku_0040;column=vessel_pred_layer_soft_gate_soft_dice,observed,
current-f0-stage2_segment_roi_outside_fold0,current-f0-e3b-v0-one-frame-original-geometry,E3b,segment,42,0,b85ea0c87d7d49a446b1d3ff5a513a21433654b1d9098b91f83cca4edd220495,52,val,PKU37,pku_0040,,group,vessel_gt_component_small_count,5.0,ratio,512x512,640x640,1 px (physical spacing unverified),raw,0.5,0.35,spatial valid AND annotation-valid where available,none,sabids-evaluator-v0-20260828,1.0,1.0,1.0,runs/current/stage2_segment_roi_outside_fold0/validity_v0/group_metrics.csv,pku_0040;column=vessel_gt_component_small_count,observed,
current-f0-stage2_segment_roi_outside_fold0,current-f0-e3b-v0-one-frame-original-geometry,E3b,segment,42,0,b85ea0c87d7d49a446b1d3ff5a513a21433654b1d9098b91f83cca4edd220495,52,val,PKU37,pku_0040,,group,vessel_gt_component_small_pixels,490.0,px,512x512,640x640,1 px (physical spacing unverified),raw,0.5,0.35,spatial valid AND annotation-valid where available,none,sabids-evaluator-v0-20260828,1.0,1.0,1.0,runs/current/stage2_segment_roi_outside_fold0/validity_v0/group_metrics.csv,pku_0040;column=vessel_gt_component_small_pixels,observed,
current-f0-stage2_segment_roi_outside_fold0,current-f0-e3b-v0-one-frame-original-geometry,E3b,segment,42,0,b85ea0c87d7d49a446b1d3ff5a513a21433654b1d9098b91f83cca4edd220495,52,val,PKU37,pku_0040,,group,vessel_gt_component_small_pixel_recall,0.5081632653061224,ratio,512x512,640x640,1 px (physical spacing unverified),raw,0.5,0.35,spatial valid AND annotation-valid where available,none,sabids-evaluator-v0-20260828,1.0,1.0,1.0,runs/current/stage2_segment_roi_outside_fold0/validity_v0/group_metrics.csv,pku_0040;column=vessel_gt_component_small_pixel_recall,observed,
current-f0-stage2_segment_roi_outside_fold0,current-f0-e3b-v0-one-frame-original-geometry,E3b,segment,42,0,b85ea0c87d7d49a446b1d3ff5a513a21433654b1d9098b91f83cca4edd220495,52,val,PKU37,pku_0040,,group,vessel_gt_component_small_detection_recall,0.8,ratio,512x512,640x640,1 px (physical spacing unverified),raw,0.5,0.35,spatial valid AND annotation-valid where available,none,sabids-evaluator-v0-20260828,1.0,1.0,1.0,runs/current/stage2_segment_roi_outside_fold0/validity_v0/group_metrics.csv,pku_0040;column=vessel_gt_component_small_detection_recall,observed,
current-f0-stage2_segment_roi_outside_fold0,current-f0-e3b-v0-one-frame-original-geometry,E3b,segment,42,0,b85ea0c87d7d49a446b1d3ff5a513a21433654b1d9098b91f83cca4edd220495,52,val,PKU37,pku_0040,,group,vessel_gt_component_medium_count,11.0,ratio,512x512,640x640,1 px (physical spacing unverified),raw,0.5,0.35,spatial valid AND annotation-valid where available,none,sabids-evaluator-v0-20260828,1.0,1.0,1.0,runs/current/stage2_segment_roi_outside_fold0/validity_v0/group_metrics.csv,pku_0040;column=vessel_gt_component_medium_count,observed,
current-f0-stage2_segment_roi_outside_fold0,current-f0-e3b-v0-one-frame-original-geometry,E3b,segment,42,0,b85ea0c87d7d49a446b1d3ff5a513a21433654b1d9098b91f83cca4edd220495,52,val,PKU37,pku_0040,,group,vessel_gt_component_medium_pixels,2053.0,px,512x512,640x640,1 px (physical spacing unverified),raw,0.5,0.35,spatial valid AND annotation-valid where available,none,sabids-evaluator-v0-20260828,1.0,1.0,1.0,runs/current/stage2_segment_roi_outside_fold0/validity_v0/group_metrics.csv,pku_0040;column=vessel_gt_component_medium_pixels,observed,
current-f0-stage2_segment_roi_outside_fold0,current-f0-e3b-v0-one-frame-original-geometry,E3b,segment,42,0,b85ea0c87d7d49a446b1d3ff5a513a21433654b1d9098b91f83cca4edd220495,52,val,PKU37,pku_0040,,group,vessel_gt_component_medium_pixel_recall,0.810034096444228,ratio,512x512,640x640,1 px (physical spacing unverified),raw,0.5,0.35,spatial valid AND annotation-valid where available,none,sabids-evaluator-v0-20260828,1.0,1.0,1.0,runs/current/stage2_segment_roi_outside_fold0/validity_v0/group_metrics.csv,pku_0040;column=vessel_gt_component_medium_pixel_recall,observed,
current-f0-stage2_segment_roi_outside_fold0,current-f0-e3b-v0-one-frame-original-geometry,E3b,segment,42,0,b85ea0c87d7d49a446b1d3ff5a513a21433654b1d9098b91f83cca4edd220495,52,val,PKU37,pku_0040,,group,vessel_gt_component_medium_detection_recall,1.0,ratio,512x512,640x640,1 px (physical spacing unverified),raw,0.5,0.35,spatial valid AND annotation-valid where available,none,sabids-evaluator-v0-20260828,1.0,1.0,1.0,runs/current/stage2_segment_roi_outside_fold0/validity_v0/group_metrics.csv,pku_0040;column=vessel_gt_component_medium_detection_recall,observed,
current-f0-stage2_segment_roi_outside_fold0,current-f0-e3b-v0-one-frame-original-geometry,E3b,segment,42,0,b85ea0c87d7d49a446b1d3ff5a513a21433654b1d9098b91f83cca4edd220495,52,val,PKU37,pku_0040,,group,vessel_gt_component_large_count,18.0,ratio,512x512,640x640,1 px (physical spacing unverified),raw,0.5,0.35,spatial valid AND annotation-valid where available,none,sabids-evaluator-v0-20260828,1.0,1.0,1.0,runs/current/stage2_segment_roi_outside_fold0/validity_v0/group_metrics.csv,pku_0040;column=vessel_gt_component_large_count,observed,
current-f0-stage2_segment_roi_outside_fold0,current-f0-e3b-v0-one-frame-original-geometry,E3b,segment,42,0,b85ea0c87d7d49a446b1d3ff5a513a21433654b1d9098b91f83cca4edd220495,52,val,PKU37,pku_0040,,group,vessel_gt_component_large_pixels,20037.0,px,512x512,640x640,1 px (physical spacing unverified),raw,0.5,0.35,spatial valid AND annotation-valid where available,none,sabids-evaluator-v0-20260828,1.0,1.0,1.0,runs/current/stage2_segment_roi_outside_fold0/validity_v0/group_metrics.csv,pku_0040;column=vessel_gt_component_large_pixels,observed,
current-f0-stage2_segment_roi_outside_fold0,current-f0-e3b-v0-one-frame-original-geometry,E3b,segment,42,0,b85ea0c87d7d49a446b1d3ff5a513a21433654b1d9098b91f83cca4edd220495,52,val,PKU37,pku_0040,,group,vessel_gt_component_large_pixel_recall,0.8539202475420472,ratio,512x512,640x640,1 px (physical spacing unverified),raw,0.5,0.35,spatial valid AND annotation-valid where available,none,sabids-evaluator-v0-20260828,1.0,1.0,1.0,runs/current/stage2_segment_roi_outside_fold0/validity_v0/group_metrics.csv,pku_0040;column=vessel_gt_component_large_pixel_recall,observed,
current-f0-stage2_segment_roi_outside_fold0,current-f0-e3b-v0-one-frame-original-geometry,E3b,segment,42,0,b85ea0c87d7d49a446b1d3ff5a513a21433654b1d9098b91f83cca4edd220495,52,val,PKU37,pku_0040,,group,vessel_gt_component_large_detection_recall,1.0,ratio,512x512,640x640,1 px (physical spacing unverified),raw,0.5,0.35,spatial valid AND annotation-valid where available,none,sabids-evaluator-v0-20260828,1.0,1.0,1.0,runs/current/stage2_segment_roi_outside_fold0/validity_v0/group_metrics.csv,pku_0040;column=vessel_gt_component_large_detection_recall,observed,
current-f0-stage2_segment_roi_outside_fold0,current-f0-e3b-v0-one-frame-original-geometry,E3b,segment,42,0,b85ea0c87d7d49a446b1d3ff5a513a21433654b1d9098b91f83cca4edd220495,52,val,PKU37,pku_0040,,group,vessel_boundary_band_dice,0.6893109428666592,ratio,512x512,640x640,1 px (physical spacing unverified),raw,0.5,0.35,spatial valid AND annotation-valid where available,none,sabids-evaluator-v0-20260828,1.0,1.0,1.0,runs/current/stage2_segment_roi_outside_fold0/validity_v0/group_metrics.csv,pku_0040;column=vessel_boundary_band_dice,observed,
current-f0-stage2_segment_roi_outside_fold0,current-f0-e3b-v0-one-frame-original-geometry,E3b,segment,42,0,b85ea0c87d7d49a446b1d3ff5a513a21433654b1d9098b91f83cca4edd220495,52,val,PKU37,pku_0040,,group,vessel_boundary_band_iou,0.52591492935352,ratio,512x512,640x640,1 px (physical spacing unverified),raw,0.5,0.35,spatial valid AND annotation-valid where available,none,sabids-evaluator-v0-20260828,1.0,1.0,1.0,runs/current/stage2_segment_roi_outside_fold0/validity_v0/group_metrics.csv,pku_0040;column=vessel_boundary_band_iou,observed,
current-f0-stage2_segment_roi_outside_fold0,current-f0-e3b-v0-one-frame-original-geometry,E3b,segment,42,0,b85ea0c87d7d49a446b1d3ff5a513a21433654b1d9098b91f83cca4edd220495,52,val,PKU37,pku_0040,,group,vessel_boundary_band_background_iou,0.4414873394082969,ratio,512x512,640x640,1 px (physical spacing unverified),raw,0.5,0.35,spatial valid AND annotation-valid where available,none,sabids-evaluator-v0-20260828,1.0,1.0,1.0,runs/current/stage2_segment_roi_outside_fold0/validity_v0/group_metrics.csv,pku_0040;column=vessel_boundary_band_background_iou,observed,
current-f0-stage2_segment_roi_outside_fold0,current-f0-e3b-v0-one-frame-original-geometry,E3b,segment,42,0,b85ea0c87d7d49a446b1d3ff5a513a21433654b1d9098b91f83cca4edd220495,52,val,PKU37,pku_0040,,group,vessel_boundary_band_miou,0.4837011343809084,ratio,512x512,640x640,1 px (physical spacing unverified),raw,0.5,0.35,spatial valid AND annotation-valid where available,none,sabids-evaluator-v0-20260828,1.0,1.0,1.0,runs/current/stage2_segment_roi_outside_fold0/validity_v0/group_metrics.csv,pku_0040;column=vessel_boundary_band_miou,observed,
current-f0-stage2_segment_roi_outside_fold0,current-f0-e3b-v0-one-frame-original-geometry,E3b,segment,42,0,b85ea0c87d7d49a446b1d3ff5a513a21433654b1d9098b91f83cca4edd220495,52,val,PKU37,pku_0040,,group,vessel_boundary_band_precision,0.6625467555974511,ratio,512x512,640x640,1 px (physical spacing unverified),raw,0.5,0.35,spatial valid AND annotation-valid where available,none,sabids-evaluator-v0-20260828,1.0,1.0,1.0,runs/current/stage2_segment_roi_outside_fold0/validity_v0/group_metrics.csv,pku_0040;column=vessel_boundary_band_precision,observed,
current-f0-stage2_segment_roi_outside_fold0,current-f0-e3b-v0-one-frame-original-geometry,E3b,segment,42,0,b85ea0c87d7d49a446b1d3ff5a513a21433654b1d9098b91f83cca4edd220495,52,val,PKU37,pku_0040,,group,vessel_boundary_band_recall,0.7183284845527349,ratio,512x512,640x640,1 px (physical spacing unverified),raw,0.5,0.35,spatial valid AND annotation-valid where available,none,sabids-evaluator-v0-20260828,1.0,1.0,1.0,runs/current/stage2_segment_roi_outside_fold0/validity_v0/group_metrics.csv,pku_0040;column=vessel_boundary_band_recall,observed,
current-f0-stage2_segment_roi_outside_fold0,current-f0-e3b-v0-one-frame-original-geometry,E3b,segment,42,0,b85ea0c87d7d49a446b1d3ff5a513a21433654b1d9098b91f83cca4edd220495,52,val,PKU37,pku_0040,,group,vessel_boundary_band_specificity,0.5831659301342742,ratio,512x512,640x640,1 px (physical spacing unverified),raw,0.5,0.35,spatial valid AND annotation-valid where available,none,sabids-evaluator-v0-20260828,1.0,1.0,1.0,runs/current/stage2_segment_roi_outside_fold0/validity_v0/group_metrics.csv,pku_0040;column=vessel_boundary_band_specificity,observed,
current-f0-stage2_segment_roi_outside_fold0,current-f0-e3b-v0-one-frame-original-geometry,E3b,segment,42,0,b85ea0c87d7d49a446b1d3ff5a513a21433654b1d9098b91f83cca4edd220495,52,val,PKU37,pku_0040,,group,vessel_boundary_band_accuracy,0.6551481290363328,ratio,512x512,640x640,1 px (physical spacing unverified),raw,0.5,0.35,spatial valid AND annotation-valid where available,none,sabids-evaluator-v0-20260828,1.0,1.0,1.0,runs/current/stage2_segment_roi_outside_fold0/validity_v0/group_metrics.csv,pku_0040;column=vessel_boundary_band_accuracy,observed,
current-f0-stage2_segment_roi_outside_fold0,current-f0-e3b-v0-one-frame-original-geometry,E3b,segment,42,0,b85ea0c87d7d49a446b1d3ff5a513a21433654b1d9098b91f83cca4edd220495,52,val,PKU37,pku_0040,,group,vessel_boundary_band_fp_pixels,4150.0,px,512x512,640x640,1 px (physical spacing unverified),raw,0.5,0.35,spatial valid AND annotation-valid where available,none,sabids-evaluator-v0-20260828,1.0,1.0,1.0,runs/current/stage2_segment_roi_outside_fold0/validity_v0/group_metrics.csv,pku_0040;column=vessel_boundary_band_fp_pixels,observed,
current-f0-stage2_segment_roi_outside_fold0,current-f0-e3b-v0-one-frame-original-geometry,E3b,segment,42,0,b85ea0c87d7d49a446b1d3ff5a513a21433654b1d9098b91f83cca4edd220495,52,val,PKU37,pku_0040,,group,vessel_boundary_band_fn_pixels,3195.0,px,512x512,640x640,1 px (physical spacing unverified),raw,0.5,0.35,spatial valid AND annotation-valid where available,none,sabids-evaluator-v0-20260828,1.0,1.0,1.0,runs/current/stage2_segment_roi_outside_fold0/validity_v0/group_metrics.csv,pku_0040;column=vessel_boundary_band_fn_pixels,observed,
current-f0-stage2_segment_roi_outside_fold0,current-f0-e3b-v0-one-frame-original-geometry,E3b,segment,42,0,b85ea0c87d7d49a446b1d3ff5a513a21433654b1d9098b91f83cca4edd220495,52,val,PKU37,pku_0040,,group,whole_layer_baseline_vessel_dice,0.5621250217884174,ratio,512x512,640x640,1 px (physical spacing unverified),raw,0.5,0.35,spatial valid AND annotation-valid where available,none,sabids-evaluator-v0-20260828,1.0,1.0,1.0,runs/current/stage2_segment_roi_outside_fold0/validity_v0/group_metrics.csv,pku_0040;column=whole_layer_baseline_vessel_dice,observed,
current-f0-stage2_segment_roi_outside_fold0,current-f0-e3b-v0-one-frame-original-geometry,E3b,segment,42,0,b85ea0c87d7d49a446b1d3ff5a513a21433654b1d9098b91f83cca4edd220495,52,val,PKU37,pku_0040,,group,empty_baseline_vessel_dice,4.428697962602803e-11,ratio,512x512,640x640,1 px (physical spacing unverified),raw,0.5,0.35,spatial valid AND annotation-valid where available,none,sabids-evaluator-v0-20260828,1.0,1.0,1.0,runs/current/stage2_segment_roi_outside_fold0/validity_v0/group_metrics.csv,pku_0040;column=empty_baseline_vessel_dice,observed,
current-f0-stage2_segment_roi_outside_fold0,current-f0-e3b-v0-one-frame-original-geometry,E3b,segment,42,0,b85ea0c87d7d49a446b1d3ff5a513a21433654b1d9098b91f83cca4edd220495,52,val,PKU37,pku_0040,,group,vessel_hd95,14.422205101855956,px,512x512,640x640,1 px (physical spacing unverified),raw,0.5,0.35,spatial valid AND annotation-valid where available,none,sabids-evaluator-v0-20260828,1.0,1.0,1.0,runs/current/stage2_segment_roi_outside_fold0/validity_v0/group_metrics.csv,pku_0040;column=vessel_hd95,observed,
current-f0-stage2_segment_roi_outside_fold0,current-f0-e3b-v0-one-frame-original-geometry,E3b,segment,42,0,b85ea0c87d7d49a446b1d3ff5a513a21433654b1d9098b91f83cca4edd220495,52,val,PKU37,pku_0040,,group,vessel_assd,4.3975071990853065,px,512x512,640x640,1 px (physical spacing unverified),raw,0.5,0.35,spatial valid AND annotation-valid where available,none,sabids-evaluator-v0-20260828,1.0,1.0,1.0,runs/current/stage2_segment_roi_outside_fold0/validity_v0/group_metrics.csv,pku_0040;column=vessel_assd,observed,
current-f0-stage2_segment_roi_outside_fold0,current-f0-e3b-v0-one-frame-original-geometry,E3b,segment,42,0,b85ea0c87d7d49a446b1d3ff5a513a21433654b1d9098b91f83cca4edd220495,52,val,PKU37,pku_0040,,group,p1_empty_input,0.0,ratio,512x512,640x640,1 px (physical spacing unverified),p1,0.5,0.35,spatial valid AND annotation-valid where available,p0-p3-v1,sabids-evaluator-v0-20260828,1.0,1.0,1.0,runs/current/stage2_segment_roi_outside_fold0/validity_v0/group_metrics.csv,pku_0040;column=p1_empty_input,observed,
current-f0-stage2_segment_roi_outside_fold0,current-f0-e3b-v0-one-frame-original-geometry,E3b,segment,42,0,b85ea0c87d7d49a446b1d3ff5a513a21433654b1d9098b91f83cca4edd220495,52,val,PKU37,pku_0040,,group,p1_component_count,2.0,ratio,512x512,640x640,1 px (physical spacing unverified),p1,0.5,0.35,spatial valid AND annotation-valid where available,p0-p3-v1,sabids-evaluator-v0-20260828,1.0,1.0,1.0,runs/current/stage2_segment_roi_outside_fold0/validity_v0/group_metrics.csv,pku_0040;column=p1_component_count,observed,
current-f0-stage2_segment_roi_outside_fold0,current-f0-e3b-v0-one-frame-original-geometry,E3b,segment,42,0,b85ea0c87d7d49a446b1d3ff5a513a21433654b1d9098b91f83cca4edd220495,52,val,PKU37,pku_0040,,group,p1_removed_pixels,108.0,px,512x512,640x640,1 px (physical spacing unverified),p1,0.5,0.35,spatial valid AND annotation-valid where available,p0-p3-v1,sabids-evaluator-v0-20260828,1.0,1.0,1.0,runs/current/stage2_segment_roi_outside_fold0/validity_v0/group_metrics.csv,pku_0040;column=p1_removed_pixels,observed,
current-f0-stage2_segment_roi_outside_fold0,current-f0-e3b-v0-one-frame-original-geometry,E3b,segment,42,0,b85ea0c87d7d49a446b1d3ff5a513a21433654b1d9098b91f83cca4edd220495,52,val,PKU37,pku_0040,,group,p1_filled_pixels,0.0,px,512x512,640x640,1 px (physical spacing unverified),p1,0.5,0.35,spatial valid AND annotation-valid where available,p0-p3-v1,sabids-evaluator-v0-20260828,1.0,1.0,1.0,runs/current/stage2_segment_roi_outside_fold0/validity_v0/group_metrics.csv,pku_0040;column=p1_filled_pixels,observed,
current-f0-stage2_segment_roi_outside_fold0,current-f0-e3b-v0-one-frame-original-geometry,E3b,segment,42,0,b85ea0c87d7d49a446b1d3ff5a513a21433654b1d9098b91f83cca4edd220495,52,val,PKU37,pku_0040,,group,p1_main_fraction,0.9980252331321996,ratio,512x512,640x640,1 px (physical spacing unverified),p1,0.5,0.35,spatial valid AND annotation-valid where available,p0-p3-v1,sabids-evaluator-v0-20260828,1.0,1.0,1.0,runs/current/stage2_segment_roi_outside_fold0/validity_v0/group_metrics.csv,pku_0040;column=p1_main_fraction,observed,
current-f0-stage2_segment_roi_outside_fold0,current-f0-e3b-v0-one-frame-original-geometry,E3b,segment,42,0,b85ea0c87d7d49a446b1d3ff5a513a21433654b1d9098b91f83cca4edd220495,52,val,PKU37,pku_0040,,group,p1_cleanup_failed,0.0,ratio,512x512,640x640,1 px (physical spacing unverified),p1,0.5,0.35,spatial valid AND annotation-valid where available,p0-p3-v1,sabids-evaluator-v0-20260828,1.0,1.0,1.0,runs/current/stage2_segment_roi_outside_fold0/validity_v0/group_metrics.csv,pku_0040;column=p1_cleanup_failed,observed,
current-f0-stage2_segment_roi_outside_fold0,current-f0-e3b-v0-one-frame-original-geometry,E3b,segment,42,0,b85ea0c87d7d49a446b1d3ff5a513a21433654b1d9098b91f83cca4edd220495,52,val,PKU37,pku_0040,,group,p2_empty_input,0.0,ratio,512x512,640x640,1 px (physical spacing unverified),p2,0.5,0.35,spatial valid AND annotation-valid where available,p0-p3-v1,sabids-evaluator-v0-20260828,1.0,1.0,1.0,runs/current/stage2_segment_roi_outside_fold0/validity_v0/group_metrics.csv,pku_0040;column=p2_empty_input,observed,
current-f0-stage2_segment_roi_outside_fold0,current-f0-e3b-v0-one-frame-original-geometry,E3b,segment,42,0,b85ea0c87d7d49a446b1d3ff5a513a21433654b1d9098b91f83cca4edd220495,52,val,PKU37,pku_0040,,group,p2_changed_columns,35.0,ratio,512x512,640x640,1 px (physical spacing unverified),p2,0.5,0.35,spatial valid AND annotation-valid where available,p0-p3-v1,sabids-evaluator-v0-20260828,1.0,1.0,1.0,runs/current/stage2_segment_roi_outside_fold0/validity_v0/group_metrics.csv,pku_0040;column=p2_changed_columns,observed,
current-f0-stage2_segment_roi_outside_fold0,current-f0-e3b-v0-one-frame-original-geometry,E3b,segment,42,0,b85ea0c87d7d49a446b1d3ff5a513a21433654b1d9098b91f83cca4edd220495,52,val,PKU37,pku_0040,,group,p2_mean_abs_displacement,0.1265625,px,512x512,640x640,1 px (physical spacing unverified),p2,0.5,0.35,spatial valid AND annotation-valid where available,p0-p3-v1,sabids-evaluator-v0-20260828,1.0,1.0,1.0,runs/current/stage2_segment_roi_outside_fold0/validity_v0/group_metrics.csv,pku_0040;column=p2_mean_abs_displacement,observed,
current-f0-stage2_segment_roi_outside_fold0,current-f0-e3b-v0-one-frame-original-geometry,E3b,segment,42,0,b85ea0c87d7d49a446b1d3ff5a513a21433654b1d9098b91f83cca4edd220495,52,val,PKU37,pku_0040,,group,p2_max_abs_displacement,8.0,px,512x512,640x640,1 px (physical spacing unverified),p2,0.5,0.35,spatial valid AND annotation-valid where available,p0-p3-v1,sabids-evaluator-v0-20260828,1.0,1.0,1.0,runs/current/stage2_segment_roi_outside_fold0/validity_v0/group_metrics.csv,pku_0040;column=p2_max_abs_displacement,observed,
current-f0-stage2_segment_roi_outside_fold0,current-f0-e3b-v0-one-frame-original-geometry,E3b,segment,42,0,b85ea0c87d7d49a446b1d3ff5a513a21433654b1d9098b91f83cca4edd220495,52,val,PKU37,pku_0040,,group,p2_regularization_failed,0.0,ratio,512x512,640x640,1 px (physical spacing unverified),p2,0.5,0.35,spatial valid AND annotation-valid where available,p0-p3-v1,sabids-evaluator-v0-20260828,1.0,1.0,1.0,runs/current/stage2_segment_roi_outside_fold0/validity_v0/group_metrics.csv,pku_0040;column=p2_regularization_failed,observed,
current-f0-stage2_segment_roi_outside_fold0,current-f0-e3b-v0-one-frame-original-geometry,E3b,segment,42,0,b85ea0c87d7d49a446b1d3ff5a513a21433654b1d9098b91f83cca4edd220495,52,val,PKU37,pku_0040,,group,p0_layer_dice,0.9481715993174784,ratio,512x512,640x640,1 px (physical spacing unverified),p0,0.5,0.35,spatial valid AND annotation-valid where available,p0-p3-v1,sabids-evaluator-v0-20260828,1.0,1.0,1.0,runs/current/stage2_segment_roi_outside_fold0/validity_v0/group_metrics.csv,pku_0040;column=p0_layer_dice,observed,
current-f0-stage2_segment_roi_outside_fold0,current-f0-e3b-v0-one-frame-original-geometry,E3b,segment,42,0,b85ea0c87d7d49a446b1d3ff5a513a21433654b1d9098b91f83cca4edd220495,52,val,PKU37,pku_0040,,group,p0_layer_iou,0.90145084379077,ratio,512x512,640x640,1 px (physical spacing unverified),p0,0.5,0.35,spatial valid AND annotation-valid where available,p0-p3-v1,sabids-evaluator-v0-20260828,1.0,1.0,1.0,runs/current/stage2_segment_roi_outside_fold0/validity_v0/group_metrics.csv,pku_0040;column=p0_layer_iou,observed,
current-f0-stage2_segment_roi_outside_fold0,current-f0-e3b-v0-one-frame-original-geometry,E3b,segment,42,0,b85ea0c87d7d49a446b1d3ff5a513a21433654b1d9098b91f83cca4edd220495,52,val,PKU37,pku_0040,,group,p0_layer_background_iou,0.9836425383817012,ratio,512x512,640x640,1 px (physical spacing unverified),p0,0.5,0.35,spatial valid AND annotation-valid where available,p0-p3-v1,sabids-evaluator-v0-20260828,1.0,1.0,1.0,runs/current/stage2_segment_roi_outside_fold0/validity_v0/group_metrics.csv,pku_0040;column=p0_layer_background_iou,observed,
current-f0-stage2_segment_roi_outside_fold0,current-f0-e3b-v0-one-frame-original-geometry,E3b,segment,42,0,b85ea0c87d7d49a446b1d3ff5a513a21433654b1d9098b91f83cca4edd220495,52,val,PKU37,pku_0040,,group,p0_layer_miou,0.9425466910862356,ratio,512x512,640x640,1 px (physical spacing unverified),p0,0.5,0.35,spatial valid AND annotation-valid where available,p0-p3-v1,sabids-evaluator-v0-20260828,1.0,1.0,1.0,runs/current/stage2_segment_roi_outside_fold0/validity_v0/group_metrics.csv,pku_0040;column=p0_layer_miou,observed,
current-f0-stage2_segment_roi_outside_fold0,current-f0-e3b-v0-one-frame-original-geometry,E3b,segment,42,0,b85ea0c87d7d49a446b1d3ff5a513a21433654b1d9098b91f83cca4edd220495,52,val,PKU37,pku_0040,,group,p0_layer_precision,0.9747668678007904,ratio,512x512,640x640,1 px (physical spacing unverified),p0,0.5,0.35,spatial valid AND annotation-valid where available,p0-p3-v1,sabids-evaluator-v0-20260828,1.0,1.0,1.0,runs/current/stage2_segment_roi_outside_fold0/validity_v0/group_metrics.csv,pku_0040;column=p0_layer_precision,observed,
current-f0-stage2_segment_roi_outside_fold0,current-f0-e3b-v0-one-frame-original-geometry,E3b,segment,42,0,b85ea0c87d7d49a446b1d3ff5a513a21433654b1d9098b91f83cca4edd220495,52,val,PKU37,pku_0040,,group,p0_layer_recall,0.9229890231669554,ratio,512x512,640x640,1 px (physical spacing unverified),p0,0.5,0.35,spatial valid AND annotation-valid where available,p0-p3-v1,sabids-evaluator-v0-20260828,1.0,1.0,1.0,runs/current/stage2_segment_roi_outside_fold0/validity_v0/group_metrics.csv,pku_0040;column=p0_layer_recall,observed,
current-f0-stage2_segment_roi_outside_fold0,current-f0-e3b-v0-one-frame-original-geometry,E3b,segment,42,0,b85ea0c87d7d49a446b1d3ff5a513a21433654b1d9098b91f83cca4edd220495,52,val,PKU37,pku_0040,,group,p0_layer_specificity,0.9960777849148308,ratio,512x512,640x640,1 px (physical spacing unverified),p0,0.5,0.35,spatial valid AND annotation-valid where available,p0-p3-v1,sabids-evaluator-v0-20260828,1.0,1.0,1.0,runs/current/stage2_segment_roi_outside_fold0/validity_v0/group_metrics.csv,pku_0040;column=p0_layer_specificity,observed,
current-f0-stage2_segment_roi_outside_fold0,current-f0-e3b-v0-one-frame-original-geometry,E3b,segment,42,0,b85ea0c87d7d49a446b1d3ff5a513a21433654b1d9098b91f83cca4edd220495,52,val,PKU37,pku_0040,,group,p0_layer_accuracy,0.9857714843750348,ratio,512x512,640x640,1 px (physical spacing unverified),p0,0.5,0.35,spatial valid AND annotation-valid where available,p0-p3-v1,sabids-evaluator-v0-20260828,1.0,1.0,1.0,runs/current/stage2_segment_roi_outside_fold0/validity_v0/group_metrics.csv,pku_0040;column=p0_layer_accuracy,observed,
current-f0-stage2_segment_roi_outside_fold0,current-f0-e3b-v0-one-frame-original-geometry,E3b,segment,42,0,b85ea0c87d7d49a446b1d3ff5a513a21433654b1d9098b91f83cca4edd220495,52,val,PKU37,pku_0040,,group,p0_upper_boundary_mae,3.9078125,px,512x512,640x640,1 px (physical spacing unverified),p0,0.5,0.35,spatial valid AND annotation-valid where available,p0-p3-v1,sabids-evaluator-v0-20260828,1.0,1.0,1.0,runs/current/stage2_segment_roi_outside_fold0/validity_v0/group_metrics.csv,pku_0040;column=p0_upper_boundary_mae,observed,
current-f0-stage2_segment_roi_outside_fold0,current-f0-e3b-v0-one-frame-original-geometry,E3b,segment,42,0,b85ea0c87d7d49a446b1d3ff5a513a21433654b1d9098b91f83cca4edd220495,52,val,PKU37,pku_0040,,group,p0_lower_boundary_mae,6.8453125,px,512x512,640x640,1 px (physical spacing unverified),p0,0.5,0.35,spatial valid AND annotation-valid where available,p0-p3-v1,sabids-evaluator-v0-20260828,1.0,1.0,1.0,runs/current/stage2_segment_roi_outside_fold0/validity_v0/group_metrics.csv,pku_0040;column=p0_lower_boundary_mae,observed,
current-f0-stage2_segment_roi_outside_fold0,current-f0-e3b-v0-one-frame-original-geometry,E3b,segment,42,0,b85ea0c87d7d49a446b1d3ff5a513a21433654b1d9098b91f83cca4edd220495,52,val,PKU37,pku_0040,,group,p0_thickness_mae,8.98125,px,512x512,640x640,1 px (physical spacing unverified),p0,0.5,0.35,spatial valid AND annotation-valid where available,p0-p3-v1,sabids-evaluator-v0-20260828,1.0,1.0,1.0,runs/current/stage2_segment_roi_outside_fold0/validity_v0/group_metrics.csv,pku_0040;column=p0_thickness_mae,observed,
current-f0-stage2_segment_roi_outside_fold0,current-f0-e3b-v0-one-frame-original-geometry,E3b,segment,42,0,b85ea0c87d7d49a446b1d3ff5a513a21433654b1d9098b91f83cca4edd220495,52,val,PKU37,pku_0040,,group,p1_layer_dice,0.9490831404668943,ratio,512x512,640x640,1 px (physical spacing unverified),p1,0.5,0.35,spatial valid AND annotation-valid where available,p0-p3-v1,sabids-evaluator-v0-20260828,1.0,1.0,1.0,runs/current/stage2_segment_roi_outside_fold0/validity_v0/group_metrics.csv,pku_0040;column=p1_layer_dice,observed,
current-f0-stage2_segment_roi_outside_fold0,current-f0-e3b-v0-one-frame-original-geometry,E3b,segment,42,0,b85ea0c87d7d49a446b1d3ff5a513a21433654b1d9098b91f83cca4edd220495,52,val,PKU37,pku_0040,,group,p1_layer_iou,0.9031001185854124,ratio,512x512,640x640,1 px (physical spacing unverified),p1,0.5,0.35,spatial valid AND annotation-valid where available,p0-p3-v1,sabids-evaluator-v0-20260828,1.0,1.0,1.0,runs/current/stage2_segment_roi_outside_fold0/validity_v0/group_metrics.csv,pku_0040;column=p1_layer_iou,observed,
current-f0-stage2_segment_roi_outside_fold0,current-f0-e3b-v0-one-frame-original-geometry,E3b,segment,42,0,b85ea0c87d7d49a446b1d3ff5a513a21433654b1d9098b91f83cca4edd220495,52,val,PKU37,pku_0040,,group,p1_layer_background_iou,0.9839456622414776,ratio,512x512,640x640,1 px (physical spacing unverified),p1,0.5,0.35,spatial valid AND annotation-valid where available,p0-p3-v1,sabids-evaluator-v0-20260828,1.0,1.0,1.0,runs/current/stage2_segment_roi_outside_fold0/validity_v0/group_metrics.csv,pku_0040;column=p1_layer_background_iou,observed,
current-f0-stage2_segment_roi_outside_fold0,current-f0-e3b-v0-one-frame-original-geometry,E3b,segment,42,0,b85ea0c87d7d49a446b1d3ff5a513a21433654b1d9098b91f83cca4edd220495,52,val,PKU37,pku_0040,,group,p1_layer_miou,0.9435228904134452,ratio,512x512,640x640,1 px (physical spacing unverified),p1,0.5,0.35,spatial valid AND annotation-valid where available,p0-p3-v1,sabids-evaluator-v0-20260828,1.0,1.0,1.0,runs/current/stage2_segment_roi_outside_fold0/validity_v0/group_metrics.csv,pku_0040;column=p1_layer_miou,observed,
current-f0-stage2_segment_roi_outside_fold0,current-f0-e3b-v0-one-frame-original-geometry,E3b,segment,42,0,b85ea0c87d7d49a446b1d3ff5a513a21433654b1d9098b91f83cca4edd220495,52,val,PKU37,pku_0040,,group,p1_layer_precision,0.976695613939088,ratio,512x512,640x640,1 px (physical spacing unverified),p1,0.5,0.35,spatial valid AND annotation-valid where available,p0-p3-v1,sabids-evaluator-v0-20260828,1.0,1.0,1.0,runs/current/stage2_segment_roi_outside_fold0/validity_v0/group_metrics.csv,pku_0040;column=p1_layer_precision,observed,
current-f0-stage2_segment_roi_outside_fold0,current-f0-e3b-v0-one-frame-original-geometry,E3b,segment,42,0,b85ea0c87d7d49a446b1d3ff5a513a21433654b1d9098b91f83cca4edd220495,52,val,PKU37,pku_0040,,group,p1_layer_recall,0.9229890231669554,ratio,512x512,640x640,1 px (physical spacing unverified),p1,0.5,0.35,spatial valid AND annotation-valid where available,p0-p3-v1,sabids-evaluator-v0-20260828,1.0,1.0,1.0,runs/current/stage2_segment_roi_outside_fold0/validity_v0/group_metrics.csv,pku_0040;column=p1_layer_recall,observed,
current-f0-stage2_segment_roi_outside_fold0,current-f0-e3b-v0-one-frame-original-geometry,E3b,segment,42,0,b85ea0c87d7d49a446b1d3ff5a513a21433654b1d9098b91f83cca4edd220495,52,val,PKU37,pku_0040,,group,p1_layer_specificity,0.996384740878018,ratio,512x512,640x640,1 px (physical spacing unverified),p1,0.5,0.35,spatial valid AND annotation-valid where available,p0-p3-v1,sabids-evaluator-v0-20260828,1.0,1.0,1.0,runs/current/stage2_segment_roi_outside_fold0/validity_v0/group_metrics.csv,pku_0040;column=p1_layer_specificity,observed,
current-f0-stage2_segment_roi_outside_fold0,current-f0-e3b-v0-one-frame-original-geometry,E3b,segment,42,0,b85ea0c87d7d49a446b1d3ff5a513a21433654b1d9098b91f83cca4edd220495,52,val,PKU37,pku_0040,,group,p1_layer_accuracy,0.986035156250034,ratio,512x512,640x640,1 px (physical spacing unverified),p1,0.5,0.35,spatial valid AND annotation-valid where available,p0-p3-v1,sabids-evaluator-v0-20260828,1.0,1.0,1.0,runs/current/stage2_segment_roi_outside_fold0/validity_v0/group_metrics.csv,pku_0040;column=p1_layer_accuracy,observed,
current-f0-stage2_segment_roi_outside_fold0,current-f0-e3b-v0-one-frame-original-geometry,E3b,segment,42,0,b85ea0c87d7d49a446b1d3ff5a513a21433654b1d9098b91f83cca4edd220495,52,val,PKU37,pku_0040,,group,p1_upper_boundary_mae,1.721875,px,512x512,640x640,1 px (physical spacing unverified),p1,0.5,0.35,spatial valid AND annotation-valid where available,p0-p3-v1,sabids-evaluator-v0-20260828,1.0,1.0,1.0,runs/current/stage2_segment_roi_outside_fold0/validity_v0/group_metrics.csv,pku_0040;column=p1_upper_boundary_mae,observed,
current-f0-stage2_segment_roi_outside_fold0,current-f0-e3b-v0-one-frame-original-geometry,E3b,segment,42,0,b85ea0c87d7d49a446b1d3ff5a513a21433654b1d9098b91f83cca4edd220495,52,val,PKU37,pku_0040,,group,p1_lower_boundary_mae,6.8453125,px,512x512,640x640,1 px (physical spacing unverified),p1,0.5,0.35,spatial valid AND annotation-valid where available,p0-p3-v1,sabids-evaluator-v0-20260828,1.0,1.0,1.0,runs/current/stage2_segment_roi_outside_fold0/validity_v0/group_metrics.csv,pku_0040;column=p1_lower_boundary_mae,observed,
current-f0-stage2_segment_roi_outside_fold0,current-f0-e3b-v0-one-frame-original-geometry,E3b,segment,42,0,b85ea0c87d7d49a446b1d3ff5a513a21433654b1d9098b91f83cca4edd220495,52,val,PKU37,pku_0040,,group,p1_thickness_mae,6.8421875,px,512x512,640x640,1 px (physical spacing unverified),p1,0.5,0.35,spatial valid AND annotation-valid where available,p0-p3-v1,sabids-evaluator-v0-20260828,1.0,1.0,1.0,runs/current/stage2_segment_roi_outside_fold0/validity_v0/group_metrics.csv,pku_0040;column=p1_thickness_mae,observed,
current-f0-stage2_segment_roi_outside_fold0,current-f0-e3b-v0-one-frame-original-geometry,E3b,segment,42,0,b85ea0c87d7d49a446b1d3ff5a513a21433654b1d9098b91f83cca4edd220495,52,val,PKU37,pku_0040,,group,p2_layer_dice,0.9514707972151532,ratio,512x512,640x640,1 px (physical spacing unverified),p2,0.5,0.35,spatial valid AND annotation-valid where available,p0-p3-v1,sabids-evaluator-v0-20260828,1.0,1.0,1.0,runs/current/stage2_segment_roi_outside_fold0/validity_v0/group_metrics.csv,pku_0040;column=p2_layer_dice,observed,
current-f0-stage2_segment_roi_outside_fold0,current-f0-e3b-v0-one-frame-original-geometry,E3b,segment,42,0,b85ea0c87d7d49a446b1d3ff5a513a21433654b1d9098b91f83cca4edd220495,52,val,PKU37,pku_0040,,group,p2_layer_iou,0.9074337602509414,ratio,512x512,640x640,1 px (physical spacing unverified),p2,0.5,0.35,spatial valid AND annotation-valid where available,p0-p3-v1,sabids-evaluator-v0-20260828,1.0,1.0,1.0,runs/current/stage2_segment_roi_outside_fold0/validity_v0/group_metrics.csv,pku_0040;column=p2_layer_iou,observed,
current-f0-stage2_segment_roi_outside_fold0,current-f0-e3b-v0-one-frame-original-geometry,E3b,segment,42,0,b85ea0c87d7d49a446b1d3ff5a513a21433654b1d9098b91f83cca4edd220495,52,val,PKU37,pku_0040,,group,p2_layer_background_iou,0.9846532373131238,ratio,512x512,640x640,1 px (physical spacing unverified),p2,0.5,0.35,spatial valid AND annotation-valid where available,p0-p3-v1,sabids-evaluator-v0-20260828,1.0,1.0,1.0,runs/current/stage2_segment_roi_outside_fold0/validity_v0/group_metrics.csv,pku_0040;column=p2_layer_background_iou,observed,
current-f0-stage2_segment_roi_outside_fold0,current-f0-e3b-v0-one-frame-original-geometry,E3b,segment,42,0,b85ea0c87d7d49a446b1d3ff5a513a21433654b1d9098b91f83cca4edd220495,52,val,PKU37,pku_0040,,group,p2_layer_miou,0.9460434987820324,ratio,512x512,640x640,1 px (physical spacing unverified),p2,0.5,0.35,spatial valid AND annotation-valid where available,p0-p3-v1,sabids-evaluator-v0-20260828,1.0,1.0,1.0,runs/current/stage2_segment_roi_outside_fold0/validity_v0/group_metrics.csv,pku_0040;column=p2_layer_miou,observed,
current-f0-stage2_segment_roi_outside_fold0,current-f0-e3b-v0-one-frame-original-geometry,E3b,segment,42,0,b85ea0c87d7d49a446b1d3ff5a513a21433654b1d9098b91f83cca4edd220495,52,val,PKU37,pku_0040,,group,p2_layer_precision,0.9768391873659256,ratio,512x512,640x640,1 px (physical spacing unverified),p2,0.5,0.35,spatial valid AND annotation-valid where available,p0-p3-v1,sabids-evaluator-v0-20260828,1.0,1.0,1.0,runs/current/stage2_segment_roi_outside_fold0/validity_v0/group_metrics.csv,pku_0040;column=p2_layer_precision,observed,
current-f0-stage2_segment_roi_outside_fold0,current-f0-e3b-v0-one-frame-original-geometry,E3b,segment,42,0,b85ea0c87d7d49a446b1d3ff5a513a21433654b1d9098b91f83cca4edd220495,52,val,PKU37,pku_0040,,group,p2_layer_recall,0.927386682365605,ratio,512x512,640x640,1 px (physical spacing unverified),p2,0.5,0.35,spatial valid AND annotation-valid where available,p0-p3-v1,sabids-evaluator-v0-20260828,1.0,1.0,1.0,runs/current/stage2_segment_roi_outside_fold0/validity_v0/group_metrics.csv,pku_0040;column=p2_layer_recall,observed,
current-f0-stage2_segment_roi_outside_fold0,current-f0-e3b-v0-one-frame-original-geometry,E3b,segment,42,0,b85ea0c87d7d49a446b1d3ff5a513a21433654b1d9098b91f83cca4edd220495,52,val,PKU37,pku_0040,,group,p2_layer_specificity,0.9963904252477068,ratio,512x512,640x640,1 px (physical spacing unverified),p2,0.5,0.35,spatial valid AND annotation-valid where available,p0-p3-v1,sabids-evaluator-v0-20260828,1.0,1.0,1.0,runs/current/stage2_segment_roi_outside_fold0/validity_v0/group_metrics.csv,pku_0040;column=p2_layer_specificity,observed,
current-f0-stage2_segment_roi_outside_fold0,current-f0-e3b-v0-one-frame-original-geometry,E3b,segment,42,0,b85ea0c87d7d49a446b1d3ff5a513a21433654b1d9098b91f83cca4edd220495,52,val,PKU37,pku_0040,,group,p2_layer_accuracy,0.9866601562500326,ratio,512x512,640x640,1 px (physical spacing unverified),p2,0.5,0.35,spatial valid AND annotation-valid where available,p0-p3-v1,sabids-evaluator-v0-20260828,1.0,1.0,1.0,runs/current/stage2_segment_roi_outside_fold0/validity_v0/group_metrics.csv,pku_0040;column=p2_layer_accuracy,observed,
current-f0-stage2_segment_roi_outside_fold0,current-f0-e3b-v0-one-frame-original-geometry,E3b,segment,42,0,b85ea0c87d7d49a446b1d3ff5a513a21433654b1d9098b91f83cca4edd220495,52,val,PKU37,pku_0040,,group,p2_upper_boundary_mae,1.721875,px,512x512,640x640,1 px (physical spacing unverified),p2,0.5,0.35,spatial valid AND annotation-valid where available,p0-p3-v1,sabids-evaluator-v0-20260828,1.0,1.0,1.0,runs/current/stage2_segment_roi_outside_fold0/validity_v0/group_metrics.csv,pku_0040;column=p2_upper_boundary_mae,observed,
current-f0-stage2_segment_roi_outside_fold0,current-f0-e3b-v0-one-frame-original-geometry,E3b,segment,42,0,b85ea0c87d7d49a446b1d3ff5a513a21433654b1d9098b91f83cca4edd220495,52,val,PKU37,pku_0040,,group,p2_lower_boundary_mae,6.815625,px,512x512,640x640,1 px (physical spacing unverified),p2,0.5,0.35,spatial valid AND annotation-valid where available,p0-p3-v1,sabids-evaluator-v0-20260828,1.0,1.0,1.0,runs/current/stage2_segment_roi_outside_fold0/validity_v0/group_metrics.csv,pku_0040;column=p2_lower_boundary_mae,observed,
current-f0-stage2_segment_roi_outside_fold0,current-f0-e3b-v0-one-frame-original-geometry,E3b,segment,42,0,b85ea0c87d7d49a446b1d3ff5a513a21433654b1d9098b91f83cca4edd220495,52,val,PKU37,pku_0040,,group,p2_thickness_mae,6.8125,px,512x512,640x640,1 px (physical spacing unverified),p2,0.5,0.35,spatial valid AND annotation-valid where available,p0-p3-v1,sabids-evaluator-v0-20260828,1.0,1.0,1.0,runs/current/stage2_segment_roi_outside_fold0/validity_v0/group_metrics.csv,pku_0040;column=p2_thickness_mae,observed,
current-f0-stage2_segment_roi_outside_fold0,current-f0-e3b-v0-one-frame-original-geometry,E3b,segment,42,0,b85ea0c87d7d49a446b1d3ff5a513a21433654b1d9098b91f83cca4edd220495,52,val,PKU37,pku_0040,,group,p0_vessel_dice,0.7728122206920287,ratio,512x512,640x640,1 px (physical spacing unverified),p0,0.5,0.35,spatial valid AND annotation-valid where available,p0-p3-v1,sabids-evaluator-v0-20260828,1.0,1.0,1.0,runs/current/stage2_segment_roi_outside_fold0/validity_v0/group_metrics.csv,pku_0040;column=p0_vessel_dice,observed,
current-f0-stage2_segment_roi_outside_fold0,current-f0-e3b-v0-one-frame-original-geometry,E3b,segment,42,0,b85ea0c87d7d49a446b1d3ff5a513a21433654b1d9098b91f83cca4edd220495,52,val,PKU37,pku_0040,,group,p0_vessel_iou,0.6297424352900172,ratio,512x512,640x640,1 px (physical spacing unverified),p0,0.5,0.35,spatial valid AND annotation-valid where available,p0-p3-v1,sabids-evaluator-v0-20260828,1.0,1.0,1.0,runs/current/stage2_segment_roi_outside_fold0/validity_v0/group_metrics.csv,pku_0040;column=p0_vessel_iou,observed,
current-f0-stage2_segment_roi_outside_fold0,current-f0-e3b-v0-one-frame-original-geometry,E3b,segment,42,0,b85ea0c87d7d49a446b1d3ff5a513a21433654b1d9098b91f83cca4edd220495,52,val,PKU37,pku_0040,,group,p0_vessel_background_iou,0.9713655146988018,ratio,512x512,640x640,1 px (physical spacing unverified),p0,0.5,0.35,spatial valid AND annotation-valid where available,p0-p3-v1,sabids-evaluator-v0-20260828,1.0,1.0,1.0,runs/current/stage2_segment_roi_outside_fold0/validity_v0/group_metrics.csv,pku_0040;column=p0_vessel_background_iou,observed,
current-f0-stage2_segment_roi_outside_fold0,current-f0-e3b-v0-one-frame-original-geometry,E3b,segment,42,0,b85ea0c87d7d49a446b1d3ff5a513a21433654b1d9098b91f83cca4edd220495,52,val,PKU37,pku_0040,,group,p0_vessel_miou,0.8005539749944095,ratio,512x512,640x640,1 px (physical spacing unverified),p0,0.5,0.35,spatial valid AND annotation-valid where available,p0-p3-v1,sabids-evaluator-v0-20260828,1.0,1.0,1.0,runs/current/stage2_segment_roi_outside_fold0/validity_v0/group_metrics.csv,pku_0040;column=p0_vessel_miou,observed,
current-f0-stage2_segment_roi_outside_fold0,current-f0-e3b-v0-one-frame-original-geometry,E3b,segment,42,0,b85ea0c87d7d49a446b1d3ff5a513a21433654b1d9098b91f83cca4edd220495,52,val,PKU37,pku_0040,,group,p0_vessel_precision,0.713824677284831,ratio,512x512,640x640,1 px (physical spacing unverified),p0,0.5,0.35,spatial valid AND annotation-valid where available,p0-p3-v1,sabids-evaluator-v0-20260828,1.0,1.0,1.0,runs/current/stage2_segment_roi_outside_fold0/validity_v0/group_metrics.csv,pku_0040;column=p0_vessel_precision,observed,
current-f0-stage2_segment_roi_outside_fold0,current-f0-e3b-v0-one-frame-original-geometry,E3b,segment,42,0,b85ea0c87d7d49a446b1d3ff5a513a21433654b1d9098b91f83cca4edd220495,52,val,PKU37,pku_0040,,group,p0_vessel_recall,0.8424269264905923,ratio,512x512,640x640,1 px (physical spacing unverified),p0,0.5,0.35,spatial valid AND annotation-valid where available,p0-p3-v1,sabids-evaluator-v0-20260828,1.0,1.0,1.0,runs/current/stage2_segment_roi_outside_fold0/validity_v0/group_metrics.csv,pku_0040;column=p0_vessel_recall,observed,
current-f0-stage2_segment_roi_outside_fold0,current-f0-e3b-v0-one-frame-original-geometry,E3b,segment,42,0,b85ea0c87d7d49a446b1d3ff5a513a21433654b1d9098b91f83cca4edd220495,52,val,PKU37,pku_0040,,group,p0_vessel_specificity,0.9802955919591227,ratio,512x512,640x640,1 px (physical spacing unverified),p0,0.5,0.35,spatial valid AND annotation-valid where available,p0-p3-v1,sabids-evaluator-v0-20260828,1.0,1.0,1.0,runs/current/stage2_segment_roi_outside_fold0/validity_v0/group_metrics.csv,pku_0040;column=p0_vessel_specificity,observed,
current-f0-stage2_segment_roi_outside_fold0,current-f0-e3b-v0-one-frame-original-geometry,E3b,segment,42,0,b85ea0c87d7d49a446b1d3ff5a513a21433654b1d9098b91f83cca4edd220495,52,val,PKU37,pku_0040,,group,p0_vessel_accuracy,0.9726953125000668,ratio,512x512,640x640,1 px (physical spacing unverified),p0,0.5,0.35,spatial valid AND annotation-valid where available,p0-p3-v1,sabids-evaluator-v0-20260828,1.0,1.0,1.0,runs/current/stage2_segment_roi_outside_fold0/validity_v0/group_metrics.csv,pku_0040;column=p0_vessel_accuracy,observed,
current-f0-stage2_segment_roi_outside_fold0,current-f0-e3b-v0-one-frame-original-geometry,E3b,segment,42,0,b85ea0c87d7d49a446b1d3ff5a513a21433654b1d9098b91f83cca4edd220495,52,val,PKU37,pku_0040,,group,p3_raw_pixels,26648.0,px,512x512,640x640,1 px (physical spacing unverified),p3,0.5,0.35,spatial valid AND annotation-valid where available,p0-p3-v1,sabids-evaluator-v0-20260828,1.0,1.0,1.0,runs/current/stage2_segment_roi_outside_fold0/validity_v0/group_metrics.csv,pku_0040;column=p3_raw_pixels,observed,
current-f0-stage2_segment_roi_outside_fold0,current-f0-e3b-v0-one-frame-original-geometry,E3b,segment,42,0,b85ea0c87d7d49a446b1d3ff5a513a21433654b1d9098b91f83cca4edd220495,52,val,PKU37,pku_0040,,group,p3_final_pixels,25658.0,px,512x512,640x640,1 px (physical spacing unverified),p3,0.5,0.35,spatial valid AND annotation-valid where available,p0-p3-v1,sabids-evaluator-v0-20260828,1.0,1.0,1.0,runs/current/stage2_segment_roi_outside_fold0/validity_v0/group_metrics.csv,pku_0040;column=p3_final_pixels,observed,
current-f0-stage2_segment_roi_outside_fold0,current-f0-e3b-v0-one-frame-original-geometry,E3b,segment,42,0,b85ea0c87d7d49a446b1d3ff5a513a21433654b1d9098b91f83cca4edd220495,52,val,PKU37,pku_0040,,group,p3_removed_pixels,990.0,px,512x512,640x640,1 px (physical spacing unverified),p3,0.5,0.35,spatial valid AND annotation-valid where available,p0-p3-v1,sabids-evaluator-v0-20260828,1.0,1.0,1.0,runs/current/stage2_segment_roi_outside_fold0/validity_v0/group_metrics.csv,pku_0040;column=p3_removed_pixels,observed,
current-f0-stage2_segment_roi_outside_fold0,current-f0-e3b-v0-one-frame-original-geometry,E3b,segment,42,0,b85ea0c87d7d49a446b1d3ff5a513a21433654b1d9098b91f83cca4edd220495,52,val,PKU37,pku_0040,,group,p3_removed_fraction,0.0371510057039927,ratio,512x512,640x640,1 px (physical spacing unverified),p3,0.5,0.35,spatial valid AND annotation-valid where available,p0-p3-v1,sabids-evaluator-v0-20260828,1.0,1.0,1.0,runs/current/stage2_segment_roi_outside_fold0/validity_v0/group_metrics.csv,pku_0040;column=p3_removed_fraction,observed,
current-f0-stage2_segment_roi_outside_fold0,current-f0-e3b-v0-one-frame-original-geometry,E3b,segment,42,0,b85ea0c87d7d49a446b1d3ff5a513a21433654b1d9098b91f83cca4edd220495,52,val,PKU37,pku_0040,,group,p3_empty_raw,0.0,ratio,512x512,640x640,1 px (physical spacing unverified),p3,0.5,0.35,spatial valid AND annotation-valid where available,p0-p3-v1,sabids-evaluator-v0-20260828,1.0,1.0,1.0,runs/current/stage2_segment_roi_outside_fold0/validity_v0/group_metrics.csv,pku_0040;column=p3_empty_raw,observed,
current-f0-stage2_segment_roi_outside_fold0,current-f0-e3b-v0-one-frame-original-geometry,E3b,segment,42,0,b85ea0c87d7d49a446b1d3ff5a513a21433654b1d9098b91f83cca4edd220495,52,val,PKU37,pku_0040,,group,p3_empty_final,0.0,ratio,512x512,640x640,1 px (physical spacing unverified),p3,0.5,0.35,spatial valid AND annotation-valid where available,p0-p3-v1,sabids-evaluator-v0-20260828,1.0,1.0,1.0,runs/current/stage2_segment_roi_outside_fold0/validity_v0/group_metrics.csv,pku_0040;column=p3_empty_final,observed,
current-f0-stage2_segment_roi_outside_fold0,current-f0-e3b-v0-one-frame-original-geometry,E3b,segment,42,0,b85ea0c87d7d49a446b1d3ff5a513a21433654b1d9098b91f83cca4edd220495,52,val,PKU37,pku_0040,,group,p3_outside_final_layer_pixels,0.0,px,512x512,640x640,1 px (physical spacing unverified),p3,0.5,0.35,spatial valid AND annotation-valid where available,p0-p3-v1,sabids-evaluator-v0-20260828,1.0,1.0,1.0,runs/current/stage2_segment_roi_outside_fold0/validity_v0/group_metrics.csv,pku_0040;column=p3_outside_final_layer_pixels,observed,
current-f0-stage2_segment_roi_outside_fold0,current-f0-e3b-v0-one-frame-original-geometry,E3b,segment,42,0,b85ea0c87d7d49a446b1d3ff5a513a21433654b1d9098b91f83cca4edd220495,52,val,PKU37,pku_0040,,group,p3_removed_tp,19.0,ratio,512x512,640x640,1 px (physical spacing unverified),p3,0.5,0.35,spatial valid AND annotation-valid where available,p0-p3-v1,sabids-evaluator-v0-20260828,1.0,1.0,1.0,runs/current/stage2_segment_roi_outside_fold0/validity_v0/group_metrics.csv,pku_0040;column=p3_removed_tp,observed,
current-f0-stage2_segment_roi_outside_fold0,current-f0-e3b-v0-one-frame-original-geometry,E3b,segment,42,0,b85ea0c87d7d49a446b1d3ff5a513a21433654b1d9098b91f83cca4edd220495,52,val,PKU37,pku_0040,,group,p3_removed_fp,971.0,ratio,512x512,640x640,1 px (physical spacing unverified),p3,0.5,0.35,spatial valid AND annotation-valid where available,p0-p3-v1,sabids-evaluator-v0-20260828,1.0,1.0,1.0,runs/current/stage2_segment_roi_outside_fold0/validity_v0/group_metrics.csv,pku_0040;column=p3_removed_fp,observed,
current-f0-stage2_segment_roi_outside_fold0,current-f0-e3b-v0-one-frame-original-geometry,E3b,segment,42,0,b85ea0c87d7d49a446b1d3ff5a513a21433654b1d9098b91f83cca4edd220495,52,val,PKU37,pku_0040,,group,p3_vessel_dice,0.7878850698663319,ratio,512x512,640x640,1 px (physical spacing unverified),p3,0.5,0.35,spatial valid AND annotation-valid where available,p0-p3-v1,sabids-evaluator-v0-20260828,1.0,1.0,1.0,runs/current/stage2_segment_roi_outside_fold0/validity_v0/group_metrics.csv,pku_0040;column=p3_vessel_dice,observed,
current-f0-stage2_segment_roi_outside_fold0,current-f0-e3b-v0-one-frame-original-geometry,E3b,segment,42,0,b85ea0c87d7d49a446b1d3ff5a513a21433654b1d9098b91f83cca4edd220495,52,val,PKU37,pku_0040,,group,p3_vessel_iou,0.6500085514058489,ratio,512x512,640x640,1 px (physical spacing unverified),p3,0.5,0.35,spatial valid AND annotation-valid where available,p0-p3-v1,sabids-evaluator-v0-20260828,1.0,1.0,1.0,runs/current/stage2_segment_roi_outside_fold0/validity_v0/group_metrics.csv,pku_0040;column=p3_vessel_iou,observed,
current-f0-stage2_segment_roi_outside_fold0,current-f0-e3b-v0-one-frame-original-geometry,E3b,segment,42,0,b85ea0c87d7d49a446b1d3ff5a513a21433654b1d9098b91f83cca4edd220495,52,val,PKU37,pku_0040,,group,p3_vessel_background_iou,0.9738042022852867,ratio,512x512,640x640,1 px (physical spacing unverified),p3,0.5,0.35,spatial valid AND annotation-valid where available,p0-p3-v1,sabids-evaluator-v0-20260828,1.0,1.0,1.0,runs/current/stage2_segment_roi_outside_fold0/validity_v0/group_metrics.csv,pku_0040;column=p3_vessel_background_iou,observed,
current-f0-stage2_segment_roi_outside_fold0,current-f0-e3b-v0-one-frame-original-geometry,E3b,segment,42,0,b85ea0c87d7d49a446b1d3ff5a513a21433654b1d9098b91f83cca4edd220495,52,val,PKU37,pku_0040,,group,p3_vessel_miou,0.8119063768455679,ratio,512x512,640x640,1 px (physical spacing unverified),p3,0.5,0.35,spatial valid AND annotation-valid where available,p0-p3-v1,sabids-evaluator-v0-20260828,1.0,1.0,1.0,runs/current/stage2_segment_roi_outside_fold0/validity_v0/group_metrics.csv,pku_0040;column=p3_vessel_miou,observed,
current-f0-stage2_segment_roi_outside_fold0,current-f0-e3b-v0-one-frame-original-geometry,E3b,segment,42,0,b85ea0c87d7d49a446b1d3ff5a513a21433654b1d9098b91f83cca4edd220495,52,val,PKU37,pku_0040,,group,p3_vessel_precision,0.7406267051313187,ratio,512x512,640x640,1 px (physical spacing unverified),p3,0.5,0.35,spatial valid AND annotation-valid where available,p0-p3-v1,sabids-evaluator-v0-20260828,1.0,1.0,1.0,runs/current/stage2_segment_roi_outside_fold0/validity_v0/group_metrics.csv,pku_0040;column=p3_vessel_precision,observed,
current-f0-stage2_segment_roi_outside_fold0,current-f0-e3b-v0-one-frame-original-geometry,E3b,segment,42,0,b85ea0c87d7d49a446b1d3ff5a513a21433654b1d9098b91f83cca4edd220495,52,val,PKU37,pku_0040,,group,p3_vessel_recall,0.8415854738776978,ratio,512x512,640x640,1 px (physical spacing unverified),p3,0.5,0.35,spatial valid AND annotation-valid where available,p0-p3-v1,sabids-evaluator-v0-20260828,1.0,1.0,1.0,runs/current/stage2_segment_roi_outside_fold0/validity_v0/group_metrics.csv,pku_0040;column=p3_vessel_recall,observed,
current-f0-stage2_segment_roi_outside_fold0,current-f0-e3b-v0-one-frame-original-geometry,E3b,segment,42,0,b85ea0c87d7d49a446b1d3ff5a513a21433654b1d9098b91f83cca4edd220495,52,val,PKU37,pku_0040,,group,p3_vessel_specificity,0.9828045062271128,ratio,512x512,640x640,1 px (physical spacing unverified),p3,0.5,0.35,spatial valid AND annotation-valid where available,p0-p3-v1,sabids-evaluator-v0-20260828,1.0,1.0,1.0,runs/current/stage2_segment_roi_outside_fold0/validity_v0/group_metrics.csv,pku_0040;column=p3_vessel_specificity,observed,
current-f0-stage2_segment_roi_outside_fold0,current-f0-e3b-v0-one-frame-original-geometry,E3b,segment,42,0,b85ea0c87d7d49a446b1d3ff5a513a21433654b1d9098b91f83cca4edd220495,52,val,PKU37,pku_0040,,group,p3_vessel_accuracy,0.975019531250061,ratio,512x512,640x640,1 px (physical spacing unverified),p3,0.5,0.35,spatial valid AND annotation-valid where available,p0-p3-v1,sabids-evaluator-v0-20260828,1.0,1.0,1.0,runs/current/stage2_segment_roi_outside_fold0/validity_v0/group_metrics.csv,pku_0040;column=p3_vessel_accuracy,observed,
current-f0-stage2_segment_roi_outside_fold0,current-f0-e3b-v0-one-frame-original-geometry,E3b,segment,42,0,b85ea0c87d7d49a446b1d3ff5a513a21433654b1d9098b91f83cca4edd220495,52,val,PKU37,pku_0040,,group,n_evaluated_frames,1.0,ratio,512x512,640x640,1 px (physical spacing unverified),raw,0.5,0.35,spatial valid AND annotation-valid where available,none,sabids-evaluator-v0-20260828,1.0,1.0,1.0,runs/current/stage2_segment_roi_outside_fold0/validity_v0/group_metrics.csv,pku_0040;column=n_evaluated_frames,observed,
